txn_id,trade_ref_no,split_seq_no,advisor_sid,acct_key,product_id,month_id,trade_dt,proc_dt,days_to_process,credited_amt,non_credited_amt,pre_split_amt,split_pct,reason_cd,is_credited,standard_rate_bps,client_rate_bps,discount_amt,eff_disc_pct,grid_reduction,rpg,concession_type,file_key,trade_description
100001|1|V000001,100001,1,V000001,1597,OIS1|,202604,2026-04-21 00:00:00,2026-04-21 00:00:00,5,2039.21,0.00,2399.07,0.85,__NONE__,true,0.00,0.00,0.00,0.0,0.00,RPG000,STD,daily_trade_details,Managed Accounts — OIS1
100002|1|V000001,100002,1,V000001,1639,OIS1|,202604,2026-04-10 00:00:00,2026-04-10 00:00:00,4,1523.45,0.00,1792.29,0.85,__NONE__,true,0.00,0.00,0.00,0.0,0.00,,STD,daily_trade_details,Managed Accounts — OIS1
100003|1|V000001,100003,1,V000001,1632,UMA|,202604,2026-04-06 00:00:00,2026-04-06 00:00:00,1,656.78,0.00,772.68,0.85,__NONE__,true,0.00,0.00,0.00,0.0,0.00,RPG005,STD,daily_trade_details,Managed – Unified Managed Accounts
100004|1|V000001,100004,1,V000001,1639,UMA|,202604,2026-04-01 00:00:00,2026-04-01 00:00:00,2,1714.32,0.00,2016.85,0.85,__NONE__,true,0.00,0.00,0.00,0.0,0.00,,STD,daily_trade_details,Managed – Unified Managed Accounts
100005|1|V000001,100005,1,V000001,1618,ATMF|,202604,2026-04-21 00:00:00,2026-04-21 00:00:00,5,454.77,0.00,535.02,0.85,__NONE__,true,0.00,0.00,0.00,0.0,0.00,,STD,daily_trade_details,Trails – Mutual Funds
100006|1|V000001,100006,1,V000001,1597,ATMF|,202604,2026-04-10 00:00:00,2026-04-10 00:00:00,5,0.00,862.89,1015.16,0.85,ADJ,false,0.00,0.00,0.00,0.0,0.00,RPG000,STD,daily_trade_details,Trails – Mutual Funds
100007|1|V000001,100007,1,V000001,1618,ITMF|,202604,2026-04-07 00:00:00,2026-04-07 00:00:00,5,2035.09,0.00,2394.22,0.85,__NONE__,true,0.00,0.00,0.00,0.0,0.00,,STD,daily_trade_details,Trails – Life & Annuities — ITMF
100008|1|V000001,100008,1,V000001,1625,ITMF|,202604,2026-04-27 00:00:00,2026-04-27 00:00:00,3,838.57,0.00,986.55,0.85,__NONE__,true,0.00,0.00,0.00,0.0,0.00,RPG004,STD,daily_trade_details,Trails – Life & Annuities — ITMF
100009|1|V000001,100009,1,V000001,1660,MMKT|,202604,2026-04-15 00:00:00,2026-04-15 00:00:00,2,1675.21,0.00,1970.84,0.85,__NONE__,true,0.00,0.00,0.00,0.0,0.00,,STD,daily_trade_details,Cash Management – Money Market Funds
100010|1|V000001,100010,1,V000001,1625,MMKT|,202604,2026-04-23 00:00:00,2026-04-23 00:00:00,2,2315.39,0.00,2723.99,0.85,__NONE__,true,0.00,0.00,0.00,0.0,0.00,RPG004,STD,daily_trade_details,Cash Management – Money Market Funds
100011|1|V000001,100011,1,V000001,1639,PRDP|,202604,2026-04-27 00:00:00,2026-04-27 00:00:00,2,991.15,0.00,1166.06,0.85,__NONE__,true,0.00,0.00,0.00,0.0,0.00,,STD,daily_trade_details,Cash Management – Premium Deposits
100012|1|V000001,100012,1,V000001,1639,PRDP|,202604,2026-04-29 00:00:00,2026-04-29 00:00:00,4,0.00,1578.46,1857.01,0.85,ADJ,false,0.00,0.00,0.00,0.0,0.00,,STD,daily_trade_details,Cash Management – Premium Deposits
100013|1|V000001,100013,1,V000001,1653,529T|,202604,2026-04-07 00:00:00,2026-04-07 00:00:00,3,1033.09,0.00,1215.40,0.85,__NONE__,true,0.00,0.00,0.00,0.0,0.00,RPG008,STD,daily_trade_details,529 Plans
100014|1|V000001,100014,1,V000001,1639,529T|,202604,2026-04-10 00:00:00,2026-04-10 00:00:00,2,722.92,0.00,850.50,0.85,__NONE__,true,0.00,0.00,0.00,0.0,0.00,,STD,daily_trade_details,529 Plans
100015|1|V000001,100015,1,V000001,1625,DAF|,202604,2026-04-21 00:00:00,2026-04-21 00:00:00,1,2272.34,0.00,2673.35,0.85,__NONE__,true,0.00,0.00,0.00,0.0,0.00,RPG004,STD,daily_trade_details,Donor Advised Funds
100016|1|V000001,100016,1,V000001,1653,DAF|,202604,2026-04-23 00:00:00,2026-04-23 00:00:00,2,1249.16,0.00,1469.60,0.85,__NONE__,true,0.00,0.00,0.00,0.0,0.00,RPG008,STD,daily_trade_details,Donor Advised Funds
100017|1|V000001,100017,1,V000001,1639,STRT|,202604,2026-04-29 00:00:00,2026-04-29 00:00:00,1,858.57,0.00,1010.09,0.85,__NONE__,true,0.00,0.00,0.00,0.0,0.00,,STD,daily_trade_details,Structured Products
100018|1|V000001,100018,1,V000001,1646,STRT|,202604,2026-04-09 00:00:00,2026-04-09 00:00:00,1,2248.41,0.00,2645.18,0.85,__NONE__,true,0.00,0.00,0.00,0.0,0.00,,STD,daily_trade_details,Structured Products
100019|1|V000001,100019,1,V000001,1625,ELIS|OP,202604,2026-04-02 00:00:00,2026-04-02 00:00:00,1,1167.49,0.00,1373.51,0.85,__NONE__,true,0.00,0.00,0.00,0.0,0.00,RPG004,STD,daily_trade_details,Options
100020|1|V000001,100020,1,V000001,1618,ELIS|OP,202604,2026-04-24 00:00:00,2026-04-24 00:00:00,2,2150.70,0.00,2530.23,0.85,__NONE__,true,0.00,0.00,0.00,0.0,0.00,,STD,daily_trade_details,Options
100021|1|V000001,100021,1,V000001,1646,FCXX|,202604,2026-04-14 00:00:00,2026-04-14 00:00:00,1,780.44,0.00,918.17,0.85,__NONE__,true,0.00,0.00,0.00,0.0,0.00,,STD,daily_trade_details,Fixed Income – Corporate Bonds
100022|1|V000001,100022,1,V000001,1618,FCXX|,202604,2026-04-06 00:00:00,2026-04-06 00:00:00,4,2455.47,0.00,2888.79,0.85,__NONE__,true,0.00,0.00,0.00,0.0,0.00,,STD,daily_trade_details,Fixed Income – Corporate Bonds
100023|1|V000001,100023,1,V000001,1618,FMXX|,202604,2026-04-17 00:00:00,2026-04-17 00:00:00,2,1899.94,0.00,2235.22,0.85,__NONE__,true,0.00,0.00,0.00,0.0,0.00,,STD,daily_trade_details,Fixed Income – Municipal Bonds
100024|1|V000001,100024,1,V000001,1653,FMXX|,202604,2026-04-21 00:00:00,2026-04-21 00:00:00,5,1039.71,0.00,1223.19,0.85,__NONE__,true,0.00,0.00,0.00,0.0,0.00,RPG008,STD,daily_trade_details,Fixed Income – Municipal Bonds
100025|1|V000001,100025,1,V000001,1632,FIX|,202604,2026-04-22 00:00:00,2026-04-22 00:00:00,4,1009.37,0.00,1187.50,0.85,__NONE__,true,0.00,0.00,0.00,0.0,0.00,RPG005,STD,daily_trade_details,Life & Annuities — FIX
100026|1|V000001,100026,1,V000001,1604,FIX|,202604,2026-04-15 00:00:00,2026-04-15 00:00:00,2,2146.48,0.00,2525.27,0.85,__NONE__,true,0.00,0.00,0.00,0.0,0.00,RPG001,STD,daily_trade_details,Life & Annuities — FIX
100027|1|V000001,100027,1,V000001,1632,ALTI|,202604,2026-04-07 00:00:00,2026-04-07 00:00:00,1,0.00,1019.72,1199.67,0.85,INELG,false,0.00,0.00,0.00,0.0,0.00,RPG005,STD,daily_trade_details,Alternative Investments
100028|1|V000001,100028,1,V000001,1625,ALTI|,202604,2026-04-20 00:00:00,2026-04-20 00:00:00,3,1572.62,0.00,1850.14,0.85,__NONE__,true,0.00,0.00,0.00,0.0,0.00,RPG004,STD,daily_trade_details,Alternative Investments
100029|1|V000001,100029,1,V000001,1611,DCCR|,202604,2026-04-27 00:00:00,2026-04-27 00:00:00,2,751.24,0.00,883.81,0.85,__NONE__,true,0.00,0.00,0.00,0.0,0.00,RPG002,STD,daily_trade_details,Defined Contribution Advisory
100030|1|V000001,100030,1,V000001,1646,DCCR|,202604,2026-04-15 00:00:00,2026-04-15 00:00:00,3,1566.48,0.00,1842.92,0.85,__NONE__,true,0.00,0.00,0.00,0.0,0.00,,STD,daily_trade_details,Defined Contribution Advisory
100031|1|V000001,100031,1,V000001,1646,LEND|SBL,202604,2026-04-22 00:00:00,2026-04-22 00:00:00,4,2522.97,0.00,2968.20,0.85,__NONE__,true,0.00,0.00,0.00,0.0,0.00,,STD,daily_trade_details,Lending – Security Based Lending
100032|1|V000001,100032,1,V000001,1611,LEND|SBL,202604,2026-04-07 00:00:00,2026-04-07 00:00:00,5,1985.38,0.00,2335.74,0.85,__NONE__,true,0.00,0.00,0.00,0.0,0.00,RPG002,STD,daily_trade_details,Lending – Security Based Lending
100033|1|V000001,100033,1,V000001,1646,LEND|MGN,202604,2026-04-29 00:00:00,2026-04-29 00:00:00,1,723.31,0.00,850.95,0.85,__NONE__,true,0.00,0.00,0.00,0.0,0.00,,STD,daily_trade_details,Lending – Margin
100034|1|V000001,100034,1,V000001,1653,LEND|MGN,202604,2026-04-02 00:00:00,2026-04-02 00:00:00,1,377.79,0.00,444.46,0.85,__NONE__,true,0.00,0.00,0.00,0.0,0.00,RPG008,STD,daily_trade_details,Lending – Margin
100035|1|V000001,100035,1,V000001,1639,EDK|,202604,2026-04-03 00:00:00,2026-04-03 00:00:00,2,616.23,0.00,724.98,0.85,__NONE__,true,0.00,0.00,0.00,0.0,0.00,,STD,daily_trade_details,Referrals & Revenue Share – Everyday 401K
100036|1|V000001,100036,1,V000001,1597,EDK|,202604,2026-04-02 00:00:00,2026-04-02 00:00:00,5,803.06,0.00,944.77,0.85,__NONE__,true,0.00,0.00,0.00,0.0,0.00,RPG000,STD,daily_trade_details,Referrals & Revenue Share – Everyday 401K
100037|1|V000001,100037,1,V000001,1660,OIS1|,202605,2026-05-01 00:00:00,2026-05-01 00:00:00,1,2483.30,0.00,2921.54,0.85,__NONE__,true,0.00,0.00,0.00,0.0,0.00,,STD,daily_trade_details,Managed Accounts — OIS1
100038|1|V000001,100038,1,V000001,1653,OIS1|,202605,2026-05-27 00:00:00,2026-05-27 00:00:00,3,0.00,1623.69,1910.22,0.85,ADJ,false,0.00,0.00,0.00,0.0,0.00,RPG008,STD,daily_trade_details,Managed Accounts — OIS1
100039|1|V000001,100039,1,V000001,1597,UMA|,202605,2026-05-20 00:00:00,2026-05-20 00:00:00,2,1506.03,0.00,1771.79,0.85,__NONE__,true,0.00,0.00,0.00,0.0,0.00,RPG000,STD,daily_trade_details,Managed – Unified Managed Accounts
100040|1|V000001,100040,1,V000001,1604,UMA|,202605,2026-05-12 00:00:00,2026-05-12 00:00:00,2,2495.92,0.00,2936.37,0.85,__NONE__,true,0.00,0.00,0.00,0.0,0.00,RPG001,STD,daily_trade_details,Managed – Unified Managed Accounts
100041|1|V000001,100041,1,V000001,1660,ATMF|,202605,2026-05-13 00:00:00,2026-05-13 00:00:00,4,1563.73,0.00,1839.68,0.85,__NONE__,true,0.00,0.00,0.00,0.0,0.00,,STD,daily_trade_details,Trails – Mutual Funds
100042|1|V000001,100042,1,V000001,1604,ATMF|,202605,2026-05-28 00:00:00,2026-05-28 00:00:00,2,1198.55,0.00,1410.06,0.85,__NONE__,true,0.00,0.00,0.00,0.0,0.00,RPG001,STD,daily_trade_details,Trails – Mutual Funds
100043|1|V000001,100043,1,V000001,1618,ITMF|,202605,2026-05-05 00:00:00,2026-05-05 00:00:00,1,1024.59,0.00,1205.40,0.85,__NONE__,true,0.00,0.00,0.00,0.0,0.00,,STD,daily_trade_details,Trails – Life & Annuities — ITMF
100044|1|V000001,100044,1,V000001,1604,ITMF|,202605,2026-05-22 00:00:00,2026-05-22 00:00:00,1,1275.26,0.00,1500.31,0.85,__NONE__,true,0.00,0.00,0.00,0.0,0.00,RPG001,STD,daily_trade_details,Trails – Life & Annuities — ITMF
100045|1|V000001,100045,1,V000001,1597,MMKT|,202605,2026-05-20 00:00:00,2026-05-20 00:00:00,3,1983.62,0.00,2333.67,0.85,__NONE__,true,0.00,0.00,0.00,0.0,0.00,RPG000,STD,daily_trade_details,Cash Management – Money Market Funds
100046|1|V000001,100046,1,V000001,1660,MMKT|,202605,2026-05-26 00:00:00,2026-05-26 00:00:00,1,2637.03,0.00,3102.39,0.85,__NONE__,true,0.00,0.00,0.00,0.0,0.00,,STD,daily_trade_details,Cash Management – Money Market Funds
100047|1|V000001,100047,1,V000001,1618,PRDP|,202605,2026-05-28 00:00:00,2026-05-28 00:00:00,4,813.78,0.00,957.39,0.85,__NONE__,true,0.00,0.00,0.00,0.0,0.00,,STD,daily_trade_details,Cash Management – Premium Deposits
100048|1|V000001,100048,1,V000001,1625,PRDP|,202605,2026-05-13 00:00:00,2026-05-13 00:00:00,5,421.34,0.00,495.70,0.85,__NONE__,true,0.00,0.00,0.00,0.0,0.00,RPG004,STD,daily_trade_details,Cash Management – Premium Deposits
100049|1|V000001,100049,1,V000001,1660,529T|,202605,2026-05-15 00:00:00,2026-05-15 00:00:00,1,1877.13,0.00,2208.39,0.85,__NONE__,true,0.00,0.00,0.00,0.0,0.00,,STD,daily_trade_details,529 Plans
100050|1|V000001,100050,1,V000001,1618,529T|,202605,2026-05-19 00:00:00,2026-05-19 00:00:00,1,1707.94,0.00,2009.34,0.85,__NONE__,true,0.00,0.00,0.00,0.0,0.00,,STD,daily_trade_details,529 Plans
100051|1|V000001,100051,1,V000001,1625,DAF|,202605,2026-05-19 00:00:00,2026-05-19 00:00:00,5,697.21,0.00,820.25,0.85,__NONE__,true,0.00,0.00,0.00,0.0,0.00,RPG004,STD,daily_trade_details,Donor Advised Funds
100052|1|V000001,100052,1,V000001,1632,DAF|,202605,2026-05-05 00:00:00,2026-05-05 00:00:00,5,1224.25,0.00,1440.29,0.85,__NONE__,true,0.00,0.00,0.00,0.0,0.00,RPG005,STD,daily_trade_details,Donor Advised Funds
100053|1|V000001,100053,1,V000001,1632,STRT|,202605,2026-05-05 00:00:00,2026-05-05 00:00:00,3,438.32,0.00,515.68,0.85,__NONE__,true,0.00,0.00,0.00,0.0,0.00,RPG005,STD,daily_trade_details,Structured Products
100054|1|V000001,100054,1,V000001,1660,STRT|,202605,2026-05-19 00:00:00,2026-05-19 00:00:00,3,2141.12,0.00,2518.96,0.85,__NONE__,true,0.00,0.00,0.00,0.0,0.00,,STD,daily_trade_details,Structured Products
100055|1|V000001,100055,1,V000001,1597,ELIS|OP,202605,2026-05-21 00:00:00,2026-05-21 00:00:00,4,1820.03,0.00,2141.21,0.85,__NONE__,true,0.00,0.00,0.00,0.0,0.00,RPG000,STD,daily_trade_details,Options
100056|1|V000001,100056,1,V000001,1618,ELIS|OP,202605,2026-05-20 00:00:00,2026-05-20 00:00:00,2,1157.51,0.00,1361.77,0.85,__NONE__,true,0.00,0.00,0.00,0.0,0.00,,STD,daily_trade_details,Options
100057|1|V000001,100057,1,V000001,1660,FCXX|,202605,2026-05-29 00:00:00,2026-05-29 00:00:00,3,1883.23,0.00,2215.56,0.85,__NONE__,true,0.00,0.00,0.00,0.0,0.00,,STD,daily_trade_details,Fixed Income – Corporate Bonds
100058|1|V000001,100058,1,V000001,1618,FCXX|,202605,2026-05-07 00:00:00,2026-05-07 00:00:00,4,2008.05,0.00,2362.42,0.85,__NONE__,true,0.00,0.00,0.00,0.0,0.00,,STD,daily_trade_details,Fixed Income – Corporate Bonds
100059|1|V000001,100059,1,V000001,1611,FMXX|,202605,2026-05-06 00:00:00,2026-05-06 00:00:00,1,2071.25,0.00,2436.76,0.85,__NONE__,true,0.00,0.00,0.00,0.0,0.00,RPG002,STD,daily_trade_details,Fixed Income – Municipal Bonds
100060|1|V000001,100060,1,V000001,1597,FMXX|,202605,2026-05-13 00:00:00,2026-05-13 00:00:00,1,2555.22,0.00,3006.14,0.85,__NONE__,true,0.00,0.00,0.00,0.0,0.00,RPG000,STD,daily_trade_details,Fixed Income – Municipal Bonds
100061|1|V000001,100061,1,V000001,1611,FIX|,202605,2026-05-27 00:00:00,2026-05-27 00:00:00,5,518.31,0.00,609.78,0.85,__NONE__,true,0.00,0.00,0.00,0.0,0.00,RPG002,STD,daily_trade_details,Life & Annuities — FIX
100062|1|V000001,100062,1,V000001,1653,FIX|,202605,2026-05-27 00:00:00,2026-05-27 00:00:00,1,0.00,1281.85,1508.06,0.85,ADJ,false,0.00,0.00,0.00,0.0,0.00,RPG008,STD,daily_trade_details,Life & Annuities — FIX
100063|1|V000001,100063,1,V000001,1660,ALTI|,202605,2026-05-19 00:00:00,2026-05-19 00:00:00,1,1734.14,0.00,2040.17,0.85,__NONE__,true,0.00,0.00,0.00,0.0,0.00,,STD,daily_trade_details,Alternative Investments
100064|1|V000001,100064,1,V000001,1625,ALTI|,202605,2026-05-27 00:00:00,2026-05-27 00:00:00,2,1295.57,0.00,1524.21,0.85,__NONE__,true,0.00,0.00,0.00,0.0,0.00,RPG004,STD,daily_trade_details,Alternative Investments
100065|1|V000001,100065,1,V000001,1660,DCCR|,202605,2026-05-08 00:00:00,2026-05-08 00:00:00,2,1550.99,0.00,1824.69,0.85,__NONE__,true,0.00,0.00,0.00,0.0,0.00,,STD,daily_trade_details,Defined Contribution Advisory
100066|1|V000001,100066,1,V000001,1625,DCCR|,202605,2026-05-05 00:00:00,2026-05-05 00:00:00,2,1027.34,0.00,1208.64,0.85,__NONE__,true,0.00,0.00,0.00,0.0,0.00,RPG004,STD,daily_trade_details,Defined Contribution Advisory
100067|1|V000001,100067,1,V000001,1639,LEND|SBL,202605,2026-05-05 00:00:00,2026-05-05 00:00:00,3,967.43,0.00,1138.15,0.85,__NONE__,true,0.00,0.00,0.00,0.0,0.00,,STD,daily_trade_details,Lending – Security Based Lending
100068|1|V000001,100068,1,V000001,1625,LEND|SBL,202605,2026-05-22 00:00:00,2026-05-22 00:00:00,5,2558.22,0.00,3009.67,0.85,__NONE__,true,0.00,0.00,0.00,0.0,0.00,RPG004,STD,daily_trade_details,Lending – Security Based Lending
100069|1|V000001,100069,1,V000001,1660,LEND|MGN,202605,2026-05-14 00:00:00,2026-05-14 00:00:00,1,776.00,0.00,912.94,0.85,__NONE__,true,0.00,0.00,0.00,0.0,0.00,,STD,daily_trade_details,Lending – Margin
100070|1|V000001,100070,1,V000001,1639,LEND|MGN,202605,2026-05-15 00:00:00,2026-05-15 00:00:00,4,1101.34,0.00,1295.70,0.85,__NONE__,true,0.00,0.00,0.00,0.0,0.00,,STD,daily_trade_details,Lending – Margin
100071|1|V000001,100071,1,V000001,1632,EDK|,202605,2026-05-30 00:00:00,2026-05-30 00:00:00,5,1335.58,0.00,1571.27,0.85,__NONE__,true,0.00,0.00,0.00,0.0,0.00,RPG005,STD,daily_trade_details,Referrals & Revenue Share – Everyday 401K
100072|1|V000001,100072,1,V000001,1611,EDK|,202605,2026-05-11 00:00:00,2026-05-11 00:00:00,4,1025.69,0.00,1206.69,0.85,__NONE__,true,0.00,0.00,0.00,0.0,0.00,RPG002,STD,daily_trade_details,Referrals & Revenue Share – Everyday 401K
100073|1|V000001,100073,1,V000001,1632,OIS1|,202606,2026-06-08 00:00:00,2026-06-08 00:00:00,3,708.57,0.00,833.61,0.85,__NONE__,true,0.00,0.00,0.00,0.0,0.00,RPG005,STD,daily_trade_details,Managed Accounts — OIS1
100074|1|V000001,100074,1,V000001,1646,UMA|,202606,2026-06-08 00:00:00,2026-06-08 00:00:00,4,2525.86,0.00,2971.59,0.85,__NONE__,true,0.00,0.00,0.00,0.0,0.00,,STD,daily_trade_details,Managed – Unified Managed Accounts
100075|1|V000001,100075,1,V000001,1625,ATMF|,202606,2026-06-02 00:00:00,2026-06-02 00:00:00,5,2177.94,0.00,2562.28,0.85,__NONE__,true,0.00,0.00,0.00,0.0,0.00,RPG004,STD,daily_trade_details,Trails – Mutual Funds
100076|1|V000001,100076,1,V000001,1618,ITMF|,202606,2026-06-16 00:00:00,2026-06-16 00:00:00,5,1662.12,0.00,1955.44,0.85,__NONE__,true,0.00,0.00,0.00,0.0,0.00,,STD,daily_trade_details,Trails – Life & Annuities — ITMF
100077|1|V000001,100077,1,V000001,1597,MMKT|,202606,2026-06-17 00:00:00,2026-06-17 00:00:00,2,2491.91,0.00,2931.66,0.85,__NONE__,true,0.00,0.00,0.00,0.0,0.00,RPG000,STD,daily_trade_details,Cash Management – Money Market Funds
100078|1|V000001,100078,1,V000001,1646,PRDP|,202606,2026-06-02 00:00:00,2026-06-02 00:00:00,4,2134.68,0.00,2511.38,0.85,__NONE__,true,0.00,0.00,0.00,0.0,0.00,,STD,daily_trade_details,Cash Management – Premium Deposits
100079|1|V000001,100079,1,V000001,1646,529T|,202606,2026-06-05 00:00:00,2026-06-05 00:00:00,2,620.11,0.00,729.54,0.85,__NONE__,true,0.00,0.00,0.00,0.0,0.00,,STD,daily_trade_details,529 Plans
100080|1|V000001,100080,1,V000001,1639,DAF|,202606,2026-06-15 00:00:00,2026-06-15 00:00:00,4,2114.88,0.00,2488.09,0.85,__NONE__,true,0.00,0.00,0.00,0.0,0.00,,STD,daily_trade_details,Donor Advised Funds
100081|1|V000001,100081,1,V000001,1660,STRT|,202606,2026-06-17 00:00:00,2026-06-17 00:00:00,4,1221.85,0.00,1437.47,0.85,__NONE__,true,0.00,0.00,0.00,0.0,0.00,,STD,daily_trade_details,Structured Products
100082|1|V000001,100082,1,V000001,1653,ELIS|OP,202606,2026-06-17 00:00:00,2026-06-17 00:00:00,5,384.56,0.00,452.42,0.85,__NONE__,true,0.00,0.00,0.00,0.0,0.00,RPG008,STD,daily_trade_details,Options
100083|1|V000001,100083,1,V000001,1660,FCXX|,202606,2026-06-04 00:00:00,2026-06-04 00:00:00,3,1767.81,0.00,2079.78,0.85,__NONE__,true,0.00,0.00,0.00,0.0,0.00,,STD,daily_trade_details,Fixed Income – Corporate Bonds
100084|1|V000001,100084,1,V000001,1611,FMXX|,202606,2026-06-08 00:00:00,2026-06-08 00:00:00,4,0.00,1788.10,2103.65,0.85,ADJ,false,0.00,0.00,0.00,0.0,0.00,RPG002,STD,daily_trade_details,Fixed Income – Municipal Bonds
100085|1|V000001,100085,1,V000001,1604,FIX|,202606,2026-06-11 00:00:00,2026-06-11 00:00:00,5,324.26,0.00,381.48,0.85,__NONE__,true,0.00,0.00,0.00,0.0,0.00,RPG001,STD,daily_trade_details,Life & Annuities — FIX
100086|1|V000001,100086,1,V000001,1653,ALTI|,202606,2026-06-10 00:00:00,2026-06-10 00:00:00,3,1635.19,0.00,1923.76,0.85,__NONE__,true,0.00,0.00,0.00,0.0,0.00,RPG008,STD,daily_trade_details,Alternative Investments
100087|1|V000001,100087,1,V000001,1639,DCCR|,202606,2026-06-17 00:00:00,2026-06-17 00:00:00,5,1365.05,0.00,1605.94,0.85,__NONE__,true,0.00,0.00,0.00,0.0,0.00,,STD,daily_trade_details,Defined Contribution Advisory
100088|1|V000001,100088,1,V000001,1611,LEND|SBL,202606,2026-06-05 00:00:00,2026-06-05 00:00:00,4,0.00,1093.42,1286.38,0.85,INELG,false,0.00,0.00,0.00,0.0,0.00,RPG002,STD,daily_trade_details,Lending – Security Based Lending
100089|1|V000001,100089,1,V000001,1604,LEND|MGN,202606,2026-06-03 00:00:00,2026-06-03 00:00:00,3,566.96,0.00,667.01,0.85,__NONE__,true,0.00,0.00,0.00,0.0,0.00,RPG001,STD,daily_trade_details,Lending – Margin
100090|1|V000001,100090,1,V000001,1625,EDK|,202606,2026-06-11 00:00:00,2026-06-11 00:00:00,4,1089.05,0.00,1281.24,0.85,__NONE__,true,0.00,0.00,0.00,0.0,0.00,RPG004,STD,daily_trade_details,Referrals & Revenue Share – Everyday 401K
100091|1|V000002,100091,1,V000002,1702,OISC|,202604,2026-04-21 00:00:00,2026-04-21 00:00:00,3,1395.17,0.00,1641.38,0.85,__NONE__,true,0.00,0.00,0.00,0.0,0.00,,STD,daily_trade_details,Managed Accounts — OISC
100092|1|V000002,100092,1,V000002,1674,OISC|,202604,2026-04-06 00:00:00,2026-04-06 00:00:00,1,990.61,0.00,1165.42,0.85,__NONE__,true,0.00,0.00,0.00,0.0,0.00,RPG004,STD,daily_trade_details,Managed Accounts — OISC
100093|1|V000002,100093,1,V000002,1702,OIS1|,202604,2026-04-08 00:00:00,2026-04-08 00:00:00,2,1790.33,0.00,2106.27,0.85,__NONE__,true,0.00,0.00,0.00,0.0,0.00,,STD,daily_trade_details,Managed Accounts — OIS1
100094|1|V000002,100094,1,V000002,1723,OIS1|,202604,2026-04-24 00:00:00,2026-04-24 00:00:00,4,701.24,0.00,824.99,0.85,__NONE__,true,0.00,0.00,0.00,0.0,0.00,,STD,daily_trade_details,Managed Accounts — OIS1
100095|1|V000002,100095,1,V000002,1716,JPMC|,202604,2026-04-08 00:00:00,2026-04-08 00:00:00,2,833.27,0.00,980.32,0.85,__NONE__,true,0.00,0.00,0.00,0.0,0.00,RPG010,STD,daily_trade_details,Managed Accounts — JPMC
100096|1|V000002,100096,1,V000002,1709,JPMC|,202604,2026-04-09 00:00:00,2026-04-09 00:00:00,4,1209.84,0.00,1423.34,0.85,__NONE__,true,0.00,0.00,0.00,0.0,0.00,,STD,daily_trade_details,Managed Accounts — JPMC
100097|1|V000002,100097,1,V000002,1730,ATMF|,202604,2026-04-09 00:00:00,2026-04-09 00:00:00,3,0.00,1287.97,1515.26,0.85,INELG,false,0.00,0.00,0.00,0.0,0.00,RPG012,STD,daily_trade_details,Trails – Mutual Funds
100098|1|V000002,100098,1,V000002,1674,ATMF|,202604,2026-04-24 00:00:00,2026-04-24 00:00:00,2,1627.90,0.00,1915.18,0.85,__NONE__,true,0.00,0.00,0.00,0.0,0.00,RPG004,STD,daily_trade_details,Trails – Mutual Funds
100099|1|V000002,100099,1,V000002,1702,ITMF|,202604,2026-04-13 00:00:00,2026-04-13 00:00:00,4,1049.77,0.00,1235.02,0.85,__NONE__,true,0.00,0.00,0.00,0.0,0.00,,STD,daily_trade_details,Trails – Life & Annuities — ITMF
100100|1|V000002,100100,1,V000002,1723,ITMF|,202604,2026-04-17 00:00:00,2026-04-17 00:00:00,5,2521.61,0.00,2966.60,0.85,__NONE__,true,0.00,0.00,0.00,0.0,0.00,,STD,daily_trade_details,Trails – Life & Annuities — ITMF
100101|1|V000002,100101,1,V000002,1709,ADVA|,202604,2026-04-21 00:00:00,2026-04-21 00:00:00,5,1650.11,0.00,1941.31,0.85,__NONE__,true,0.00,0.00,0.00,0.0,0.00,,STD,daily_trade_details,Trails – Life & Annuities — ADVA
100102|1|V000002,100102,1,V000002,1681,ADVA|,202604,2026-04-14 00:00:00,2026-04-14 00:00:00,5,2171.60,0.00,2554.82,0.85,__NONE__,true,0.00,0.00,0.00,0.0,0.00,RPG005,STD,daily_trade_details,Trails – Life & Annuities — ADVA
100103|1|V000002,100103,1,V000002,1730,PCS|,202604,2026-04-06 00:00:00,2026-04-06 00:00:00,2,494.93,0.00,582.27,0.85,__NONE__,true,0.00,0.00,0.00,0.0,0.00,RPG012,STD,daily_trade_details,Referrals & Revenue Share – Situational Partnership
100104|1|V000002,100104,1,V000002,1695,PCS|,202604,2026-04-07 00:00:00,2026-04-07 00:00:00,5,568.98,0.00,669.39,0.85,__NONE__,true,0.00,0.00,0.00,0.0,0.00,,STD,daily_trade_details,Referrals & Revenue Share – Situational Partnership
100105|1|V000002,100105,1,V000002,1709,529T|,202604,2026-04-17 00:00:00,2026-04-17 00:00:00,4,1261.95,0.00,1484.65,0.85,__NONE__,true,0.00,0.00,0.00,0.0,0.00,,STD,daily_trade_details,529 Plans
100106|1|V000002,100106,1,V000002,1681,529T|,202604,2026-04-29 00:00:00,2026-04-29 00:00:00,2,1419.34,0.00,1669.81,0.85,__NONE__,true,0.00,0.00,0.00,0.0,0.00,RPG005,STD,daily_trade_details,529 Plans
100107|1|V000002,100107,1,V000002,1723,ELIS|OP,202604,2026-04-08 00:00:00,2026-04-08 00:00:00,3,683.79,0.00,804.46,0.85,__NONE__,true,0.00,0.00,0.00,0.0,0.00,,STD,daily_trade_details,Options
100108|1|V000002,100108,1,V000002,1716,ELIS|OP,202604,2026-04-01 00:00:00,2026-04-01 00:00:00,4,1724.64,0.00,2028.99,0.85,__NONE__,true,0.00,0.00,0.00,0.0,0.00,RPG010,STD,daily_trade_details,Options
100109|1|V000002,100109,1,V000002,1681,MUFD|,202604,2026-04-24 00:00:00,2026-04-24 00:00:00,5,748.80,0.00,880.94,0.85,__NONE__,true,0.00,0.00,0.00,0.0,0.00,RPG005,STD,daily_trade_details,Mutual Funds
100110|1|V000002,100110,1,V000002,1716,MUFD|,202604,2026-04-21 00:00:00,2026-04-21 00:00:00,4,1241.01,0.00,1460.01,0.85,__NONE__,true,0.00,0.00,0.00,0.0,0.00,RPG010,STD,daily_trade_details,Mutual Funds
100111|1|V000002,100111,1,V000002,1681,FCXX|,202604,2026-04-14 00:00:00,2026-04-14 00:00:00,1,0.00,490.14,576.64,0.85,INELG,false,0.00,0.00,0.00,0.0,0.00,RPG005,STD,daily_trade_details,Fixed Income – Corporate Bonds
100112|1|V000002,100112,1,V000002,1695,FCXX|,202604,2026-04-21 00:00:00,2026-04-21 00:00:00,5,817.14,0.00,961.34,0.85,__NONE__,true,0.00,0.00,0.00,0.0,0.00,,STD,daily_trade_details,Fixed Income – Corporate Bonds
100113|1|V000002,100113,1,V000002,1716,FMXX|,202604,2026-04-06 00:00:00,2026-04-06 00:00:00,3,1564.37,0.00,1840.44,0.85,__NONE__,true,0.00,0.00,0.00,0.0,0.00,RPG010,STD,daily_trade_details,Fixed Income – Municipal Bonds
100114|1|V000002,100114,1,V000002,1723,FMXX|,202604,2026-04-02 00:00:00,2026-04-02 00:00:00,4,2193.55,0.00,2580.65,0.85,__NONE__,true,0.00,0.00,0.00,0.0,0.00,,STD,daily_trade_details,Fixed Income – Municipal Bonds
100115|1|V000002,100115,1,V000002,1723,FGXX|,202604,2026-04-29 00:00:00,2026-04-29 00:00:00,2,802.65,0.00,944.29,0.85,__NONE__,true,0.00,0.00,0.00,0.0,0.00,,STD,daily_trade_details,Fixed Income – Government Bonds
100116|1|V000002,100116,1,V000002,1695,FGXX|,202604,2026-04-16 00:00:00,2026-04-16 00:00:00,1,0.00,2312.06,2720.07,0.85,ADJ,false,0.00,0.00,0.00,0.0,0.00,,STD,daily_trade_details,Fixed Income – Government Bonds
100117|1|V000002,100117,1,V000002,1716,FCOT|,202604,2026-04-10 00:00:00,2026-04-10 00:00:00,2,2290.17,0.00,2694.32,0.85,__NONE__,true,0.00,0.00,0.00,0.0,0.00,RPG010,STD,daily_trade_details,Fixed Income – Other
100118|1|V000002,100118,1,V000002,1730,FCOT|,202604,2026-04-28 00:00:00,2026-04-28 00:00:00,4,1885.01,0.00,2217.66,0.85,__NONE__,true,0.00,0.00,0.00,0.0,0.00,RPG012,STD,daily_trade_details,Fixed Income – Other
100119|1|V000002,100119,1,V000002,1681,ALTI|,202604,2026-04-09 00:00:00,2026-04-09 00:00:00,1,1717.15,0.00,2020.17,0.85,__NONE__,true,0.00,0.00,0.00,0.0,0.00,RPG005,STD,daily_trade_details,Alternative Investments
100120|1|V000002,100120,1,V000002,1730,ALTI|,202604,2026-04-24 00:00:00,2026-04-24 00:00:00,2,1106.88,0.00,1302.21,0.85,__NONE__,true,0.00,0.00,0.00,0.0,0.00,RPG012,STD,daily_trade_details,Alternative Investments
100121|1|V000002,100121,1,V000002,1702,EDK|,202604,2026-04-27 00:00:00,2026-04-27 00:00:00,3,2551.70,0.00,3002.00,0.85,__NONE__,true,0.00,0.00,0.00,0.0,0.00,,STD,daily_trade_details,Referrals & Revenue Share – Everyday 401K
100122|1|V000002,100122,1,V000002,1723,EDK|,202604,2026-04-06 00:00:00,2026-04-06 00:00:00,2,2566.62,0.00,3019.56,0.85,__NONE__,true,0.00,0.00,0.00,0.0,0.00,,STD,daily_trade_details,Referrals & Revenue Share – Everyday 401K
100123|1|V000002,100123,1,V000002,1709,OISC|,202605,2026-05-30 00:00:00,2026-05-30 00:00:00,2,2497.63,0.00,2938.39,0.85,__NONE__,true,0.00,0.00,0.00,0.0,0.00,,STD,daily_trade_details,Managed Accounts — OISC
100124|1|V000002,100124,1,V000002,1681,OISC|,202605,2026-05-12 00:00:00,2026-05-12 00:00:00,4,904.86,0.00,1064.54,0.85,__NONE__,true,0.00,0.00,0.00,0.0,0.00,RPG005,STD,daily_trade_details,Managed Accounts — OISC
100125|1|V000002,100125,1,V000002,1716,OIS1|,202605,2026-05-30 00:00:00,2026-05-30 00:00:00,4,648.94,0.00,763.46,0.85,__NONE__,true,0.00,0.00,0.00,0.0,0.00,RPG010,STD,daily_trade_details,Managed Accounts — OIS1
100126|1|V000002,100126,1,V000002,1709,OIS1|,202605,2026-05-05 00:00:00,2026-05-05 00:00:00,4,1386.47,0.00,1631.14,0.85,__NONE__,true,0.00,0.00,0.00,0.0,0.00,,STD,daily_trade_details,Managed Accounts — OIS1
100127|1|V000002,100127,1,V000002,1723,JPMC|,202605,2026-05-18 00:00:00,2026-05-18 00:00:00,4,2095.40,0.00,2465.18,0.85,__NONE__,true,0.00,0.00,0.00,0.0,0.00,,STD,daily_trade_details,Managed Accounts — JPMC
100128|1|V000002,100128,1,V000002,1716,JPMC|,202605,2026-05-21 00:00:00,2026-05-21 00:00:00,3,0.00,1089.61,1281.90,0.85,INELG,false,0.00,0.00,0.00,0.0,0.00,RPG010,STD,daily_trade_details,Managed Accounts — JPMC
100129|1|V000002,100129,1,V000002,1674,ATMF|,202605,2026-05-20 00:00:00,2026-05-20 00:00:00,2,2204.61,0.00,2593.66,0.85,__NONE__,true,0.00,0.00,0.00,0.0,0.00,RPG004,STD,daily_trade_details,Trails – Mutual Funds
100130|1|V000002,100130,1,V000002,1716,ATMF|,202605,2026-05-15 00:00:00,2026-05-15 00:00:00,5,949.75,0.00,1117.36,0.85,__NONE__,true,0.00,0.00,0.00,0.0,0.00,RPG010,STD,daily_trade_details,Trails – Mutual Funds
100131|1|V000002,100131,1,V000002,1730,ITMF|,202605,2026-05-15 00:00:00,2026-05-15 00:00:00,1,621.38,0.00,731.03,0.85,__NONE__,true,0.00,0.00,0.00,0.0,0.00,RPG012,STD,daily_trade_details,Trails – Life & Annuities — ITMF
100132|1|V000002,100132,1,V000002,1667,ITMF|,202605,2026-05-21 00:00:00,2026-05-21 00:00:00,1,547.54,0.00,644.16,0.85,__NONE__,true,0.00,0.00,0.00,0.0,0.00,,STD,daily_trade_details,Trails – Life & Annuities — ITMF
100133|1|V000002,100133,1,V000002,1674,ADVA|,202605,2026-05-21 00:00:00,2026-05-21 00:00:00,1,2523.01,0.00,2968.25,0.85,__NONE__,true,0.00,0.00,0.00,0.0,0.00,RPG004,STD,daily_trade_details,Trails – Life & Annuities — ADVA
100134|1|V000002,100134,1,V000002,1709,ADVA|,202605,2026-05-07 00:00:00,2026-05-07 00:00:00,3,792.12,0.00,931.90,0.85,__NONE__,true,0.00,0.00,0.00,0.0,0.00,,STD,daily_trade_details,Trails – Life & Annuities — ADVA
100135|1|V000002,100135,1,V000002,1681,PCS|,202605,2026-05-05 00:00:00,2026-05-05 00:00:00,3,2392.06,0.00,2814.19,0.85,__NONE__,true,0.00,0.00,0.00,0.0,0.00,RPG005,STD,daily_trade_details,Referrals & Revenue Share – Situational Partnership
100136|1|V000002,100136,1,V000002,1695,PCS|,202605,2026-05-30 00:00:00,2026-05-30 00:00:00,2,506.70,0.00,596.12,0.85,__NONE__,true,0.00,0.00,0.00,0.0,0.00,,STD,daily_trade_details,Referrals & Revenue Share – Situational Partnership
100137|1|V000002,100137,1,V000002,1667,529T|,202605,2026-05-12 00:00:00,2026-05-12 00:00:00,4,1253.99,0.00,1475.28,0.85,__NONE__,true,0.00,0.00,0.00,0.0,0.00,,STD,daily_trade_details,529 Plans
100138|1|V000002,100138,1,V000002,1674,529T|,202605,2026-05-05 00:00:00,2026-05-05 00:00:00,2,0.00,1985.65,2336.06,0.85,ADJ,false,0.00,0.00,0.00,0.0,0.00,RPG004,STD,daily_trade_details,529 Plans
100139|1|V000002,100139,1,V000002,1730,ELIS|OP,202605,2026-05-01 00:00:00,2026-05-01 00:00:00,1,848.95,0.00,998.76,0.85,__NONE__,true,0.00,0.00,0.00,0.0,0.00,RPG012,STD,daily_trade_details,Options
100140|1|V000002,100140,1,V000002,1702,ELIS|OP,202605,2026-05-20 00:00:00,2026-05-20 00:00:00,2,2255.63,0.00,2653.68,0.85,__NONE__,true,0.00,0.00,0.00,0.0,0.00,,STD,daily_trade_details,Options
100141|1|V000002,100141,1,V000002,1716,MUFD|,202605,2026-05-06 00:00:00,2026-05-06 00:00:00,1,479.11,0.00,563.66,0.85,__NONE__,true,0.00,0.00,0.00,0.0,0.00,RPG010,STD,daily_trade_details,Mutual Funds
100142|1|V000002,100142,1,V000002,1702,MUFD|,202605,2026-05-19 00:00:00,2026-05-19 00:00:00,2,1185.48,0.00,1394.68,0.85,__NONE__,true,0.00,0.00,0.00,0.0,0.00,,STD,daily_trade_details,Mutual Funds
100143|1|V000002,100143,1,V000002,1681,FCXX|,202605,2026-05-29 00:00:00,2026-05-29 00:00:00,2,473.35,0.00,556.89,0.85,__NONE__,true,0.00,0.00,0.00,0.0,0.00,RPG005,STD,daily_trade_details,Fixed Income – Corporate Bonds
100144|1|V000002,100144,1,V000002,1716,FCXX|,202605,2026-05-07 00:00:00,2026-05-07 00:00:00,4,1146.50,0.00,1348.83,0.85,__NONE__,true,0.00,0.00,0.00,0.0,0.00,RPG010,STD,daily_trade_details,Fixed Income – Corporate Bonds
100145|1|V000002,100145,1,V000002,1730,FMXX|,202605,2026-05-05 00:00:00,2026-05-05 00:00:00,1,1944.87,0.00,2288.08,0.85,__NONE__,true,0.00,0.00,0.00,0.0,0.00,RPG012,STD,daily_trade_details,Fixed Income – Municipal Bonds
100146|1|V000002,100146,1,V000002,1681,FMXX|,202605,2026-05-19 00:00:00,2026-05-19 00:00:00,3,2101.70,0.00,2472.58,0.85,__NONE__,true,0.00,0.00,0.00,0.0,0.00,RPG005,STD,daily_trade_details,Fixed Income – Municipal Bonds
100147|1|V000002,100147,1,V000002,1709,FGXX|,202605,2026-05-13 00:00:00,2026-05-13 00:00:00,1,1059.18,0.00,1246.09,0.85,__NONE__,true,0.00,0.00,0.00,0.0,0.00,,STD,daily_trade_details,Fixed Income – Government Bonds
100148|1|V000002,100148,1,V000002,1688,FGXX|,202605,2026-05-29 00:00:00,2026-05-29 00:00:00,3,1627.86,0.00,1915.13,0.85,__NONE__,true,0.00,0.00,0.00,0.0,0.00,,STD,daily_trade_details,Fixed Income – Government Bonds
100149|1|V000002,100149,1,V000002,1667,FCOT|,202605,2026-05-14 00:00:00,2026-05-14 00:00:00,2,2328.91,0.00,2739.89,0.85,__NONE__,true,0.00,0.00,0.00,0.0,0.00,,STD,daily_trade_details,Fixed Income – Other
100150|1|V000002,100150,1,V000002,1723,FCOT|,202605,2026-05-19 00:00:00,2026-05-19 00:00:00,3,1755.29,0.00,2065.05,0.85,__NONE__,true,0.00,0.00,0.00,0.0,0.00,,STD,daily_trade_details,Fixed Income – Other
100151|1|V000002,100151,1,V000002,1667,ALTI|,202605,2026-05-12 00:00:00,2026-05-12 00:00:00,4,2176.34,0.00,2560.40,0.85,__NONE__,true,0.00,0.00,0.00,0.0,0.00,,STD,daily_trade_details,Alternative Investments
100152|1|V000002,100152,1,V000002,1709,ALTI|,202605,2026-05-29 00:00:00,2026-05-29 00:00:00,1,578.89,0.00,681.04,0.85,__NONE__,true,0.00,0.00,0.00,0.0,0.00,,STD,daily_trade_details,Alternative Investments
100153|1|V000002,100153,1,V000002,1723,EDK|,202605,2026-05-15 00:00:00,2026-05-15 00:00:00,2,0.00,2426.11,2854.25,0.85,ADJ,false,0.00,0.00,0.00,0.0,0.00,,STD,daily_trade_details,Referrals & Revenue Share – Everyday 401K
100154|1|V000002,100154,1,V000002,1709,EDK|,202605,2026-05-18 00:00:00,2026-05-18 00:00:00,5,2359.67,0.00,2776.08,0.85,__NONE__,true,0.00,0.00,0.00,0.0,0.00,,STD,daily_trade_details,Referrals & Revenue Share – Everyday 401K
100155|1|V000002,100155,1,V000002,1681,OISC|,202606,2026-06-02 00:00:00,2026-06-02 00:00:00,1,2054.27,0.00,2416.79,0.85,__NONE__,true,0.00,0.00,0.00,0.0,0.00,RPG005,STD,daily_trade_details,Managed Accounts — OISC
100156|1|V000002,100156,1,V000002,1730,OIS1|,202606,2026-06-01 00:00:00,2026-06-01 00:00:00,1,455.32,0.00,535.68,0.85,__NONE__,true,0.00,0.00,0.00,0.0,0.00,RPG012,STD,daily_trade_details,Managed Accounts — OIS1
100157|1|V000002,100157,1,V000002,1709,JPMC|,202606,2026-06-11 00:00:00,2026-06-11 00:00:00,4,1465.20,0.00,1723.77,0.85,__NONE__,true,0.00,0.00,0.00,0.0,0.00,,STD,daily_trade_details,Managed Accounts — JPMC
100158|1|V000002,100158,1,V000002,1709,ATMF|,202606,2026-06-11 00:00:00,2026-06-11 00:00:00,5,1914.16,0.00,2251.96,0.85,__NONE__,true,0.00,0.00,0.00,0.0,0.00,,STD,daily_trade_details,Trails – Mutual Funds
100159|1|V000002,100159,1,V000002,1730,ITMF|,202606,2026-06-02 00:00:00,2026-06-02 00:00:00,5,651.17,0.00,766.08,0.85,__NONE__,true,0.00,0.00,0.00,0.0,0.00,RPG012,STD,daily_trade_details,Trails – Life & Annuities — ITMF
100160|1|V000002,100160,1,V000002,1688,ADVA|,202606,2026-06-08 00:00:00,2026-06-08 00:00:00,4,2540.92,0.00,2989.32,0.85,__NONE__,true,0.00,0.00,0.00,0.0,0.00,,STD,daily_trade_details,Trails – Life & Annuities — ADVA
100161|1|V000002,100161,1,V000002,1730,PCS|,202606,2026-06-16 00:00:00,2026-06-16 00:00:00,1,1758.88,0.00,2069.27,0.85,__NONE__,true,0.00,0.00,0.00,0.0,0.00,RPG012,STD,daily_trade_details,Referrals & Revenue Share – Situational Partnership
100162|1|V000002,100162,1,V000002,1695,529T|,202606,2026-06-04 00:00:00,2026-06-04 00:00:00,1,1906.95,0.00,2243.48,0.85,__NONE__,true,0.00,0.00,0.00,0.0,0.00,,STD,daily_trade_details,529 Plans
100163|1|V000002,100163,1,V000002,1688,ELIS|OP,202606,2026-06-10 00:00:00,2026-06-10 00:00:00,5,498.29,0.00,586.22,0.85,__NONE__,true,0.00,0.00,0.00,0.0,0.00,,STD,daily_trade_details,Options
100164|1|V000002,100164,1,V000002,1730,MUFD|,202606,2026-06-16 00:00:00,2026-06-16 00:00:00,2,426.57,0.00,501.84,0.85,__NONE__,true,0.00,0.00,0.00,0.0,0.00,RPG012,STD,daily_trade_details,Mutual Funds
100165|1|V000002,100165,1,V000002,1674,FCXX|,202606,2026-06-01 00:00:00,2026-06-01 00:00:00,2,329.13,0.00,387.21,0.85,__NONE__,true,0.00,0.00,0.00,0.0,0.00,RPG004,STD,daily_trade_details,Fixed Income – Corporate Bonds
100166|1|V000002,100166,1,V000002,1716,FMXX|,202606,2026-06-17 00:00:00,2026-06-17 00:00:00,3,2491.94,0.00,2931.69,0.85,__NONE__,true,0.00,0.00,0.00,0.0,0.00,RPG010,STD,daily_trade_details,Fixed Income – Municipal Bonds
100167|1|V000002,100167,1,V000002,1681,FGXX|,202606,2026-06-05 00:00:00,2026-06-05 00:00:00,1,1155.30,0.00,1359.18,0.85,__NONE__,true,0.00,0.00,0.00,0.0,0.00,RPG005,STD,daily_trade_details,Fixed Income – Government Bonds
100168|1|V000002,100168,1,V000002,1667,FCOT|,202606,2026-06-11 00:00:00,2026-06-11 00:00:00,1,1070.53,0.00,1259.44,0.85,__NONE__,true,0.00,0.00,0.00,0.0,0.00,,STD,daily_trade_details,Fixed Income – Other
100169|1|V000002,100169,1,V000002,1695,ALTI|,202606,2026-06-02 00:00:00,2026-06-02 00:00:00,4,1938.34,0.00,2280.40,0.85,__NONE__,true,0.00,0.00,0.00,0.0,0.00,,STD,daily_trade_details,Alternative Investments
100170|1|V000002,100170,1,V000002,1716,EDK|,202606,2026-06-08 00:00:00,2026-06-08 00:00:00,2,0.00,1474.80,1735.06,0.85,INELG,false,0.00,0.00,0.00,0.0,0.00,RPG010,STD,daily_trade_details,Referrals & Revenue Share – Everyday 401K
100171|1|V000003,100171,1,V000003,1765,OIS1|,202604,2026-04-06 00:00:00,2026-04-06 00:00:00,2,2078.66,0.00,2445.48,0.85,__NONE__,true,0.00,0.00,0.00,0.0,0.00,,STD,daily_trade_details,Managed Accounts — OIS1
100172|1|V000003,100172,1,V000003,1793,OIS1|,202604,2026-04-01 00:00:00,2026-04-01 00:00:00,2,305.91,0.00,359.89,0.85,__NONE__,true,0.00,0.00,0.00,0.0,0.00,,STD,daily_trade_details,Managed Accounts — OIS1
100173|1|V000003,100173,1,V000003,1737,ITMF|,202604,2026-04-07 00:00:00,2026-04-07 00:00:00,2,1385.06,0.00,1629.48,0.85,__NONE__,true,0.00,0.00,0.00,0.0,0.00,,STD,daily_trade_details,Trails – Life & Annuities — ITMF
100174|1|V000003,100174,1,V000003,1737,ITMF|,202604,2026-04-29 00:00:00,2026-04-29 00:00:00,4,1571.59,0.00,1848.93,0.85,__NONE__,true,0.00,0.00,0.00,0.0,0.00,,STD,daily_trade_details,Trails – Life & Annuities — ITMF
100175|1|V000003,100175,1,V000003,1758,ADVA|,202604,2026-04-15 00:00:00,2026-04-15 00:00:00,3,1040.14,0.00,1223.70,0.85,__NONE__,true,0.00,0.00,0.00,0.0,0.00,,STD,daily_trade_details,Trails – Life & Annuities — ADVA
100176|1|V000003,100176,1,V000003,1744,ADVA|,202604,2026-04-02 00:00:00,2026-04-02 00:00:00,2,1614.53,0.00,1899.45,0.85,__NONE__,true,0.00,0.00,0.00,0.0,0.00,,STD,daily_trade_details,Trails – Life & Annuities — ADVA
100177|1|V000003,100177,1,V000003,1758,PCS|,202604,2026-04-17 00:00:00,2026-04-17 00:00:00,1,2149.98,0.00,2529.39,0.85,__NONE__,true,0.00,0.00,0.00,0.0,0.00,,STD,daily_trade_details,Referrals & Revenue Share – Situational Partnership
100178|1|V000003,100178,1,V000003,1786,PCS|,202604,2026-04-14 00:00:00,2026-04-14 00:00:00,3,2291.87,0.00,2696.32,0.85,__NONE__,true,0.00,0.00,0.00,0.0,0.00,,STD,daily_trade_details,Referrals & Revenue Share – Situational Partnership
100179|1|V000003,100179,1,V000003,1744,529T|,202604,2026-04-14 00:00:00,2026-04-14 00:00:00,5,0.00,1572.11,1849.54,0.85,INELG,false,0.00,0.00,0.00,0.0,0.00,,STD,daily_trade_details,529 Plans
100180|1|V000003,100180,1,V000003,1765,529T|,202604,2026-04-16 00:00:00,2026-04-16 00:00:00,5,2001.02,0.00,2354.15,0.85,__NONE__,true,0.00,0.00,0.00,0.0,0.00,,STD,daily_trade_details,529 Plans
100181|1|V000003,100181,1,V000003,1786,STRT|,202604,2026-04-24 00:00:00,2026-04-24 00:00:00,2,2594.91,0.00,3052.84,0.85,__NONE__,true,0.00,0.00,0.00,0.0,0.00,,STD,daily_trade_details,Structured Products
100182|1|V000003,100182,1,V000003,1751,STRT|,202604,2026-04-10 00:00:00,2026-04-10 00:00:00,5,314.67,0.00,370.20,0.85,__NONE__,true,0.00,0.00,0.00,0.0,0.00,RPG008,STD,daily_trade_details,Structured Products
100183|1|V000003,100183,1,V000003,1772,ELIS|OP,202604,2026-04-01 00:00:00,2026-04-01 00:00:00,3,1762.67,0.00,2073.72,0.85,__NONE__,true,0.00,0.00,0.00,0.0,0.00,,STD,daily_trade_details,Options
100184|1|V000003,100184,1,V000003,1737,ELIS|OP,202604,2026-04-14 00:00:00,2026-04-14 00:00:00,1,2045.54,0.00,2406.51,0.85,__NONE__,true,0.00,0.00,0.00,0.0,0.00,,STD,daily_trade_details,Options
100185|1|V000003,100185,1,V000003,1758,FCXX|,202604,2026-04-22 00:00:00,2026-04-22 00:00:00,1,1518.57,0.00,1786.56,0.85,__NONE__,true,0.00,0.00,0.00,0.0,0.00,,STD,daily_trade_details,Fixed Income – Corporate Bonds
100186|1|V000003,100186,1,V000003,1751,FCXX|,202604,2026-04-10 00:00:00,2026-04-10 00:00:00,5,1936.80,0.00,2278.59,0.85,__NONE__,true,0.00,0.00,0.00,0.0,0.00,RPG008,STD,daily_trade_details,Fixed Income – Corporate Bonds
100187|1|V000003,100187,1,V000003,1779,FIX|,202604,2026-04-03 00:00:00,2026-04-03 00:00:00,5,1911.95,0.00,2249.35,0.85,__NONE__,true,0.00,0.00,0.00,0.0,0.00,RPG012,STD,daily_trade_details,Life & Annuities — FIX
100188|1|V000003,100188,1,V000003,1744,FIX|,202604,2026-04-17 00:00:00,2026-04-17 00:00:00,1,1462.48,0.00,1720.57,0.85,__NONE__,true,0.00,0.00,0.00,0.0,0.00,,STD,daily_trade_details,Life & Annuities — FIX
100189|1|V000003,100189,1,V000003,1800,VARI|,202604,2026-04-07 00:00:00,2026-04-07 00:00:00,2,1605.99,0.00,1889.40,0.85,__NONE__,true,0.00,0.00,0.00,0.0,0.00,,STD,daily_trade_details,Life & Annuities — VARI
100190|1|V000003,100190,1,V000003,1765,VARI|,202604,2026-04-17 00:00:00,2026-04-17 00:00:00,3,900.28,0.00,1059.15,0.85,__NONE__,true,0.00,0.00,0.00,0.0,0.00,,STD,daily_trade_details,Life & Annuities — VARI
100191|1|V000003,100191,1,V000003,1772,ALTI|,202604,2026-04-09 00:00:00,2026-04-09 00:00:00,2,1341.34,0.00,1578.05,0.85,__NONE__,true,0.00,0.00,0.00,0.0,0.00,,STD,daily_trade_details,Alternative Investments
100192|1|V000003,100192,1,V000003,1800,ALTI|,202604,2026-04-21 00:00:00,2026-04-21 00:00:00,4,550.64,0.00,647.81,0.85,__NONE__,true,0.00,0.00,0.00,0.0,0.00,,STD,daily_trade_details,Alternative Investments
100193|1|V000003,100193,1,V000003,1772,LEND|SBL,202604,2026-04-09 00:00:00,2026-04-09 00:00:00,4,1234.98,0.00,1452.92,0.85,__NONE__,true,0.00,0.00,0.00,0.0,0.00,,STD,daily_trade_details,Lending – Security Based Lending
100194|1|V000003,100194,1,V000003,1765,LEND|SBL,202604,2026-04-03 00:00:00,2026-04-03 00:00:00,2,1365.70,0.00,1606.70,0.85,__NONE__,true,0.00,0.00,0.00,0.0,0.00,,STD,daily_trade_details,Lending – Security Based Lending
100195|1|V000003,100195,1,V000003,1765,LEND|MGN,202604,2026-04-02 00:00:00,2026-04-02 00:00:00,2,2200.69,0.00,2589.05,0.85,__NONE__,true,0.00,0.00,0.00,0.0,0.00,,STD,daily_trade_details,Lending – Margin
100196|1|V000003,100196,1,V000003,1772,LEND|MGN,202604,2026-04-16 00:00:00,2026-04-16 00:00:00,4,641.14,0.00,754.29,0.85,__NONE__,true,0.00,0.00,0.00,0.0,0.00,,STD,daily_trade_details,Lending – Margin
100197|1|V000003,100197,1,V000003,1793,EDK|,202604,2026-04-08 00:00:00,2026-04-08 00:00:00,1,412.59,0.00,485.40,0.85,__NONE__,true,0.00,0.00,0.00,0.0,0.00,,STD,daily_trade_details,Referrals & Revenue Share – Everyday 401K
100198|1|V000003,100198,1,V000003,1779,EDK|,202604,2026-04-24 00:00:00,2026-04-24 00:00:00,2,2265.58,0.00,2665.39,0.85,__NONE__,true,0.00,0.00,0.00,0.0,0.00,RPG012,STD,daily_trade_details,Referrals & Revenue Share – Everyday 401K
100199|1|V000003,100199,1,V000003,1744,OIS1|,202605,2026-05-07 00:00:00,2026-05-07 00:00:00,1,1410.39,0.00,1659.29,0.85,__NONE__,true,0.00,0.00,0.00,0.0,0.00,,STD,daily_trade_details,Managed Accounts — OIS1
100200|1|V000003,100200,1,V000003,1737,OIS1|,202605,2026-05-12 00:00:00,2026-05-12 00:00:00,2,457.30,0.00,538.00,0.85,__NONE__,true,0.00,0.00,0.00,0.0,0.00,,STD,daily_trade_details,Managed Accounts — OIS1
100201|1|V000003,100201,1,V000003,1758,ITMF|,202605,2026-05-30 00:00:00,2026-05-30 00:00:00,1,2271.25,0.00,2672.06,0.85,__NONE__,true,0.00,0.00,0.00,0.0,0.00,,STD,daily_trade_details,Trails – Life & Annuities — ITMF
100202|1|V000003,100202,1,V000003,1800,ITMF|,202605,2026-05-05 00:00:00,2026-05-05 00:00:00,1,1705.76,0.00,2006.77,0.85,__NONE__,true,0.00,0.00,0.00,0.0,0.00,,STD,daily_trade_details,Trails – Life & Annuities — ITMF
100203|1|V000003,100203,1,V000003,1744,ADVA|,202605,2026-05-07 00:00:00,2026-05-07 00:00:00,1,781.24,0.00,919.11,0.85,__NONE__,true,0.00,0.00,0.00,0.0,0.00,,STD,daily_trade_details,Trails – Life & Annuities — ADVA
100204|1|V000003,100204,1,V000003,1772,ADVA|,202605,2026-05-04 00:00:00,2026-05-04 00:00:00,2,602.18,0.00,708.44,0.85,__NONE__,true,0.00,0.00,0.00,0.0,0.00,,STD,daily_trade_details,Trails – Life & Annuities — ADVA
100205|1|V000003,100205,1,V000003,1800,PCS|,202605,2026-05-22 00:00:00,2026-05-22 00:00:00,1,1341.63,0.00,1578.39,0.85,__NONE__,true,0.00,0.00,0.00,0.0,0.00,,STD,daily_trade_details,Referrals & Revenue Share – Situational Partnership
100206|1|V000003,100206,1,V000003,1779,PCS|,202605,2026-05-11 00:00:00,2026-05-11 00:00:00,2,1936.89,0.00,2278.69,0.85,__NONE__,true,0.00,0.00,0.00,0.0,0.00,RPG012,STD,daily_trade_details,Referrals & Revenue Share – Situational Partnership
100207|1|V000003,100207,1,V000003,1765,529T|,202605,2026-05-04 00:00:00,2026-05-04 00:00:00,5,976.69,0.00,1149.05,0.85,__NONE__,true,0.00,0.00,0.00,0.0,0.00,,STD,daily_trade_details,529 Plans
100208|1|V000003,100208,1,V000003,1800,529T|,202605,2026-05-22 00:00:00,2026-05-22 00:00:00,4,1779.21,0.00,2093.19,0.85,__NONE__,true,0.00,0.00,0.00,0.0,0.00,,STD,daily_trade_details,529 Plans
100209|1|V000003,100209,1,V000003,1793,STRT|,202605,2026-05-19 00:00:00,2026-05-19 00:00:00,2,1450.83,0.00,1706.86,0.85,__NONE__,true,0.00,0.00,0.00,0.0,0.00,,STD,daily_trade_details,Structured Products
100210|1|V000003,100210,1,V000003,1779,STRT|,202605,2026-05-26 00:00:00,2026-05-26 00:00:00,2,785.31,0.00,923.89,0.85,__NONE__,true,0.00,0.00,0.00,0.0,0.00,RPG012,STD,daily_trade_details,Structured Products
100211|1|V000003,100211,1,V000003,1793,ELIS|OP,202605,2026-05-18 00:00:00,2026-05-18 00:00:00,4,2202.63,0.00,2591.33,0.85,__NONE__,true,0.00,0.00,0.00,0.0,0.00,,STD,daily_trade_details,Options
100212|1|V000003,100212,1,V000003,1793,ELIS|OP,202605,2026-05-28 00:00:00,2026-05-28 00:00:00,5,2170.71,0.00,2553.77,0.85,__NONE__,true,0.00,0.00,0.00,0.0,0.00,,STD,daily_trade_details,Options
100213|1|V000003,100213,1,V000003,1772,FCXX|,202605,2026-05-15 00:00:00,2026-05-15 00:00:00,5,1235.04,0.00,1452.99,0.85,__NONE__,true,0.00,0.00,0.00,0.0,0.00,,STD,daily_trade_details,Fixed Income – Corporate Bonds
100214|1|V000003,100214,1,V000003,1758,FCXX|,202605,2026-05-13 00:00:00,2026-05-13 00:00:00,1,380.26,0.00,447.36,0.85,__NONE__,true,0.00,0.00,0.00,0.0,0.00,,STD,daily_trade_details,Fixed Income – Corporate Bonds
100215|1|V000003,100215,1,V000003,1786,FIX|,202605,2026-05-12 00:00:00,2026-05-12 00:00:00,2,1570.81,0.00,1848.02,0.85,__NONE__,true,0.00,0.00,0.00,0.0,0.00,,STD,daily_trade_details,Life & Annuities — FIX
100216|1|V000003,100216,1,V000003,1744,FIX|,202605,2026-05-27 00:00:00,2026-05-27 00:00:00,1,900.52,0.00,1059.44,0.85,__NONE__,true,0.00,0.00,0.00,0.0,0.00,,STD,daily_trade_details,Life & Annuities — FIX
100217|1|V000003,100217,1,V000003,1758,VARI|,202605,2026-05-19 00:00:00,2026-05-19 00:00:00,3,1680.94,0.00,1977.57,0.85,__NONE__,true,0.00,0.00,0.00,0.0,0.00,,STD,daily_trade_details,Life & Annuities — VARI
100218|1|V000003,100218,1,V000003,1751,VARI|,202605,2026-05-18 00:00:00,2026-05-18 00:00:00,5,729.71,0.00,858.48,0.85,__NONE__,true,0.00,0.00,0.00,0.0,0.00,RPG008,STD,daily_trade_details,Life & Annuities — VARI
100219|1|V000003,100219,1,V000003,1737,ALTI|,202605,2026-05-28 00:00:00,2026-05-28 00:00:00,5,1985.07,0.00,2335.38,0.85,__NONE__,true,0.00,0.00,0.00,0.0,0.00,,STD,daily_trade_details,Alternative Investments
100220|1|V000003,100220,1,V000003,1751,ALTI|,202605,2026-05-22 00:00:00,2026-05-22 00:00:00,5,1650.98,0.00,1942.33,0.85,__NONE__,true,0.00,0.00,0.00,0.0,0.00,RPG008,STD,daily_trade_details,Alternative Investments
100221|1|V000003,100221,1,V000003,1765,LEND|SBL,202605,2026-05-12 00:00:00,2026-05-12 00:00:00,5,0.00,728.41,856.96,0.85,INELG,false,0.00,0.00,0.00,0.0,0.00,,STD,daily_trade_details,Lending – Security Based Lending
100222|1|V000003,100222,1,V000003,1758,LEND|SBL,202605,2026-05-15 00:00:00,2026-05-15 00:00:00,5,357.94,0.00,421.10,0.85,__NONE__,true,0.00,0.00,0.00,0.0,0.00,,STD,daily_trade_details,Lending – Security Based Lending
100223|1|V000003,100223,1,V000003,1758,LEND|MGN,202605,2026-05-08 00:00:00,2026-05-08 00:00:00,3,2230.24,0.00,2623.82,0.85,__NONE__,true,0.00,0.00,0.00,0.0,0.00,,STD,daily_trade_details,Lending – Margin
100224|1|V000003,100224,1,V000003,1737,LEND|MGN,202605,2026-05-07 00:00:00,2026-05-07 00:00:00,1,362.66,0.00,426.66,0.85,__NONE__,true,0.00,0.00,0.00,0.0,0.00,,STD,daily_trade_details,Lending – Margin
100225|1|V000003,100225,1,V000003,1793,EDK|,202605,2026-05-18 00:00:00,2026-05-18 00:00:00,4,2359.32,0.00,2775.67,0.85,__NONE__,true,0.00,0.00,0.00,0.0,0.00,,STD,daily_trade_details,Referrals & Revenue Share – Everyday 401K
100226|1|V000003,100226,1,V000003,1800,EDK|,202605,2026-05-07 00:00:00,2026-05-07 00:00:00,2,551.01,0.00,648.24,0.85,__NONE__,true,0.00,0.00,0.00,0.0,0.00,,STD,daily_trade_details,Referrals & Revenue Share – Everyday 401K
100227|1|V000003,100227,1,V000003,1779,OIS1|,202606,2026-06-16 00:00:00,2026-06-16 00:00:00,3,2121.24,0.00,2495.57,0.85,__NONE__,true,0.00,0.00,0.00,0.0,0.00,RPG012,STD,daily_trade_details,Managed Accounts — OIS1
100228|1|V000003,100228,1,V000003,1751,ITMF|,202606,2026-06-15 00:00:00,2026-06-15 00:00:00,3,1926.52,0.00,2266.49,0.85,__NONE__,true,0.00,0.00,0.00,0.0,0.00,RPG008,STD,daily_trade_details,Trails – Life & Annuities — ITMF
100229|1|V000003,100229,1,V000003,1758,ADVA|,202606,2026-06-09 00:00:00,2026-06-09 00:00:00,3,1830.72,0.00,2153.79,0.85,__NONE__,true,0.00,0.00,0.00,0.0,0.00,,STD,daily_trade_details,Trails – Life & Annuities — ADVA
100230|1|V000003,100230,1,V000003,1765,PCS|,202606,2026-06-17 00:00:00,2026-06-17 00:00:00,5,592.90,0.00,697.53,0.85,__NONE__,true,0.00,0.00,0.00,0.0,0.00,,STD,daily_trade_details,Referrals & Revenue Share – Situational Partnership
100231|1|V000003,100231,1,V000003,1779,529T|,202606,2026-06-15 00:00:00,2026-06-15 00:00:00,1,2256.74,0.00,2654.99,0.85,__NONE__,true,0.00,0.00,0.00,0.0,0.00,RPG012,STD,daily_trade_details,529 Plans
100232|1|V000003,100232,1,V000003,1751,STRT|,202606,2026-06-15 00:00:00,2026-06-15 00:00:00,2,1685.49,0.00,1982.93,0.85,__NONE__,true,0.00,0.00,0.00,0.0,0.00,RPG008,STD,daily_trade_details,Structured Products
100233|1|V000003,100233,1,V000003,1800,ELIS|OP,202606,2026-06-08 00:00:00,2026-06-08 00:00:00,1,539.45,0.00,634.65,0.85,__NONE__,true,0.00,0.00,0.00,0.0,0.00,,STD,daily_trade_details,Options
100234|1|V000003,100234,1,V000003,1758,FCXX|,202606,2026-06-16 00:00:00,2026-06-16 00:00:00,1,1097.66,0.00,1291.37,0.85,__NONE__,true,0.00,0.00,0.00,0.0,0.00,,STD,daily_trade_details,Fixed Income – Corporate Bonds
100235|1|V000003,100235,1,V000003,1772,FIX|,202606,2026-06-04 00:00:00,2026-06-04 00:00:00,1,1327.25,0.00,1561.47,0.85,__NONE__,true,0.00,0.00,0.00,0.0,0.00,,STD,daily_trade_details,Life & Annuities — FIX
100236|1|V000003,100236,1,V000003,1772,VARI|,202606,2026-06-01 00:00:00,2026-06-01 00:00:00,1,890.31,0.00,1047.43,0.85,__NONE__,true,0.00,0.00,0.00,0.0,0.00,,STD,daily_trade_details,Life & Annuities — VARI
100237|1|V000003,100237,1,V000003,1779,ALTI|,202606,2026-06-03 00:00:00,2026-06-03 00:00:00,4,1307.91,0.00,1538.71,0.85,__NONE__,true,0.00,0.00,0.00,0.0,0.00,RPG012,STD,daily_trade_details,Alternative Investments
100238|1|V000003,100238,1,V000003,1786,LEND|SBL,202606,2026-06-09 00:00:00,2026-06-09 00:00:00,1,2328.07,0.00,2738.91,0.85,__NONE__,true,0.00,0.00,0.00,0.0,0.00,,STD,daily_trade_details,Lending – Security Based Lending
100239|1|V000003,100239,1,V000003,1786,LEND|MGN,202606,2026-06-16 00:00:00,2026-06-16 00:00:00,2,2114.08,0.00,2487.15,0.85,__NONE__,true,0.00,0.00,0.00,0.0,0.00,,STD,daily_trade_details,Lending – Margin
100240|1|V000003,100240,1,V000003,1751,EDK|,202606,2026-06-01 00:00:00,2026-06-01 00:00:00,3,1337.96,0.00,1574.07,0.85,__NONE__,true,0.00,0.00,0.00,0.0,0.00,RPG008,STD,daily_trade_details,Referrals & Revenue Share – Everyday 401K
100241|1|V000004,100241,1,V000004,1807,OISC|,202604,2026-04-03 00:00:00,2026-04-03 00:00:00,3,1033.05,0.00,1215.35,0.85,__NONE__,true,0.00,0.00,0.00,0.0,0.00,RPG009,STD,daily_trade_details,Managed Accounts — OISC
100242|1|V000004,100242,1,V000004,1821,OISC|,202604,2026-04-03 00:00:00,2026-04-03 00:00:00,5,2342.24,0.00,2755.58,0.85,__NONE__,true,0.00,0.00,0.00,0.0,0.00,,STD,daily_trade_details,Managed Accounts — OISC
100243|1|V000004,100243,1,V000004,1814,MAP|,202604,2026-04-22 00:00:00,2026-04-22 00:00:00,1,1077.29,0.00,1267.40,0.85,__NONE__,true,0.00,0.00,0.00,0.0,0.00,RPG010,STD,daily_trade_details,Managed Accounts — MAP
100244|1|V000004,100244,1,V000004,1849,MAP|,202604,2026-04-20 00:00:00,2026-04-20 00:00:00,2,2467.62,0.00,2903.08,0.85,__NONE__,true,0.00,0.00,0.00,0.0,0.00,RPG015,STD,daily_trade_details,Managed Accounts — MAP
100245|1|V000004,100245,1,V000004,1807,UMA|,202604,2026-04-09 00:00:00,2026-04-09 00:00:00,4,532.89,0.00,626.93,0.85,__NONE__,true,0.00,0.00,0.00,0.0,0.00,RPG009,STD,daily_trade_details,Managed – Unified Managed Accounts
100246|1|V000004,100246,1,V000004,1863,UMA|,202604,2026-04-13 00:00:00,2026-04-13 00:00:00,3,1960.69,0.00,2306.69,0.85,__NONE__,true,0.00,0.00,0.00,0.0,0.00,,STD,daily_trade_details,Managed – Unified Managed Accounts
100247|1|V000004,100247,1,V000004,1835,ATMF|,202604,2026-04-07 00:00:00,2026-04-07 00:00:00,1,0.00,846.36,995.72,0.85,ADJ,false,0.00,0.00,0.00,0.0,0.00,,STD,daily_trade_details,Trails – Mutual Funds
100248|1|V000004,100248,1,V000004,1842,ATMF|,202604,2026-04-29 00:00:00,2026-04-29 00:00:00,5,308.78,0.00,363.27,0.85,__NONE__,true,0.00,0.00,0.00,0.0,0.00,,STD,daily_trade_details,Trails – Mutual Funds
100249|1|V000004,100249,1,V000004,1856,ADVA|,202604,2026-04-29 00:00:00,2026-04-29 00:00:00,3,0.00,759.25,893.24,0.85,INELG,false,0.00,0.00,0.00,0.0,0.00,,STD,daily_trade_details,Trails – Life & Annuities — ADVA
100250|1|V000004,100250,1,V000004,1814,ADVA|,202604,2026-04-17 00:00:00,2026-04-17 00:00:00,4,1389.21,0.00,1634.37,0.85,__NONE__,true,0.00,0.00,0.00,0.0,0.00,RPG010,STD,daily_trade_details,Trails – Life & Annuities — ADVA
100251|1|V000004,100251,1,V000004,1856,MMKT|,202604,2026-04-29 00:00:00,2026-04-29 00:00:00,5,2358.22,0.00,2774.37,0.85,__NONE__,true,0.00,0.00,0.00,0.0,0.00,,STD,daily_trade_details,Cash Management – Money Market Funds
100252|1|V000004,100252,1,V000004,1849,MMKT|,202604,2026-04-16 00:00:00,2026-04-16 00:00:00,2,725.23,0.00,853.21,0.85,__NONE__,true,0.00,0.00,0.00,0.0,0.00,RPG015,STD,daily_trade_details,Cash Management – Money Market Funds
100253|1|V000004,100253,1,V000004,1856,529T|,202604,2026-04-13 00:00:00,2026-04-13 00:00:00,2,402.62,0.00,473.67,0.85,__NONE__,true,0.00,0.00,0.00,0.0,0.00,,STD,daily_trade_details,529 Plans
100254|1|V000004,100254,1,V000004,1835,529T|,202604,2026-04-06 00:00:00,2026-04-06 00:00:00,1,1597.77,0.00,1879.73,0.85,__NONE__,true,0.00,0.00,0.00,0.0,0.00,,STD,daily_trade_details,529 Plans
100255|1|V000004,100255,1,V000004,1842,ELIS|EQ,202604,2026-04-27 00:00:00,2026-04-27 00:00:00,2,2158.81,0.00,2539.78,0.85,__NONE__,true,0.00,0.00,0.00,0.0,0.00,,STD,daily_trade_details,Equities
100256|1|V000004,100256,1,V000004,1863,ELIS|EQ,202604,2026-04-23 00:00:00,2026-04-23 00:00:00,4,440.26,0.00,517.96,0.85,__NONE__,true,0.00,0.00,0.00,0.0,0.00,,STD,daily_trade_details,Equities
100257|1|V000004,100257,1,V000004,1863,MUFD|,202604,2026-04-27 00:00:00,2026-04-27 00:00:00,2,1880.26,0.00,2212.07,0.85,__NONE__,true,0.00,0.00,0.00,0.0,0.00,,STD,daily_trade_details,Mutual Funds
100258|1|V000004,100258,1,V000004,1856,MUFD|,202604,2026-04-02 00:00:00,2026-04-02 00:00:00,5,987.36,0.00,1161.60,0.85,__NONE__,true,0.00,0.00,0.00,0.0,0.00,,STD,daily_trade_details,Mutual Funds
100259|1|V000004,100259,1,V000004,1870,FCXX|,202604,2026-04-28 00:00:00,2026-04-28 00:00:00,2,2371.05,0.00,2789.47,0.85,__NONE__,true,0.00,0.00,0.00,0.0,0.00,,STD,daily_trade_details,Fixed Income – Corporate Bonds
100260|1|V000004,100260,1,V000004,1814,FCXX|,202604,2026-04-08 00:00:00,2026-04-08 00:00:00,2,2483.29,0.00,2921.51,0.85,__NONE__,true,0.00,0.00,0.00,0.0,0.00,RPG010,STD,daily_trade_details,Fixed Income – Corporate Bonds
100261|1|V000004,100261,1,V000004,1828,FMXX|,202604,2026-04-20 00:00:00,2026-04-20 00:00:00,2,590.23,0.00,694.39,0.85,__NONE__,true,0.00,0.00,0.00,0.0,0.00,,STD,daily_trade_details,Fixed Income – Municipal Bonds
100262|1|V000004,100262,1,V000004,1821,FMXX|,202604,2026-04-03 00:00:00,2026-04-03 00:00:00,1,2218.45,0.00,2609.94,0.85,__NONE__,true,0.00,0.00,0.00,0.0,0.00,,STD,daily_trade_details,Fixed Income – Municipal Bonds
100263|1|V000004,100263,1,V000004,1849,FCOT|,202604,2026-04-13 00:00:00,2026-04-13 00:00:00,5,1579.64,0.00,1858.40,0.85,__NONE__,true,0.00,0.00,0.00,0.0,0.00,RPG015,STD,daily_trade_details,Fixed Income – Other
100264|1|V000004,100264,1,V000004,1856,FCOT|,202604,2026-04-06 00:00:00,2026-04-06 00:00:00,4,0.00,2409.47,2834.67,0.85,ADJ,false,0.00,0.00,0.00,0.0,0.00,,STD,daily_trade_details,Fixed Income – Other
100265|1|V000004,100265,1,V000004,1821,FCCD|,202604,2026-04-06 00:00:00,2026-04-06 00:00:00,1,640.86,0.00,753.95,0.85,__NONE__,true,0.00,0.00,0.00,0.0,0.00,,STD,daily_trade_details,Cash Management – Brokered CDs
100266|1|V000004,100266,1,V000004,1870,FCCD|,202604,2026-04-24 00:00:00,2026-04-24 00:00:00,3,2092.95,0.00,2462.30,0.85,__NONE__,true,0.00,0.00,0.00,0.0,0.00,,STD,daily_trade_details,Cash Management – Brokered CDs
100267|1|V000004,100267,1,V000004,1849,FIX|,202604,2026-04-27 00:00:00,2026-04-27 00:00:00,5,907.51,0.00,1067.66,0.85,__NONE__,true,0.00,0.00,0.00,0.0,0.00,RPG015,STD,daily_trade_details,Life & Annuities — FIX
100268|1|V000004,100268,1,V000004,1856,FIX|,202604,2026-04-07 00:00:00,2026-04-07 00:00:00,5,386.17,0.00,454.32,0.85,__NONE__,true,0.00,0.00,0.00,0.0,0.00,,STD,daily_trade_details,Life & Annuities — FIX
100269|1|V000004,100269,1,V000004,1870,VARI|,202604,2026-04-17 00:00:00,2026-04-17 00:00:00,3,1865.87,0.00,2195.14,0.85,__NONE__,true,0.00,0.00,0.00,0.0,0.00,,STD,daily_trade_details,Life & Annuities — VARI
100270|1|V000004,100270,1,V000004,1828,VARI|,202604,2026-04-13 00:00:00,2026-04-13 00:00:00,3,413.37,0.00,486.32,0.85,__NONE__,true,0.00,0.00,0.00,0.0,0.00,,STD,daily_trade_details,Life & Annuities — VARI
100271|1|V000004,100271,1,V000004,1807,LIFE|,202604,2026-04-14 00:00:00,2026-04-14 00:00:00,3,1077.09,0.00,1267.17,0.85,__NONE__,true,0.00,0.00,0.00,0.0,0.00,RPG009,STD,daily_trade_details,Life & Annuities — LIFE
100272|1|V000004,100272,1,V000004,1856,LIFE|,202604,2026-04-10 00:00:00,2026-04-10 00:00:00,2,2273.94,0.00,2675.22,0.85,__NONE__,true,0.00,0.00,0.00,0.0,0.00,,STD,daily_trade_details,Life & Annuities — LIFE
100273|1|V000004,100273,1,V000004,1835,LEND|SBL,202604,2026-04-15 00:00:00,2026-04-15 00:00:00,3,2540.70,0.00,2989.06,0.85,__NONE__,true,0.00,0.00,0.00,0.0,0.00,,STD,daily_trade_details,Lending – Security Based Lending
100274|1|V000004,100274,1,V000004,1849,LEND|SBL,202604,2026-04-21 00:00:00,2026-04-21 00:00:00,2,1691.45,0.00,1989.94,0.85,__NONE__,true,0.00,0.00,0.00,0.0,0.00,RPG015,STD,daily_trade_details,Lending – Security Based Lending
100275|1|V000004,100275,1,V000004,1849,OISC|,202605,2026-05-18 00:00:00,2026-05-18 00:00:00,1,2074.32,0.00,2440.38,0.85,__NONE__,true,0.00,0.00,0.00,0.0,0.00,RPG015,STD,daily_trade_details,Managed Accounts — OISC
100276|1|V000004,100276,1,V000004,1863,OISC|,202605,2026-05-26 00:00:00,2026-05-26 00:00:00,4,2194.64,0.00,2581.93,0.85,__NONE__,true,0.00,0.00,0.00,0.0,0.00,,STD,daily_trade_details,Managed Accounts — OISC
100277|1|V000004,100277,1,V000004,1821,MAP|,202605,2026-05-28 00:00:00,2026-05-28 00:00:00,1,2168.52,0.00,2551.20,0.85,__NONE__,true,0.00,0.00,0.00,0.0,0.00,,STD,daily_trade_details,Managed Accounts — MAP
100278|1|V000004,100278,1,V000004,1821,MAP|,202605,2026-05-04 00:00:00,2026-05-04 00:00:00,2,769.37,0.00,905.15,0.85,__NONE__,true,0.00,0.00,0.00,0.0,0.00,,STD,daily_trade_details,Managed Accounts — MAP
100279|1|V000004,100279,1,V000004,1807,UMA|,202605,2026-05-11 00:00:00,2026-05-11 00:00:00,3,1397.08,0.00,1643.62,0.85,__NONE__,true,0.00,0.00,0.00,0.0,0.00,RPG009,STD,daily_trade_details,Managed – Unified Managed Accounts
100280|1|V000004,100280,1,V000004,1842,UMA|,202605,2026-05-30 00:00:00,2026-05-30 00:00:00,1,2270.86,0.00,2671.60,0.85,__NONE__,true,0.00,0.00,0.00,0.0,0.00,,STD,daily_trade_details,Managed – Unified Managed Accounts
100281|1|V000004,100281,1,V000004,1807,ATMF|,202605,2026-05-21 00:00:00,2026-05-21 00:00:00,2,886.43,0.00,1042.86,0.85,__NONE__,true,0.00,0.00,0.00,0.0,0.00,RPG009,STD,daily_trade_details,Trails – Mutual Funds
100282|1|V000004,100282,1,V000004,1856,ATMF|,202605,2026-05-08 00:00:00,2026-05-08 00:00:00,3,1707.57,0.00,2008.90,0.85,__NONE__,true,0.00,0.00,0.00,0.0,0.00,,STD,daily_trade_details,Trails – Mutual Funds
100283|1|V000004,100283,1,V000004,1814,ADVA|,202605,2026-05-08 00:00:00,2026-05-08 00:00:00,5,989.11,0.00,1163.66,0.85,__NONE__,true,0.00,0.00,0.00,0.0,0.00,RPG010,STD,daily_trade_details,Trails – Life & Annuities — ADVA
100284|1|V000004,100284,1,V000004,1828,ADVA|,202605,2026-05-11 00:00:00,2026-05-11 00:00:00,3,2350.85,0.00,2765.71,0.85,__NONE__,true,0.00,0.00,0.00,0.0,0.00,,STD,daily_trade_details,Trails – Life & Annuities — ADVA
100285|1|V000004,100285,1,V000004,1849,MMKT|,202605,2026-05-01 00:00:00,2026-05-01 00:00:00,4,1532.37,0.00,1802.78,0.85,__NONE__,true,0.00,0.00,0.00,0.0,0.00,RPG015,STD,daily_trade_details,Cash Management – Money Market Funds
100286|1|V000004,100286,1,V000004,1821,MMKT|,202605,2026-05-01 00:00:00,2026-05-01 00:00:00,2,1851.57,0.00,2178.32,0.85,__NONE__,true,0.00,0.00,0.00,0.0,0.00,,STD,daily_trade_details,Cash Management – Money Market Funds
100287|1|V000004,100287,1,V000004,1835,529T|,202605,2026-05-30 00:00:00,2026-05-30 00:00:00,3,1758.66,0.00,2069.01,0.85,__NONE__,true,0.00,0.00,0.00,0.0,0.00,,STD,daily_trade_details,529 Plans
100288|1|V000004,100288,1,V000004,1849,529T|,202605,2026-05-21 00:00:00,2026-05-21 00:00:00,3,2442.20,0.00,2873.17,0.85,__NONE__,true,0.00,0.00,0.00,0.0,0.00,RPG015,STD,daily_trade_details,529 Plans
100289|1|V000004,100289,1,V000004,1828,ELIS|EQ,202605,2026-05-29 00:00:00,2026-05-29 00:00:00,4,1421.47,0.00,1672.32,0.85,__NONE__,true,0.00,0.00,0.00,0.0,0.00,,STD,daily_trade_details,Equities
100290|1|V000004,100290,1,V000004,1870,ELIS|EQ,202605,2026-05-18 00:00:00,2026-05-18 00:00:00,5,554.05,0.00,651.83,0.85,__NONE__,true,0.00,0.00,0.00,0.0,0.00,,STD,daily_trade_details,Equities
100291|1|V000004,100291,1,V000004,1870,MUFD|,202605,2026-05-06 00:00:00,2026-05-06 00:00:00,4,1760.34,0.00,2070.99,0.85,__NONE__,true,0.00,0.00,0.00,0.0,0.00,,STD,daily_trade_details,Mutual Funds
100292|1|V000004,100292,1,V000004,1814,MUFD|,202605,2026-05-15 00:00:00,2026-05-15 00:00:00,3,1111.02,0.00,1307.09,0.85,__NONE__,true,0.00,0.00,0.00,0.0,0.00,RPG010,STD,daily_trade_details,Mutual Funds
100293|1|V000004,100293,1,V000004,1835,FCXX|,202605,2026-05-30 00:00:00,2026-05-30 00:00:00,3,1872.39,0.00,2202.81,0.85,__NONE__,true,0.00,0.00,0.00,0.0,0.00,,STD,daily_trade_details,Fixed Income – Corporate Bonds
100294|1|V000004,100294,1,V000004,1828,FCXX|,202605,2026-05-04 00:00:00,2026-05-04 00:00:00,5,667.41,0.00,785.18,0.85,__NONE__,true,0.00,0.00,0.00,0.0,0.00,,STD,daily_trade_details,Fixed Income – Corporate Bonds
100295|1|V000004,100295,1,V000004,1849,FMXX|,202605,2026-05-01 00:00:00,2026-05-01 00:00:00,4,1882.89,0.00,2215.17,0.85,__NONE__,true,0.00,0.00,0.00,0.0,0.00,RPG015,STD,daily_trade_details,Fixed Income – Municipal Bonds
100296|1|V000004,100296,1,V000004,1835,FMXX|,202605,2026-05-19 00:00:00,2026-05-19 00:00:00,1,928.06,0.00,1091.84,0.85,__NONE__,true,0.00,0.00,0.00,0.0,0.00,,STD,daily_trade_details,Fixed Income – Municipal Bonds
100297|1|V000004,100297,1,V000004,1870,FCOT|,202605,2026-05-11 00:00:00,2026-05-11 00:00:00,3,1996.06,0.00,2348.30,0.85,__NONE__,true,0.00,0.00,0.00,0.0,0.00,,STD,daily_trade_details,Fixed Income – Other
100298|1|V000004,100298,1,V000004,1828,FCOT|,202605,2026-05-22 00:00:00,2026-05-22 00:00:00,3,1944.28,0.00,2287.39,0.85,__NONE__,true,0.00,0.00,0.00,0.0,0.00,,STD,daily_trade_details,Fixed Income – Other
100299|1|V000004,100299,1,V000004,1863,FCCD|,202605,2026-05-27 00:00:00,2026-05-27 00:00:00,2,1025.11,0.00,1206.02,0.85,__NONE__,true,0.00,0.00,0.00,0.0,0.00,,STD,daily_trade_details,Cash Management – Brokered CDs
100300|1|V000004,100300,1,V000004,1835,FCCD|,202605,2026-05-13 00:00:00,2026-05-13 00:00:00,5,542.84,0.00,638.64,0.85,__NONE__,true,0.00,0.00,0.00,0.0,0.00,,STD,daily_trade_details,Cash Management – Brokered CDs
100301|1|V000004,100301,1,V000004,1821,FIX|,202605,2026-05-30 00:00:00,2026-05-30 00:00:00,1,2564.65,0.00,3017.24,0.85,__NONE__,true,0.00,0.00,0.00,0.0,0.00,,STD,daily_trade_details,Life & Annuities — FIX
100302|1|V000004,100302,1,V000004,1828,FIX|,202605,2026-05-14 00:00:00,2026-05-14 00:00:00,4,1156.25,0.00,1360.30,0.85,__NONE__,true,0.00,0.00,0.00,0.0,0.00,,STD,daily_trade_details,Life & Annuities — FIX
100303|1|V000004,100303,1,V000004,1842,VARI|,202605,2026-05-21 00:00:00,2026-05-21 00:00:00,1,1195.29,0.00,1406.22,0.85,__NONE__,true,0.00,0.00,0.00,0.0,0.00,,STD,daily_trade_details,Life & Annuities — VARI
100304|1|V000004,100304,1,V000004,1856,VARI|,202605,2026-05-28 00:00:00,2026-05-28 00:00:00,5,438.28,0.00,515.62,0.85,__NONE__,true,0.00,0.00,0.00,0.0,0.00,,STD,daily_trade_details,Life & Annuities — VARI
100305|1|V000004,100305,1,V000004,1814,LIFE|,202605,2026-05-06 00:00:00,2026-05-06 00:00:00,4,1434.62,0.00,1687.79,0.85,__NONE__,true,0.00,0.00,0.00,0.0,0.00,RPG010,STD,daily_trade_details,Life & Annuities — LIFE
100306|1|V000004,100306,1,V000004,1863,LIFE|,202605,2026-05-07 00:00:00,2026-05-07 00:00:00,2,0.00,1020.74,1200.87,0.85,INELG,false,0.00,0.00,0.00,0.0,0.00,,STD,daily_trade_details,Life & Annuities — LIFE
100307|1|V000004,100307,1,V000004,1842,LEND|SBL,202605,2026-05-21 00:00:00,2026-05-21 00:00:00,2,1284.58,0.00,1511.27,0.85,__NONE__,true,0.00,0.00,0.00,0.0,0.00,,STD,daily_trade_details,Lending – Security Based Lending
100308|1|V000004,100308,1,V000004,1842,LEND|SBL,202605,2026-05-05 00:00:00,2026-05-05 00:00:00,4,2363.43,0.00,2780.50,0.85,__NONE__,true,0.00,0.00,0.00,0.0,0.00,,STD,daily_trade_details,Lending – Security Based Lending
100309|1|V000004,100309,1,V000004,1842,OISC|,202606,2026-06-16 00:00:00,2026-06-16 00:00:00,1,1751.38,0.00,2060.44,0.85,__NONE__,true,0.00,0.00,0.00,0.0,0.00,,STD,daily_trade_details,Managed Accounts — OISC
100310|1|V000004,100310,1,V000004,1807,MAP|,202606,2026-06-03 00:00:00,2026-06-03 00:00:00,5,1339.72,0.00,1576.14,0.85,__NONE__,true,0.00,0.00,0.00,0.0,0.00,RPG009,STD,daily_trade_details,Managed Accounts — MAP
100311|1|V000004,100311,1,V000004,1821,UMA|,202606,2026-06-02 00:00:00,2026-06-02 00:00:00,2,1426.03,0.00,1677.68,0.85,__NONE__,true,0.00,0.00,0.00,0.0,0.00,,STD,daily_trade_details,Managed – Unified Managed Accounts
100312|1|V000004,100312,1,V000004,1870,ATMF|,202606,2026-06-09 00:00:00,2026-06-09 00:00:00,4,1297.54,0.00,1526.51,0.85,__NONE__,true,0.00,0.00,0.00,0.0,0.00,,STD,daily_trade_details,Trails – Mutual Funds
100313|1|V000004,100313,1,V000004,1849,ADVA|,202606,2026-06-17 00:00:00,2026-06-17 00:00:00,3,310.74,0.00,365.58,0.85,__NONE__,true,0.00,0.00,0.00,0.0,0.00,RPG015,STD,daily_trade_details,Trails – Life & Annuities — ADVA
100314|1|V000004,100314,1,V000004,1807,MMKT|,202606,2026-06-11 00:00:00,2026-06-11 00:00:00,2,2351.61,0.00,2766.61,0.85,__NONE__,true,0.00,0.00,0.00,0.0,0.00,RPG009,STD,daily_trade_details,Cash Management – Money Market Funds
100315|1|V000004,100315,1,V000004,1807,529T|,202606,2026-06-04 00:00:00,2026-06-04 00:00:00,2,1856.52,0.00,2184.14,0.85,__NONE__,true,0.00,0.00,0.00,0.0,0.00,RPG009,STD,daily_trade_details,529 Plans
100316|1|V000004,100316,1,V000004,1842,ELIS|EQ,202606,2026-06-11 00:00:00,2026-06-11 00:00:00,5,1017.81,0.00,1197.43,0.85,__NONE__,true,0.00,0.00,0.00,0.0,0.00,,STD,daily_trade_details,Equities
100317|1|V000004,100317,1,V000004,1835,MUFD|,202606,2026-06-05 00:00:00,2026-06-05 00:00:00,3,684.15,0.00,804.88,0.85,__NONE__,true,0.00,0.00,0.00,0.0,0.00,,STD,daily_trade_details,Mutual Funds
100318|1|V000004,100318,1,V000004,1856,FCXX|,202606,2026-06-08 00:00:00,2026-06-08 00:00:00,4,1974.01,0.00,2322.37,0.85,__NONE__,true,0.00,0.00,0.00,0.0,0.00,,STD,daily_trade_details,Fixed Income – Corporate Bonds
100319|1|V000004,100319,1,V000004,1821,FMXX|,202606,2026-06-08 00:00:00,2026-06-08 00:00:00,2,1088.29,0.00,1280.34,0.85,__NONE__,true,0.00,0.00,0.00,0.0,0.00,,STD,daily_trade_details,Fixed Income – Municipal Bonds
100320|1|V000004,100320,1,V000004,1821,FCOT|,202606,2026-06-09 00:00:00,2026-06-09 00:00:00,1,2480.59,0.00,2918.35,0.85,__NONE__,true,0.00,0.00,0.00,0.0,0.00,,STD,daily_trade_details,Fixed Income – Other
100321|1|V000004,100321,1,V000004,1828,FCCD|,202606,2026-06-04 00:00:00,2026-06-04 00:00:00,1,815.94,0.00,959.93,0.85,__NONE__,true,0.00,0.00,0.00,0.0,0.00,,STD,daily_trade_details,Cash Management – Brokered CDs
100322|1|V000004,100322,1,V000004,1870,FIX|,202606,2026-06-17 00:00:00,2026-06-17 00:00:00,1,1460.66,0.00,1718.42,0.85,__NONE__,true,0.00,0.00,0.00,0.0,0.00,,STD,daily_trade_details,Life & Annuities — FIX
100323|1|V000004,100323,1,V000004,1849,VARI|,202606,2026-06-11 00:00:00,2026-06-11 00:00:00,5,2316.05,0.00,2724.77,0.85,__NONE__,true,0.00,0.00,0.00,0.0,0.00,RPG015,STD,daily_trade_details,Life & Annuities — VARI
100324|1|V000004,100324,1,V000004,1807,LIFE|,202606,2026-06-16 00:00:00,2026-06-16 00:00:00,1,0.00,1666.03,1960.03,0.85,INELG,false,0.00,0.00,0.00,0.0,0.00,RPG009,STD,daily_trade_details,Life & Annuities — LIFE
100325|1|V000004,100325,1,V000004,1807,LEND|SBL,202606,2026-06-09 00:00:00,2026-06-09 00:00:00,1,1886.42,0.00,2219.32,0.85,__NONE__,true,0.00,0.00,0.00,0.0,0.00,RPG009,STD,daily_trade_details,Lending – Security Based Lending
100326|1|V000005,100326,1,V000005,1933,OIS1|,202604,2026-04-09 00:00:00,2026-04-09 00:00:00,1,881.30,0.00,1036.82,0.85,__NONE__,true,0.00,0.00,0.00,0.0,0.00,,STD,daily_trade_details,Managed Accounts — OIS1
100327|1|V000005,100327,1,V000005,1905,OIS1|,202604,2026-04-23 00:00:00,2026-04-23 00:00:00,3,1268.00,0.00,1491.77,0.85,__NONE__,true,0.00,0.00,0.00,0.0,0.00,RPG016,STD,daily_trade_details,Managed Accounts — OIS1
100328|1|V000005,100328,1,V000005,1940,MAP|,202604,2026-04-06 00:00:00,2026-04-06 00:00:00,5,1692.96,0.00,1991.72,0.85,__NONE__,true,0.00,0.00,0.00,0.0,0.00,,STD,daily_trade_details,Managed Accounts — MAP
100329|1|V000005,100329,1,V000005,1940,MAP|,202604,2026-04-06 00:00:00,2026-04-06 00:00:00,4,570.79,0.00,671.52,0.85,__NONE__,true,0.00,0.00,0.00,0.0,0.00,,STD,daily_trade_details,Managed Accounts — MAP
100330|1|V000005,100330,1,V000005,1898,ATMF|,202604,2026-04-23 00:00:00,2026-04-23 00:00:00,2,1700.70,0.00,2000.83,0.85,__NONE__,true,0.00,0.00,0.00,0.0,0.00,RPG015,STD,daily_trade_details,Trails – Mutual Funds
100331|1|V000005,100331,1,V000005,1912,ATMF|,202604,2026-04-02 00:00:00,2026-04-02 00:00:00,5,1917.90,0.00,2256.36,0.85,__NONE__,true,0.00,0.00,0.00,0.0,0.00,RPG017,STD,daily_trade_details,Trails – Mutual Funds
100332|1|V000005,100332,1,V000005,1926,ITMF|,202604,2026-04-22 00:00:00,2026-04-22 00:00:00,3,2393.82,0.00,2816.26,0.85,__NONE__,true,0.00,0.00,0.00,0.0,0.00,,STD,daily_trade_details,Trails – Life & Annuities — ITMF
100333|1|V000005,100333,1,V000005,1898,ITMF|,202604,2026-04-06 00:00:00,2026-04-06 00:00:00,5,306.30,0.00,360.35,0.85,__NONE__,true,0.00,0.00,0.00,0.0,0.00,RPG015,STD,daily_trade_details,Trails – Life & Annuities — ITMF
100334|1|V000005,100334,1,V000005,1926,ADVA|,202604,2026-04-23 00:00:00,2026-04-23 00:00:00,1,643.03,0.00,756.51,0.85,__NONE__,true,0.00,0.00,0.00,0.0,0.00,,STD,daily_trade_details,Trails – Life & Annuities — ADVA
100335|1|V000005,100335,1,V000005,1884,ADVA|,202604,2026-04-21 00:00:00,2026-04-21 00:00:00,3,2380.99,0.00,2801.17,0.85,__NONE__,true,0.00,0.00,0.00,0.0,0.00,,STD,daily_trade_details,Trails – Life & Annuities — ADVA
100336|1|V000005,100336,1,V000005,1905,PRDP|,202604,2026-04-08 00:00:00,2026-04-08 00:00:00,1,1367.84,0.00,1609.22,0.85,__NONE__,true,0.00,0.00,0.00,0.0,0.00,RPG016,STD,daily_trade_details,Cash Management – Premium Deposits
100337|1|V000005,100337,1,V000005,1905,PRDP|,202604,2026-04-20 00:00:00,2026-04-20 00:00:00,1,1128.49,0.00,1327.64,0.85,__NONE__,true,0.00,0.00,0.00,0.0,0.00,RPG016,STD,daily_trade_details,Cash Management – Premium Deposits
100338|1|V000005,100338,1,V000005,1884,PCS|,202604,2026-04-01 00:00:00,2026-04-01 00:00:00,2,2257.87,0.00,2656.31,0.85,__NONE__,true,0.00,0.00,0.00,0.0,0.00,,STD,daily_trade_details,Referrals & Revenue Share – Situational Partnership
100339|1|V000005,100339,1,V000005,1891,PCS|,202604,2026-04-28 00:00:00,2026-04-28 00:00:00,3,1055.92,0.00,1242.26,0.85,__NONE__,true,0.00,0.00,0.00,0.0,0.00,,STD,daily_trade_details,Referrals & Revenue Share – Situational Partnership
100340|1|V000005,100340,1,V000005,1884,529T|,202604,2026-04-06 00:00:00,2026-04-06 00:00:00,4,1157.03,0.00,1361.21,0.85,__NONE__,true,0.00,0.00,0.00,0.0,0.00,,STD,daily_trade_details,529 Plans
100341|1|V000005,100341,1,V000005,1919,529T|,202604,2026-04-17 00:00:00,2026-04-17 00:00:00,4,2513.31,0.00,2956.84,0.85,__NONE__,true,0.00,0.00,0.00,0.0,0.00,,STD,daily_trade_details,529 Plans
100342|1|V000005,100342,1,V000005,1919,STRT|,202604,2026-04-06 00:00:00,2026-04-06 00:00:00,2,1792.35,0.00,2108.64,0.85,__NONE__,true,0.00,0.00,0.00,0.0,0.00,,STD,daily_trade_details,Structured Products
100343|1|V000005,100343,1,V000005,1877,STRT|,202604,2026-04-06 00:00:00,2026-04-06 00:00:00,4,2557.61,0.00,3008.95,0.85,__NONE__,true,0.00,0.00,0.00,0.0,0.00,RPG012,STD,daily_trade_details,Structured Products
100344|1|V000005,100344,1,V000005,1940,ELIS|EQ,202604,2026-04-21 00:00:00,2026-04-21 00:00:00,2,1410.15,0.00,1659.00,0.85,__NONE__,true,0.00,0.00,0.00,0.0,0.00,,STD,daily_trade_details,Equities
100345|1|V000005,100345,1,V000005,1940,ELIS|EQ,202604,2026-04-01 00:00:00,2026-04-01 00:00:00,2,1173.43,0.00,1380.50,0.85,__NONE__,true,0.00,0.00,0.00,0.0,0.00,,STD,daily_trade_details,Equities
100346|1|V000005,100346,1,V000005,1926,ELIS|OP,202604,2026-04-20 00:00:00,2026-04-20 00:00:00,4,2416.92,0.00,2843.43,0.85,__NONE__,true,0.00,0.00,0.00,0.0,0.00,,STD,daily_trade_details,Options
100347|1|V000005,100347,1,V000005,1877,ELIS|OP,202604,2026-04-01 00:00:00,2026-04-01 00:00:00,5,445.67,0.00,524.32,0.85,__NONE__,true,0.00,0.00,0.00,0.0,0.00,RPG012,STD,daily_trade_details,Options
100348|1|V000005,100348,1,V000005,1940,MUFD|,202604,2026-04-15 00:00:00,2026-04-15 00:00:00,5,1964.68,0.00,2311.39,0.85,__NONE__,true,0.00,0.00,0.00,0.0,0.00,,STD,daily_trade_details,Mutual Funds
100349|1|V000005,100349,1,V000005,1933,MUFD|,202604,2026-04-20 00:00:00,2026-04-20 00:00:00,2,1882.96,0.00,2215.24,0.85,__NONE__,true,0.00,0.00,0.00,0.0,0.00,,STD,daily_trade_details,Mutual Funds
100350|1|V000005,100350,1,V000005,1926,FGXX|,202604,2026-04-17 00:00:00,2026-04-17 00:00:00,2,1095.22,0.00,1288.50,0.85,__NONE__,true,0.00,0.00,0.00,0.0,0.00,,STD,daily_trade_details,Fixed Income – Government Bonds
100351|1|V000005,100351,1,V000005,1933,FGXX|,202604,2026-04-01 00:00:00,2026-04-01 00:00:00,2,2351.74,0.00,2766.76,0.85,__NONE__,true,0.00,0.00,0.00,0.0,0.00,,STD,daily_trade_details,Fixed Income – Government Bonds
100352|1|V000005,100352,1,V000005,1933,FCOT|,202604,2026-04-08 00:00:00,2026-04-08 00:00:00,1,2252.34,0.00,2649.82,0.85,__NONE__,true,0.00,0.00,0.00,0.0,0.00,,STD,daily_trade_details,Fixed Income – Other
100353|1|V000005,100353,1,V000005,1926,FCOT|,202604,2026-04-13 00:00:00,2026-04-13 00:00:00,1,1037.46,0.00,1220.54,0.85,__NONE__,true,0.00,0.00,0.00,0.0,0.00,,STD,daily_trade_details,Fixed Income – Other
100354|1|V000005,100354,1,V000005,1933,FIX|,202604,2026-04-17 00:00:00,2026-04-17 00:00:00,2,812.23,0.00,955.56,0.85,__NONE__,true,0.00,0.00,0.00,0.0,0.00,,STD,daily_trade_details,Life & Annuities — FIX
100355|1|V000005,100355,1,V000005,1884,FIX|,202604,2026-04-21 00:00:00,2026-04-21 00:00:00,1,1355.92,0.00,1595.20,0.85,__NONE__,true,0.00,0.00,0.00,0.0,0.00,,STD,daily_trade_details,Life & Annuities — FIX
100356|1|V000005,100356,1,V000005,1926,VARI|,202604,2026-04-22 00:00:00,2026-04-22 00:00:00,1,1328.26,0.00,1562.65,0.85,__NONE__,true,0.00,0.00,0.00,0.0,0.00,,STD,daily_trade_details,Life & Annuities — VARI
100357|1|V000005,100357,1,V000005,1884,VARI|,202604,2026-04-03 00:00:00,2026-04-03 00:00:00,5,0.00,1227.91,1444.60,0.85,INELG,false,0.00,0.00,0.00,0.0,0.00,,STD,daily_trade_details,Life & Annuities — VARI
100358|1|V000005,100358,1,V000005,1940,LIFE|,202604,2026-04-24 00:00:00,2026-04-24 00:00:00,2,1766.34,0.00,2078.04,0.85,__NONE__,true,0.00,0.00,0.00,0.0,0.00,,STD,daily_trade_details,Life & Annuities — LIFE
100359|1|V000005,100359,1,V000005,1926,LIFE|,202604,2026-04-02 00:00:00,2026-04-02 00:00:00,2,2485.82,0.00,2924.49,0.85,__NONE__,true,0.00,0.00,0.00,0.0,0.00,,STD,daily_trade_details,Life & Annuities — LIFE
100360|1|V000005,100360,1,V000005,1926,ALTI|,202604,2026-04-28 00:00:00,2026-04-28 00:00:00,4,1063.54,0.00,1251.22,0.85,__NONE__,true,0.00,0.00,0.00,0.0,0.00,,STD,daily_trade_details,Alternative Investments
100361|1|V000005,100361,1,V000005,1912,ALTI|,202604,2026-04-10 00:00:00,2026-04-10 00:00:00,1,1946.60,0.00,2290.12,0.85,__NONE__,true,0.00,0.00,0.00,0.0,0.00,RPG017,STD,daily_trade_details,Alternative Investments
100362|1|V000005,100362,1,V000005,1912,DCCR|,202604,2026-04-14 00:00:00,2026-04-14 00:00:00,5,1116.82,0.00,1313.91,0.85,__NONE__,true,0.00,0.00,0.00,0.0,0.00,RPG017,STD,daily_trade_details,Defined Contribution Advisory
100363|1|V000005,100363,1,V000005,1933,DCCR|,202604,2026-04-08 00:00:00,2026-04-08 00:00:00,4,1159.95,0.00,1364.64,0.85,__NONE__,true,0.00,0.00,0.00,0.0,0.00,,STD,daily_trade_details,Defined Contribution Advisory
100364|1|V000005,100364,1,V000005,1891,LEND|SBL,202604,2026-04-20 00:00:00,2026-04-20 00:00:00,1,2190.23,0.00,2576.74,0.85,__NONE__,true,0.00,0.00,0.00,0.0,0.00,,STD,daily_trade_details,Lending – Security Based Lending
100365|1|V000005,100365,1,V000005,1905,LEND|SBL,202604,2026-04-17 00:00:00,2026-04-17 00:00:00,2,1704.96,0.00,2005.83,0.85,__NONE__,true,0.00,0.00,0.00,0.0,0.00,RPG016,STD,daily_trade_details,Lending – Security Based Lending
100366|1|V000005,100366,1,V000005,1926,LEND|MGN,202604,2026-04-15 00:00:00,2026-04-15 00:00:00,1,2196.47,0.00,2584.09,0.85,__NONE__,true,0.00,0.00,0.00,0.0,0.00,,STD,daily_trade_details,Lending – Margin
100367|1|V000005,100367,1,V000005,1919,LEND|MGN,202604,2026-04-27 00:00:00,2026-04-27 00:00:00,1,406.95,0.00,478.77,0.85,__NONE__,true,0.00,0.00,0.00,0.0,0.00,,STD,daily_trade_details,Lending – Margin
100368|1|V000005,100368,1,V000005,1926,OIS1|,202605,2026-05-26 00:00:00,2026-05-26 00:00:00,2,1399.31,0.00,1646.25,0.85,__NONE__,true,0.00,0.00,0.00,0.0,0.00,,STD,daily_trade_details,Managed Accounts — OIS1
100369|1|V000005,100369,1,V000005,1926,OIS1|,202605,2026-05-27 00:00:00,2026-05-27 00:00:00,4,320.83,0.00,377.44,0.85,__NONE__,true,0.00,0.00,0.00,0.0,0.00,,STD,daily_trade_details,Managed Accounts — OIS1
100370|1|V000005,100370,1,V000005,1940,MAP|,202605,2026-05-08 00:00:00,2026-05-08 00:00:00,5,1460.12,0.00,1717.79,0.85,__NONE__,true,0.00,0.00,0.00,0.0,0.00,,STD,daily_trade_details,Managed Accounts — MAP
100371|1|V000005,100371,1,V000005,1891,MAP|,202605,2026-05-19 00:00:00,2026-05-19 00:00:00,5,2049.44,0.00,2411.11,0.85,__NONE__,true,0.00,0.00,0.00,0.0,0.00,,STD,daily_trade_details,Managed Accounts — MAP
100372|1|V000005,100372,1,V000005,1940,ATMF|,202605,2026-05-19 00:00:00,2026-05-19 00:00:00,4,2411.76,0.00,2837.36,0.85,__NONE__,true,0.00,0.00,0.00,0.0,0.00,,STD,daily_trade_details,Trails – Mutual Funds
100373|1|V000005,100373,1,V000005,1940,ATMF|,202605,2026-05-13 00:00:00,2026-05-13 00:00:00,4,2490.82,0.00,2930.38,0.85,__NONE__,true,0.00,0.00,0.00,0.0,0.00,,STD,daily_trade_details,Trails – Mutual Funds
100374|1|V000005,100374,1,V000005,1912,ITMF|,202605,2026-05-07 00:00:00,2026-05-07 00:00:00,2,2620.76,0.00,3083.24,0.85,__NONE__,true,0.00,0.00,0.00,0.0,0.00,RPG017,STD,daily_trade_details,Trails – Life & Annuities — ITMF
100375|1|V000005,100375,1,V000005,1919,ITMF|,202605,2026-05-26 00:00:00,2026-05-26 00:00:00,3,1744.81,0.00,2052.72,0.85,__NONE__,true,0.00,0.00,0.00,0.0,0.00,,STD,daily_trade_details,Trails – Life & Annuities — ITMF
100376|1|V000005,100376,1,V000005,1933,ADVA|,202605,2026-05-27 00:00:00,2026-05-27 00:00:00,2,2359.41,0.00,2775.78,0.85,__NONE__,true,0.00,0.00,0.00,0.0,0.00,,STD,daily_trade_details,Trails – Life & Annuities — ADVA
100377|1|V000005,100377,1,V000005,1898,ADVA|,202605,2026-05-18 00:00:00,2026-05-18 00:00:00,2,809.72,0.00,952.61,0.85,__NONE__,true,0.00,0.00,0.00,0.0,0.00,RPG015,STD,daily_trade_details,Trails – Life & Annuities — ADVA
100378|1|V000005,100378,1,V000005,1891,PRDP|,202605,2026-05-15 00:00:00,2026-05-15 00:00:00,1,1510.02,0.00,1776.49,0.85,__NONE__,true,0.00,0.00,0.00,0.0,0.00,,STD,daily_trade_details,Cash Management – Premium Deposits
100379|1|V000005,100379,1,V000005,1912,PRDP|,202605,2026-05-20 00:00:00,2026-05-20 00:00:00,5,1649.01,0.00,1940.01,0.85,__NONE__,true,0.00,0.00,0.00,0.0,0.00,RPG017,STD,daily_trade_details,Cash Management – Premium Deposits
100380|1|V000005,100380,1,V000005,1905,PCS|,202605,2026-05-01 00:00:00,2026-05-01 00:00:00,5,2399.33,0.00,2822.75,0.85,__NONE__,true,0.00,0.00,0.00,0.0,0.00,RPG016,STD,daily_trade_details,Referrals & Revenue Share – Situational Partnership
100381|1|V000005,100381,1,V000005,1884,PCS|,202605,2026-05-04 00:00:00,2026-05-04 00:00:00,2,370.66,0.00,436.07,0.85,__NONE__,true,0.00,0.00,0.00,0.0,0.00,,STD,daily_trade_details,Referrals & Revenue Share – Situational Partnership
100382|1|V000005,100382,1,V000005,1905,529T|,202605,2026-05-14 00:00:00,2026-05-14 00:00:00,3,2096.32,0.00,2466.25,0.85,__NONE__,true,0.00,0.00,0.00,0.0,0.00,RPG016,STD,daily_trade_details,529 Plans
100383|1|V000005,100383,1,V000005,1891,529T|,202605,2026-05-14 00:00:00,2026-05-14 00:00:00,2,2308.65,0.00,2716.06,0.85,__NONE__,true,0.00,0.00,0.00,0.0,0.00,,STD,daily_trade_details,529 Plans
100384|1|V000005,100384,1,V000005,1933,STRT|,202605,2026-05-06 00:00:00,2026-05-06 00:00:00,5,387.41,0.00,455.77,0.85,__NONE__,true,0.00,0.00,0.00,0.0,0.00,,STD,daily_trade_details,Structured Products
100385|1|V000005,100385,1,V000005,1933,STRT|,202605,2026-05-27 00:00:00,2026-05-27 00:00:00,4,2369.26,0.00,2787.36,0.85,__NONE__,true,0.00,0.00,0.00,0.0,0.00,,STD,daily_trade_details,Structured Products
100386|1|V000005,100386,1,V000005,1898,ELIS|EQ,202605,2026-05-14 00:00:00,2026-05-14 00:00:00,1,1526.75,0.00,1796.18,0.85,__NONE__,true,0.00,0.00,0.00,0.0,0.00,RPG015,STD,daily_trade_details,Equities
100387|1|V000005,100387,1,V000005,1919,ELIS|EQ,202605,2026-05-15 00:00:00,2026-05-15 00:00:00,5,1233.07,0.00,1450.68,0.85,__NONE__,true,0.00,0.00,0.00,0.0,0.00,,STD,daily_trade_details,Equities
100388|1|V000005,100388,1,V000005,1877,ELIS|OP,202605,2026-05-29 00:00:00,2026-05-29 00:00:00,4,341.36,0.00,401.60,0.85,__NONE__,true,0.00,0.00,0.00,0.0,0.00,RPG012,STD,daily_trade_details,Options
100389|1|V000005,100389,1,V000005,1898,ELIS|OP,202605,2026-05-30 00:00:00,2026-05-30 00:00:00,3,2480.29,0.00,2917.99,0.85,__NONE__,true,0.00,0.00,0.00,0.0,0.00,RPG015,STD,daily_trade_details,Options
100390|1|V000005,100390,1,V000005,1940,MUFD|,202605,2026-05-11 00:00:00,2026-05-11 00:00:00,3,1611.72,0.00,1896.14,0.85,__NONE__,true,0.00,0.00,0.00,0.0,0.00,,STD,daily_trade_details,Mutual Funds
100391|1|V000005,100391,1,V000005,1926,MUFD|,202605,2026-05-08 00:00:00,2026-05-08 00:00:00,2,732.86,0.00,862.19,0.85,__NONE__,true,0.00,0.00,0.00,0.0,0.00,,STD,daily_trade_details,Mutual Funds
100392|1|V000005,100392,1,V000005,1933,FGXX|,202605,2026-05-27 00:00:00,2026-05-27 00:00:00,3,0.00,594.62,699.55,0.85,ADJ,false,0.00,0.00,0.00,0.0,0.00,,STD,daily_trade_details,Fixed Income – Government Bonds
100393|1|V000005,100393,1,V000005,1891,FGXX|,202605,2026-05-01 00:00:00,2026-05-01 00:00:00,3,693.59,0.00,815.99,0.85,__NONE__,true,0.00,0.00,0.00,0.0,0.00,,STD,daily_trade_details,Fixed Income – Government Bonds
100394|1|V000005,100394,1,V000005,1926,FCOT|,202605,2026-05-07 00:00:00,2026-05-07 00:00:00,3,1999.92,0.00,2352.84,0.85,__NONE__,true,0.00,0.00,0.00,0.0,0.00,,STD,daily_trade_details,Fixed Income – Other
100395|1|V000005,100395,1,V000005,1940,FCOT|,202605,2026-05-29 00:00:00,2026-05-29 00:00:00,3,431.56,0.00,507.72,0.85,__NONE__,true,0.00,0.00,0.00,0.0,0.00,,STD,daily_trade_details,Fixed Income – Other
100396|1|V000005,100396,1,V000005,1926,FIX|,202605,2026-05-05 00:00:00,2026-05-05 00:00:00,3,2190.88,0.00,2577.50,0.85,__NONE__,true,0.00,0.00,0.00,0.0,0.00,,STD,daily_trade_details,Life & Annuities — FIX
100397|1|V000005,100397,1,V000005,1933,FIX|,202605,2026-05-05 00:00:00,2026-05-05 00:00:00,5,834.12,0.00,981.32,0.85,__NONE__,true,0.00,0.00,0.00,0.0,0.00,,STD,daily_trade_details,Life & Annuities — FIX
100398|1|V000005,100398,1,V000005,1891,VARI|,202605,2026-05-05 00:00:00,2026-05-05 00:00:00,3,1300.62,0.00,1530.15,0.85,__NONE__,true,0.00,0.00,0.00,0.0,0.00,,STD,daily_trade_details,Life & Annuities — VARI
100399|1|V000005,100399,1,V000005,1898,VARI|,202605,2026-05-15 00:00:00,2026-05-15 00:00:00,3,2413.43,0.00,2839.32,0.85,__NONE__,true,0.00,0.00,0.00,0.0,0.00,RPG015,STD,daily_trade_details,Life & Annuities — VARI
100400|1|V000005,100400,1,V000005,1905,LIFE|,202605,2026-05-26 00:00:00,2026-05-26 00:00:00,4,830.51,0.00,977.07,0.85,__NONE__,true,0.00,0.00,0.00,0.0,0.00,RPG016,STD,daily_trade_details,Life & Annuities — LIFE
100401|1|V000005,100401,1,V000005,1933,LIFE|,202605,2026-05-01 00:00:00,2026-05-01 00:00:00,1,2271.29,0.00,2672.11,0.85,__NONE__,true,0.00,0.00,0.00,0.0,0.00,,STD,daily_trade_details,Life & Annuities — LIFE
100402|1|V000005,100402,1,V000005,1912,ALTI|,202605,2026-05-29 00:00:00,2026-05-29 00:00:00,5,1371.41,0.00,1613.42,0.85,__NONE__,true,0.00,0.00,0.00,0.0,0.00,RPG017,STD,daily_trade_details,Alternative Investments
100403|1|V000005,100403,1,V000005,1898,ALTI|,202605,2026-05-15 00:00:00,2026-05-15 00:00:00,4,2593.15,0.00,3050.77,0.85,__NONE__,true,0.00,0.00,0.00,0.0,0.00,RPG015,STD,daily_trade_details,Alternative Investments
100404|1|V000005,100404,1,V000005,1884,DCCR|,202605,2026-05-14 00:00:00,2026-05-14 00:00:00,1,1229.08,0.00,1445.97,0.85,__NONE__,true,0.00,0.00,0.00,0.0,0.00,,STD,daily_trade_details,Defined Contribution Advisory
100405|1|V000005,100405,1,V000005,1933,DCCR|,202605,2026-05-26 00:00:00,2026-05-26 00:00:00,4,2267.53,0.00,2667.68,0.85,__NONE__,true,0.00,0.00,0.00,0.0,0.00,,STD,daily_trade_details,Defined Contribution Advisory
100406|1|V000005,100406,1,V000005,1926,LEND|SBL,202605,2026-05-11 00:00:00,2026-05-11 00:00:00,3,414.89,0.00,488.10,0.85,__NONE__,true,0.00,0.00,0.00,0.0,0.00,,STD,daily_trade_details,Lending – Security Based Lending
100407|1|V000005,100407,1,V000005,1933,LEND|SBL,202605,2026-05-27 00:00:00,2026-05-27 00:00:00,5,506.52,0.00,595.91,0.85,__NONE__,true,0.00,0.00,0.00,0.0,0.00,,STD,daily_trade_details,Lending – Security Based Lending
100408|1|V000005,100408,1,V000005,1877,LEND|MGN,202605,2026-05-30 00:00:00,2026-05-30 00:00:00,2,1802.91,0.00,2121.08,0.85,__NONE__,true,0.00,0.00,0.00,0.0,0.00,RPG012,STD,daily_trade_details,Lending – Margin
100409|1|V000005,100409,1,V000005,1919,LEND|MGN,202605,2026-05-20 00:00:00,2026-05-20 00:00:00,1,2299.80,0.00,2705.65,0.85,__NONE__,true,0.00,0.00,0.00,0.0,0.00,,STD,daily_trade_details,Lending – Margin
100410|1|V000005,100410,1,V000005,1891,OIS1|,202606,2026-06-01 00:00:00,2026-06-01 00:00:00,1,354.63,0.00,417.21,0.85,__NONE__,true,0.00,0.00,0.00,0.0,0.00,,STD,daily_trade_details,Managed Accounts — OIS1
100411|1|V000005,100411,1,V000005,1884,MAP|,202606,2026-06-11 00:00:00,2026-06-11 00:00:00,1,424.82,0.00,499.78,0.85,__NONE__,true,0.00,0.00,0.00,0.0,0.00,,STD,daily_trade_details,Managed Accounts — MAP
100412|1|V000005,100412,1,V000005,1940,ATMF|,202606,2026-06-09 00:00:00,2026-06-09 00:00:00,4,2189.72,0.00,2576.15,0.85,__NONE__,true,0.00,0.00,0.00,0.0,0.00,,STD,daily_trade_details,Trails – Mutual Funds
100413|1|V000005,100413,1,V000005,1926,ITMF|,202606,2026-06-01 00:00:00,2026-06-01 00:00:00,4,1749.50,0.00,2058.23,0.85,__NONE__,true,0.00,0.00,0.00,0.0,0.00,,STD,daily_trade_details,Trails – Life & Annuities — ITMF
100414|1|V000005,100414,1,V000005,1884,ADVA|,202606,2026-06-15 00:00:00,2026-06-15 00:00:00,1,1530.12,0.00,1800.14,0.85,__NONE__,true,0.00,0.00,0.00,0.0,0.00,,STD,daily_trade_details,Trails – Life & Annuities — ADVA
100415|1|V000005,100415,1,V000005,1940,PRDP|,202606,2026-06-08 00:00:00,2026-06-08 00:00:00,5,404.69,0.00,476.10,0.85,__NONE__,true,0.00,0.00,0.00,0.0,0.00,,STD,daily_trade_details,Cash Management – Premium Deposits
100416|1|V000005,100416,1,V000005,1884,PCS|,202606,2026-06-15 00:00:00,2026-06-15 00:00:00,1,966.62,0.00,1137.20,0.85,__NONE__,true,0.00,0.00,0.00,0.0,0.00,,STD,daily_trade_details,Referrals & Revenue Share – Situational Partnership
100417|1|V000005,100417,1,V000005,1905,529T|,202606,2026-06-09 00:00:00,2026-06-09 00:00:00,1,2060.13,0.00,2423.68,0.85,__NONE__,true,0.00,0.00,0.00,0.0,0.00,RPG016,STD,daily_trade_details,529 Plans
100418|1|V000005,100418,1,V000005,1926,STRT|,202606,2026-06-17 00:00:00,2026-06-17 00:00:00,4,659.54,0.00,775.93,0.85,__NONE__,true,0.00,0.00,0.00,0.0,0.00,,STD,daily_trade_details,Structured Products
100419|1|V000005,100419,1,V000005,1933,ELIS|EQ,202606,2026-06-05 00:00:00,2026-06-05 00:00:00,3,978.45,0.00,1151.12,0.85,__NONE__,true,0.00,0.00,0.00,0.0,0.00,,STD,daily_trade_details,Equities
100420|1|V000005,100420,1,V000005,1877,ELIS|OP,202606,2026-06-02 00:00:00,2026-06-02 00:00:00,1,1573.11,0.00,1850.71,0.85,__NONE__,true,0.00,0.00,0.00,0.0,0.00,RPG012,STD,daily_trade_details,Options
100421|1|V000005,100421,1,V000005,1877,MUFD|,202606,2026-06-11 00:00:00,2026-06-11 00:00:00,1,1617.25,0.00,1902.65,0.85,__NONE__,true,0.00,0.00,0.00,0.0,0.00,RPG012,STD,daily_trade_details,Mutual Funds
100422|1|V000005,100422,1,V000005,1905,FGXX|,202606,2026-06-17 00:00:00,2026-06-17 00:00:00,3,783.12,0.00,921.32,0.85,__NONE__,true,0.00,0.00,0.00,0.0,0.00,RPG016,STD,daily_trade_details,Fixed Income – Government Bonds
100423|1|V000005,100423,1,V000005,1898,FCOT|,202606,2026-06-11 00:00:00,2026-06-11 00:00:00,2,1249.11,0.00,1469.54,0.85,__NONE__,true,0.00,0.00,0.00,0.0,0.00,RPG015,STD,daily_trade_details,Fixed Income – Other
100424|1|V000005,100424,1,V000005,1891,FIX|,202606,2026-06-05 00:00:00,2026-06-05 00:00:00,2,723.18,0.00,850.80,0.85,__NONE__,true,0.00,0.00,0.00,0.0,0.00,,STD,daily_trade_details,Life & Annuities — FIX
100425|1|V000005,100425,1,V000005,1884,VARI|,202606,2026-06-01 00:00:00,2026-06-01 00:00:00,5,717.12,0.00,843.67,0.85,__NONE__,true,0.00,0.00,0.00,0.0,0.00,,STD,daily_trade_details,Life & Annuities — VARI
100426|1|V000005,100426,1,V000005,1926,LIFE|,202606,2026-06-16 00:00:00,2026-06-16 00:00:00,1,1782.75,0.00,2097.35,0.85,__NONE__,true,0.00,0.00,0.00,0.0,0.00,,STD,daily_trade_details,Life & Annuities — LIFE
100427|1|V000005,100427,1,V000005,1905,ALTI|,202606,2026-06-10 00:00:00,2026-06-10 00:00:00,3,525.87,0.00,618.67,0.85,__NONE__,true,0.00,0.00,0.00,0.0,0.00,RPG016,STD,daily_trade_details,Alternative Investments
100428|1|V000005,100428,1,V000005,1912,DCCR|,202606,2026-06-02 00:00:00,2026-06-02 00:00:00,3,594.89,0.00,699.88,0.85,__NONE__,true,0.00,0.00,0.00,0.0,0.00,RPG017,STD,daily_trade_details,Defined Contribution Advisory
100429|1|V000005,100429,1,V000005,1940,LEND|SBL,202606,2026-06-10 00:00:00,2026-06-10 00:00:00,4,460.56,0.00,541.84,0.85,__NONE__,true,0.00,0.00,0.00,0.0,0.00,,STD,daily_trade_details,Lending – Security Based Lending
100430|1|V000005,100430,1,V000005,1912,LEND|MGN,202606,2026-06-15 00:00:00,2026-06-15 00:00:00,2,1717.59,0.00,2020.69,0.85,__NONE__,true,0.00,0.00,0.00,0.0,0.00,RPG017,STD,daily_trade_details,Lending – Margin
100431|1|V000006,100431,1,V000006,2010,OIS1|,202604,2026-04-20 00:00:00,2026-04-20 00:00:00,2,1603.78,0.00,1886.80,0.85,__NONE__,true,0.00,0.00,0.00,0.0,0.00,RPG024,STD,daily_trade_details,Managed Accounts — OIS1
100432|1|V000006,100432,1,V000006,1947,OIS1|,202604,2026-04-29 00:00:00,2026-04-29 00:00:00,4,1020.39,0.00,1200.46,0.85,__NONE__,true,0.00,0.00,0.00,0.0,0.00,,STD,daily_trade_details,Managed Accounts — OIS1
100433|1|V000006,100433,1,V000006,1975,JPMC|,202604,2026-04-15 00:00:00,2026-04-15 00:00:00,4,2232.25,0.00,2626.18,0.85,__NONE__,true,0.00,0.00,0.00,0.0,0.00,RPG019,STD,daily_trade_details,Managed Accounts — JPMC
100434|1|V000006,100434,1,V000006,1996,JPMC|,202604,2026-04-22 00:00:00,2026-04-22 00:00:00,5,1324.32,0.00,1558.03,0.85,__NONE__,true,0.00,0.00,0.00,0.0,0.00,RPG022,STD,daily_trade_details,Managed Accounts — JPMC
100435|1|V000006,100435,1,V000006,1954,MAP|,202604,2026-04-13 00:00:00,2026-04-13 00:00:00,2,704.27,0.00,828.55,0.85,__NONE__,true,0.00,0.00,0.00,0.0,0.00,,STD,daily_trade_details,Managed Accounts — MAP
100436|1|V000006,100436,1,V000006,2003,MAP|,202604,2026-04-29 00:00:00,2026-04-29 00:00:00,1,751.79,0.00,884.46,0.85,__NONE__,true,0.00,0.00,0.00,0.0,0.00,RPG023,STD,daily_trade_details,Managed Accounts — MAP
100437|1|V000006,100437,1,V000006,1954,UMA|,202604,2026-04-29 00:00:00,2026-04-29 00:00:00,1,2351.84,0.00,2766.87,0.85,__NONE__,true,0.00,0.00,0.00,0.0,0.00,,STD,daily_trade_details,Managed – Unified Managed Accounts
100438|1|V000006,100438,1,V000006,2010,UMA|,202604,2026-04-09 00:00:00,2026-04-09 00:00:00,1,1631.47,0.00,1919.38,0.85,__NONE__,true,0.00,0.00,0.00,0.0,0.00,RPG024,STD,daily_trade_details,Managed – Unified Managed Accounts
100439|1|V000006,100439,1,V000006,2003,MMKT|,202604,2026-04-24 00:00:00,2026-04-24 00:00:00,4,899.42,0.00,1058.14,0.85,__NONE__,true,0.00,0.00,0.00,0.0,0.00,RPG023,STD,daily_trade_details,Cash Management – Money Market Funds
100440|1|V000006,100440,1,V000006,1961,MMKT|,202604,2026-04-27 00:00:00,2026-04-27 00:00:00,3,1141.38,0.00,1342.80,0.85,__NONE__,true,0.00,0.00,0.00,0.0,0.00,,STD,daily_trade_details,Cash Management – Money Market Funds
100441|1|V000006,100441,1,V000006,1961,PCS|,202604,2026-04-17 00:00:00,2026-04-17 00:00:00,3,1368.81,0.00,1610.37,0.85,__NONE__,true,0.00,0.00,0.00,0.0,0.00,,STD,daily_trade_details,Referrals & Revenue Share – Situational Partnership
100442|1|V000006,100442,1,V000006,2003,PCS|,202604,2026-04-28 00:00:00,2026-04-28 00:00:00,2,324.36,0.00,381.60,0.85,__NONE__,true,0.00,0.00,0.00,0.0,0.00,RPG023,STD,daily_trade_details,Referrals & Revenue Share – Situational Partnership
100443|1|V000006,100443,1,V000006,2003,DAF|,202604,2026-04-27 00:00:00,2026-04-27 00:00:00,5,622.85,0.00,732.77,0.85,__NONE__,true,0.00,0.00,0.00,0.0,0.00,RPG023,STD,daily_trade_details,Donor Advised Funds
100444|1|V000006,100444,1,V000006,1961,DAF|,202604,2026-04-16 00:00:00,2026-04-16 00:00:00,1,1992.62,0.00,2344.25,0.85,__NONE__,true,0.00,0.00,0.00,0.0,0.00,,STD,daily_trade_details,Donor Advised Funds
100445|1|V000006,100445,1,V000006,1968,STRT|,202604,2026-04-13 00:00:00,2026-04-13 00:00:00,3,2051.39,0.00,2413.40,0.85,__NONE__,true,0.00,0.00,0.00,0.0,0.00,,STD,daily_trade_details,Structured Products
100446|1|V000006,100446,1,V000006,1968,STRT|,202604,2026-04-16 00:00:00,2026-04-16 00:00:00,4,398.46,0.00,468.78,0.85,__NONE__,true,0.00,0.00,0.00,0.0,0.00,,STD,daily_trade_details,Structured Products
100447|1|V000006,100447,1,V000006,1996,ELIS|EQ,202604,2026-04-02 00:00:00,2026-04-02 00:00:00,3,2411.17,0.00,2836.68,0.85,__NONE__,true,0.00,0.00,0.00,0.0,0.00,RPG022,STD,daily_trade_details,Equities
100448|1|V000006,100448,1,V000006,1954,ELIS|EQ,202604,2026-04-13 00:00:00,2026-04-13 00:00:00,3,1918.59,0.00,2257.17,0.85,__NONE__,true,0.00,0.00,0.00,0.0,0.00,,STD,daily_trade_details,Equities
100449|1|V000006,100449,1,V000006,2010,MUFD|,202604,2026-04-29 00:00:00,2026-04-29 00:00:00,4,1552.01,0.00,1825.89,0.85,__NONE__,true,0.00,0.00,0.00,0.0,0.00,RPG024,STD,daily_trade_details,Mutual Funds
100450|1|V000006,100450,1,V000006,1982,MUFD|,202604,2026-04-03 00:00:00,2026-04-03 00:00:00,5,1651.66,0.00,1943.13,0.85,__NONE__,true,0.00,0.00,0.00,0.0,0.00,RPG020,STD,daily_trade_details,Mutual Funds
100451|1|V000006,100451,1,V000006,1975,FMXX|,202604,2026-04-23 00:00:00,2026-04-23 00:00:00,4,1165.56,0.00,1371.24,0.85,__NONE__,true,0.00,0.00,0.00,0.0,0.00,RPG019,STD,daily_trade_details,Fixed Income – Municipal Bonds
100452|1|V000006,100452,1,V000006,1982,FMXX|,202604,2026-04-22 00:00:00,2026-04-22 00:00:00,5,2179.64,0.00,2564.29,0.85,__NONE__,true,0.00,0.00,0.00,0.0,0.00,RPG020,STD,daily_trade_details,Fixed Income – Municipal Bonds
100453|1|V000006,100453,1,V000006,1947,FGXX|,202604,2026-04-08 00:00:00,2026-04-08 00:00:00,2,1454.23,0.00,1710.85,0.85,__NONE__,true,0.00,0.00,0.00,0.0,0.00,,STD,daily_trade_details,Fixed Income – Government Bonds
100454|1|V000006,100454,1,V000006,1954,FGXX|,202604,2026-04-07 00:00:00,2026-04-07 00:00:00,2,1483.44,0.00,1745.23,0.85,__NONE__,true,0.00,0.00,0.00,0.0,0.00,,STD,daily_trade_details,Fixed Income – Government Bonds
100455|1|V000006,100455,1,V000006,1961,FIX|,202604,2026-04-06 00:00:00,2026-04-06 00:00:00,2,1133.11,0.00,1333.07,0.85,__NONE__,true,0.00,0.00,0.00,0.0,0.00,,STD,daily_trade_details,Life & Annuities — FIX
100456|1|V000006,100456,1,V000006,1989,FIX|,202604,2026-04-22 00:00:00,2026-04-22 00:00:00,4,2165.70,0.00,2547.88,0.85,__NONE__,true,0.00,0.00,0.00,0.0,0.00,RPG021,STD,daily_trade_details,Life & Annuities — FIX
100457|1|V000006,100457,1,V000006,1996,LIFE|,202604,2026-04-20 00:00:00,2026-04-20 00:00:00,1,784.62,0.00,923.08,0.85,__NONE__,true,0.00,0.00,0.00,0.0,0.00,RPG022,STD,daily_trade_details,Life & Annuities — LIFE
100458|1|V000006,100458,1,V000006,1968,LIFE|,202604,2026-04-08 00:00:00,2026-04-08 00:00:00,2,399.23,0.00,469.68,0.85,__NONE__,true,0.00,0.00,0.00,0.0,0.00,,STD,daily_trade_details,Life & Annuities — LIFE
100459|1|V000006,100459,1,V000006,2003,DCCR|,202604,2026-04-02 00:00:00,2026-04-02 00:00:00,2,390.14,0.00,458.99,0.85,__NONE__,true,0.00,0.00,0.00,0.0,0.00,RPG023,STD,daily_trade_details,Defined Contribution Advisory
100460|1|V000006,100460,1,V000006,1975,DCCR|,202604,2026-04-17 00:00:00,2026-04-17 00:00:00,5,2421.63,0.00,2848.97,0.85,__NONE__,true,0.00,0.00,0.00,0.0,0.00,RPG019,STD,daily_trade_details,Defined Contribution Advisory
100461|1|V000006,100461,1,V000006,2010,LEND|SBL,202604,2026-04-14 00:00:00,2026-04-14 00:00:00,1,1766.53,0.00,2078.27,0.85,__NONE__,true,0.00,0.00,0.00,0.0,0.00,RPG024,STD,daily_trade_details,Lending – Security Based Lending
100462|1|V000006,100462,1,V000006,1968,LEND|SBL,202604,2026-04-22 00:00:00,2026-04-22 00:00:00,2,1333.17,0.00,1568.43,0.85,__NONE__,true,0.00,0.00,0.00,0.0,0.00,,STD,daily_trade_details,Lending – Security Based Lending
100463|1|V000006,100463,1,V000006,1968,LEND|MGN,202604,2026-04-27 00:00:00,2026-04-27 00:00:00,2,2209.84,0.00,2599.81,0.85,__NONE__,true,0.00,0.00,0.00,0.0,0.00,,STD,daily_trade_details,Lending – Margin
100464|1|V000006,100464,1,V000006,2010,LEND|MGN,202604,2026-04-15 00:00:00,2026-04-15 00:00:00,4,1817.19,0.00,2137.87,0.85,__NONE__,true,0.00,0.00,0.00,0.0,0.00,RPG024,STD,daily_trade_details,Lending – Margin
100465|1|V000006,100465,1,V000006,2010,EDK|,202604,2026-04-17 00:00:00,2026-04-17 00:00:00,2,1658.37,0.00,1951.02,0.85,__NONE__,true,0.00,0.00,0.00,0.0,0.00,RPG024,STD,daily_trade_details,Referrals & Revenue Share – Everyday 401K
100466|1|V000006,100466,1,V000006,1954,EDK|,202604,2026-04-23 00:00:00,2026-04-23 00:00:00,4,338.09,0.00,397.76,0.85,__NONE__,true,0.00,0.00,0.00,0.0,0.00,,STD,daily_trade_details,Referrals & Revenue Share – Everyday 401K
100467|1|V000006,100467,1,V000006,1961,OIS1|,202605,2026-05-29 00:00:00,2026-05-29 00:00:00,5,1751.92,0.00,2061.08,0.85,__NONE__,true,0.00,0.00,0.00,0.0,0.00,,STD,daily_trade_details,Managed Accounts — OIS1
100468|1|V000006,100468,1,V000006,1947,OIS1|,202605,2026-05-06 00:00:00,2026-05-06 00:00:00,1,2399.99,0.00,2823.52,0.85,__NONE__,true,0.00,0.00,0.00,0.0,0.00,,STD,daily_trade_details,Managed Accounts — OIS1
100469|1|V000006,100469,1,V000006,1996,JPMC|,202605,2026-05-27 00:00:00,2026-05-27 00:00:00,1,1880.18,0.00,2211.98,0.85,__NONE__,true,0.00,0.00,0.00,0.0,0.00,RPG022,STD,daily_trade_details,Managed Accounts — JPMC
100470|1|V000006,100470,1,V000006,1989,JPMC|,202605,2026-05-04 00:00:00,2026-05-04 00:00:00,5,1553.23,0.00,1827.33,0.85,__NONE__,true,0.00,0.00,0.00,0.0,0.00,RPG021,STD,daily_trade_details,Managed Accounts — JPMC
100471|1|V000006,100471,1,V000006,1989,MAP|,202605,2026-05-19 00:00:00,2026-05-19 00:00:00,3,856.79,0.00,1007.99,0.85,__NONE__,true,0.00,0.00,0.00,0.0,0.00,RPG021,STD,daily_trade_details,Managed Accounts — MAP
100472|1|V000006,100472,1,V000006,2010,MAP|,202605,2026-05-28 00:00:00,2026-05-28 00:00:00,1,2225.90,0.00,2618.71,0.85,__NONE__,true,0.00,0.00,0.00,0.0,0.00,RPG024,STD,daily_trade_details,Managed Accounts — MAP
100473|1|V000006,100473,1,V000006,1989,UMA|,202605,2026-05-12 00:00:00,2026-05-12 00:00:00,1,629.21,0.00,740.25,0.85,__NONE__,true,0.00,0.00,0.00,0.0,0.00,RPG021,STD,daily_trade_details,Managed – Unified Managed Accounts
100474|1|V000006,100474,1,V000006,1975,UMA|,202605,2026-05-13 00:00:00,2026-05-13 00:00:00,2,1734.73,0.00,2040.86,0.85,__NONE__,true,0.00,0.00,0.00,0.0,0.00,RPG019,STD,daily_trade_details,Managed – Unified Managed Accounts
100475|1|V000006,100475,1,V000006,1947,MMKT|,202605,2026-05-28 00:00:00,2026-05-28 00:00:00,5,1998.63,0.00,2351.33,0.85,__NONE__,true,0.00,0.00,0.00,0.0,0.00,,STD,daily_trade_details,Cash Management – Money Market Funds
100476|1|V000006,100476,1,V000006,1954,MMKT|,202605,2026-05-11 00:00:00,2026-05-11 00:00:00,3,1547.79,0.00,1820.93,0.85,__NONE__,true,0.00,0.00,0.00,0.0,0.00,,STD,daily_trade_details,Cash Management – Money Market Funds
100477|1|V000006,100477,1,V000006,1989,PCS|,202605,2026-05-30 00:00:00,2026-05-30 00:00:00,5,1172.88,0.00,1379.86,0.85,__NONE__,true,0.00,0.00,0.00,0.0,0.00,RPG021,STD,daily_trade_details,Referrals & Revenue Share – Situational Partnership
100478|1|V000006,100478,1,V000006,1975,PCS|,202605,2026-05-28 00:00:00,2026-05-28 00:00:00,3,932.53,0.00,1097.10,0.85,__NONE__,true,0.00,0.00,0.00,0.0,0.00,RPG019,STD,daily_trade_details,Referrals & Revenue Share – Situational Partnership
100479|1|V000006,100479,1,V000006,2010,DAF|,202605,2026-05-11 00:00:00,2026-05-11 00:00:00,4,966.47,0.00,1137.03,0.85,__NONE__,true,0.00,0.00,0.00,0.0,0.00,RPG024,STD,daily_trade_details,Donor Advised Funds
100480|1|V000006,100480,1,V000006,2003,DAF|,202605,2026-05-18 00:00:00,2026-05-18 00:00:00,5,2176.31,0.00,2560.36,0.85,__NONE__,true,0.00,0.00,0.00,0.0,0.00,RPG023,STD,daily_trade_details,Donor Advised Funds
100481|1|V000006,100481,1,V000006,2003,STRT|,202605,2026-05-28 00:00:00,2026-05-28 00:00:00,3,1462.09,0.00,1720.11,0.85,__NONE__,true,0.00,0.00,0.00,0.0,0.00,RPG023,STD,daily_trade_details,Structured Products
100482|1|V000006,100482,1,V000006,1989,STRT|,202605,2026-05-06 00:00:00,2026-05-06 00:00:00,2,2062.03,0.00,2425.92,0.85,__NONE__,true,0.00,0.00,0.00,0.0,0.00,RPG021,STD,daily_trade_details,Structured Products
100483|1|V000006,100483,1,V000006,1996,ELIS|EQ,202605,2026-05-06 00:00:00,2026-05-06 00:00:00,2,2174.69,0.00,2558.46,0.85,__NONE__,true,0.00,0.00,0.00,0.0,0.00,RPG022,STD,daily_trade_details,Equities
100484|1|V000006,100484,1,V000006,2003,ELIS|EQ,202605,2026-05-27 00:00:00,2026-05-27 00:00:00,5,1264.04,0.00,1487.10,0.85,__NONE__,true,0.00,0.00,0.00,0.0,0.00,RPG023,STD,daily_trade_details,Equities
100485|1|V000006,100485,1,V000006,1947,MUFD|,202605,2026-05-01 00:00:00,2026-05-01 00:00:00,1,693.14,0.00,815.46,0.85,__NONE__,true,0.00,0.00,0.00,0.0,0.00,,STD,daily_trade_details,Mutual Funds
100486|1|V000006,100486,1,V000006,1961,MUFD|,202605,2026-05-05 00:00:00,2026-05-05 00:00:00,1,1433.31,0.00,1686.24,0.85,__NONE__,true,0.00,0.00,0.00,0.0,0.00,,STD,daily_trade_details,Mutual Funds
100487|1|V000006,100487,1,V000006,1975,FMXX|,202605,2026-05-04 00:00:00,2026-05-04 00:00:00,4,838.42,0.00,986.38,0.85,__NONE__,true,0.00,0.00,0.00,0.0,0.00,RPG019,STD,daily_trade_details,Fixed Income – Municipal Bonds
100488|1|V000006,100488,1,V000006,1989,FMXX|,202605,2026-05-29 00:00:00,2026-05-29 00:00:00,1,1772.05,0.00,2084.76,0.85,__NONE__,true,0.00,0.00,0.00,0.0,0.00,RPG021,STD,daily_trade_details,Fixed Income – Municipal Bonds
100489|1|V000006,100489,1,V000006,1961,FGXX|,202605,2026-05-11 00:00:00,2026-05-11 00:00:00,5,1834.71,0.00,2158.49,0.85,__NONE__,true,0.00,0.00,0.00,0.0,0.00,,STD,daily_trade_details,Fixed Income – Government Bonds
100490|1|V000006,100490,1,V000006,1975,FGXX|,202605,2026-05-26 00:00:00,2026-05-26 00:00:00,5,774.09,0.00,910.70,0.85,__NONE__,true,0.00,0.00,0.00,0.0,0.00,RPG019,STD,daily_trade_details,Fixed Income – Government Bonds
100491|1|V000006,100491,1,V000006,1968,FIX|,202605,2026-05-18 00:00:00,2026-05-18 00:00:00,2,1774.96,0.00,2088.19,0.85,__NONE__,true,0.00,0.00,0.00,0.0,0.00,,STD,daily_trade_details,Life & Annuities — FIX
100492|1|V000006,100492,1,V000006,1947,FIX|,202605,2026-05-13 00:00:00,2026-05-13 00:00:00,4,2633.03,0.00,3097.68,0.85,__NONE__,true,0.00,0.00,0.00,0.0,0.00,,STD,daily_trade_details,Life & Annuities — FIX
100493|1|V000006,100493,1,V000006,1982,LIFE|,202605,2026-05-11 00:00:00,2026-05-11 00:00:00,5,1904.63,0.00,2240.74,0.85,__NONE__,true,0.00,0.00,0.00,0.0,0.00,RPG020,STD,daily_trade_details,Life & Annuities — LIFE
100494|1|V000006,100494,1,V000006,1947,LIFE|,202605,2026-05-05 00:00:00,2026-05-05 00:00:00,5,2064.75,0.00,2429.12,0.85,__NONE__,true,0.00,0.00,0.00,0.0,0.00,,STD,daily_trade_details,Life & Annuities — LIFE
100495|1|V000006,100495,1,V000006,1975,DCCR|,202605,2026-05-28 00:00:00,2026-05-28 00:00:00,3,2039.07,0.00,2398.91,0.85,__NONE__,true,0.00,0.00,0.00,0.0,0.00,RPG019,STD,daily_trade_details,Defined Contribution Advisory
100496|1|V000006,100496,1,V000006,1982,DCCR|,202605,2026-05-29 00:00:00,2026-05-29 00:00:00,2,2603.61,0.00,3063.07,0.85,__NONE__,true,0.00,0.00,0.00,0.0,0.00,RPG020,STD,daily_trade_details,Defined Contribution Advisory
100497|1|V000006,100497,1,V000006,1996,LEND|SBL,202605,2026-05-13 00:00:00,2026-05-13 00:00:00,2,2523.68,0.00,2969.04,0.85,__NONE__,true,0.00,0.00,0.00,0.0,0.00,RPG022,STD,daily_trade_details,Lending – Security Based Lending
100498|1|V000006,100498,1,V000006,1989,LEND|SBL,202605,2026-05-26 00:00:00,2026-05-26 00:00:00,3,1515.60,0.00,1783.06,0.85,__NONE__,true,0.00,0.00,0.00,0.0,0.00,RPG021,STD,daily_trade_details,Lending – Security Based Lending
100499|1|V000006,100499,1,V000006,1982,LEND|MGN,202605,2026-05-13 00:00:00,2026-05-13 00:00:00,5,2564.87,0.00,3017.49,0.85,__NONE__,true,0.00,0.00,0.00,0.0,0.00,RPG020,STD,daily_trade_details,Lending – Margin
100500|1|V000006,100500,1,V000006,2010,LEND|MGN,202605,2026-05-19 00:00:00,2026-05-19 00:00:00,5,905.96,0.00,1065.84,0.85,__NONE__,true,0.00,0.00,0.00,0.0,0.00,RPG024,STD,daily_trade_details,Lending – Margin
100501|1|V000006,100501,1,V000006,1996,EDK|,202605,2026-05-21 00:00:00,2026-05-21 00:00:00,4,2143.41,0.00,2521.66,0.85,__NONE__,true,0.00,0.00,0.00,0.0,0.00,RPG022,STD,daily_trade_details,Referrals & Revenue Share – Everyday 401K
100502|1|V000006,100502,1,V000006,2010,EDK|,202605,2026-05-13 00:00:00,2026-05-13 00:00:00,1,2362.55,0.00,2779.47,0.85,__NONE__,true,0.00,0.00,0.00,0.0,0.00,RPG024,STD,daily_trade_details,Referrals & Revenue Share – Everyday 401K
100503|1|V000006,100503,1,V000006,1989,OIS1|,202606,2026-06-16 00:00:00,2026-06-16 00:00:00,2,1757.42,0.00,2067.56,0.85,__NONE__,true,0.00,0.00,0.00,0.0,0.00,RPG021,STD,daily_trade_details,Managed Accounts — OIS1
100504|1|V000006,100504,1,V000006,1982,JPMC|,202606,2026-06-11 00:00:00,2026-06-11 00:00:00,1,1248.58,0.00,1468.92,0.85,__NONE__,true,0.00,0.00,0.00,0.0,0.00,RPG020,STD,daily_trade_details,Managed Accounts — JPMC
100505|1|V000006,100505,1,V000006,1975,MAP|,202606,2026-06-16 00:00:00,2026-06-16 00:00:00,3,870.99,0.00,1024.70,0.85,__NONE__,true,0.00,0.00,0.00,0.0,0.00,RPG019,STD,daily_trade_details,Managed Accounts — MAP
100506|1|V000006,100506,1,V000006,1954,UMA|,202606,2026-06-08 00:00:00,2026-06-08 00:00:00,3,1575.47,0.00,1853.49,0.85,__NONE__,true,0.00,0.00,0.00,0.0,0.00,,STD,daily_trade_details,Managed – Unified Managed Accounts
100507|1|V000006,100507,1,V000006,1968,MMKT|,202606,2026-06-17 00:00:00,2026-06-17 00:00:00,2,2356.93,0.00,2772.86,0.85,__NONE__,true,0.00,0.00,0.00,0.0,0.00,,STD,daily_trade_details,Cash Management – Money Market Funds
100508|1|V000006,100508,1,V000006,1996,PCS|,202606,2026-06-04 00:00:00,2026-06-04 00:00:00,3,1995.36,0.00,2347.48,0.85,__NONE__,true,0.00,0.00,0.00,0.0,0.00,RPG022,STD,daily_trade_details,Referrals & Revenue Share – Situational Partnership
100509|1|V000006,100509,1,V000006,1968,DAF|,202606,2026-06-15 00:00:00,2026-06-15 00:00:00,3,827.18,0.00,973.15,0.85,__NONE__,true,0.00,0.00,0.00,0.0,0.00,,STD,daily_trade_details,Donor Advised Funds
100510|1|V000006,100510,1,V000006,1961,STRT|,202606,2026-06-02 00:00:00,2026-06-02 00:00:00,4,2091.56,0.00,2460.66,0.85,__NONE__,true,0.00,0.00,0.00,0.0,0.00,,STD,daily_trade_details,Structured Products
100511|1|V000006,100511,1,V000006,2010,ELIS|EQ,202606,2026-06-01 00:00:00,2026-06-01 00:00:00,4,315.23,0.00,370.86,0.85,__NONE__,true,0.00,0.00,0.00,0.0,0.00,RPG024,STD,daily_trade_details,Equities
100512|1|V000006,100512,1,V000006,1982,MUFD|,202606,2026-06-15 00:00:00,2026-06-15 00:00:00,3,1727.54,0.00,2032.39,0.85,__NONE__,true,0.00,0.00,0.00,0.0,0.00,RPG020,STD,daily_trade_details,Mutual Funds
100513|1|V000006,100513,1,V000006,1996,FMXX|,202606,2026-06-11 00:00:00,2026-06-11 00:00:00,3,720.61,0.00,847.77,0.85,__NONE__,true,0.00,0.00,0.00,0.0,0.00,RPG022,STD,daily_trade_details,Fixed Income – Municipal Bonds
100514|1|V000006,100514,1,V000006,1989,FGXX|,202606,2026-06-01 00:00:00,2026-06-01 00:00:00,5,810.81,0.00,953.90,0.85,__NONE__,true,0.00,0.00,0.00,0.0,0.00,RPG021,STD,daily_trade_details,Fixed Income – Government Bonds
100515|1|V000006,100515,1,V000006,1989,FIX|,202606,2026-06-11 00:00:00,2026-06-11 00:00:00,3,1400.14,0.00,1647.22,0.85,__NONE__,true,0.00,0.00,0.00,0.0,0.00,RPG021,STD,daily_trade_details,Life & Annuities — FIX
100516|1|V000006,100516,1,V000006,1989,LIFE|,202606,2026-06-10 00:00:00,2026-06-10 00:00:00,1,2278.92,0.00,2681.08,0.85,__NONE__,true,0.00,0.00,0.00,0.0,0.00,RPG021,STD,daily_trade_details,Life & Annuities — LIFE
100517|1|V000006,100517,1,V000006,2003,DCCR|,202606,2026-06-01 00:00:00,2026-06-01 00:00:00,2,1358.16,0.00,1597.84,0.85,__NONE__,true,0.00,0.00,0.00,0.0,0.00,RPG023,STD,daily_trade_details,Defined Contribution Advisory
100518|1|V000006,100518,1,V000006,1989,LEND|SBL,202606,2026-06-15 00:00:00,2026-06-15 00:00:00,3,1636.32,0.00,1925.08,0.85,__NONE__,true,0.00,0.00,0.00,0.0,0.00,RPG021,STD,daily_trade_details,Lending – Security Based Lending
100519|1|V000006,100519,1,V000006,1961,LEND|MGN,202606,2026-06-10 00:00:00,2026-06-10 00:00:00,5,1561.70,0.00,1837.29,0.85,__NONE__,true,0.00,0.00,0.00,0.0,0.00,,STD,daily_trade_details,Lending – Margin
100520|1|V000006,100520,1,V000006,1982,EDK|,202606,2026-06-04 00:00:00,2026-06-04 00:00:00,4,1141.63,0.00,1343.09,0.85,__NONE__,true,0.00,0.00,0.00,0.0,0.00,RPG020,STD,daily_trade_details,Referrals & Revenue Share – Everyday 401K
100521|1|V000007,100521,1,V000007,2052,OIS1|,202604,2026-04-21 00:00:00,2026-04-21 00:00:00,2,1139.68,0.00,1340.80,0.85,__NONE__,true,0.00,0.00,0.00,0.0,0.00,RPG023,STD,daily_trade_details,Managed Accounts — OIS1
100522|1|V000007,100522,1,V000007,2080,OIS1|,202604,2026-04-10 00:00:00,2026-04-10 00:00:00,1,601.62,0.00,707.79,0.85,__NONE__,true,0.00,0.00,0.00,0.0,0.00,RPG027,STD,daily_trade_details,Managed Accounts — OIS1
100523|1|V000007,100523,1,V000007,2045,JPMC|,202604,2026-04-17 00:00:00,2026-04-17 00:00:00,2,2149.40,0.00,2528.71,0.85,__NONE__,true,0.00,0.00,0.00,0.0,0.00,,STD,daily_trade_details,Managed Accounts — JPMC
100524|1|V000007,100524,1,V000007,2031,JPMC|,202604,2026-04-22 00:00:00,2026-04-22 00:00:00,1,2140.09,0.00,2517.75,0.85,__NONE__,true,0.00,0.00,0.00,0.0,0.00,RPG020,STD,daily_trade_details,Managed Accounts — JPMC
100525|1|V000007,100525,1,V000007,2031,MAP|,202604,2026-04-29 00:00:00,2026-04-29 00:00:00,5,1269.50,0.00,1493.53,0.85,__NONE__,true,0.00,0.00,0.00,0.0,0.00,RPG020,STD,daily_trade_details,Managed Accounts — MAP
100526|1|V000007,100526,1,V000007,2073,MAP|,202604,2026-04-14 00:00:00,2026-04-14 00:00:00,3,1957.29,0.00,2302.69,0.85,__NONE__,true,0.00,0.00,0.00,0.0,0.00,RPG026,STD,daily_trade_details,Managed Accounts — MAP
100527|1|V000007,100527,1,V000007,2073,UMA|,202604,2026-04-08 00:00:00,2026-04-08 00:00:00,1,0.00,2274.55,2675.95,0.85,INELG,false,0.00,0.00,0.00,0.0,0.00,RPG026,STD,daily_trade_details,Managed – Unified Managed Accounts
100528|1|V000007,100528,1,V000007,2038,UMA|,202604,2026-04-29 00:00:00,2026-04-29 00:00:00,1,2171.78,0.00,2555.04,0.85,__NONE__,true,0.00,0.00,0.00,0.0,0.00,RPG021,STD,daily_trade_details,Managed – Unified Managed Accounts
100529|1|V000007,100529,1,V000007,2066,ATMF|,202604,2026-04-16 00:00:00,2026-04-16 00:00:00,5,2012.56,0.00,2367.72,0.85,__NONE__,true,0.00,0.00,0.00,0.0,0.00,RPG025,STD,daily_trade_details,Trails – Mutual Funds
100530|1|V000007,100530,1,V000007,2073,ATMF|,202604,2026-04-01 00:00:00,2026-04-01 00:00:00,4,2443.24,0.00,2874.40,0.85,__NONE__,true,0.00,0.00,0.00,0.0,0.00,RPG026,STD,daily_trade_details,Trails – Mutual Funds
100531|1|V000007,100531,1,V000007,2024,ADVA|,202604,2026-04-28 00:00:00,2026-04-28 00:00:00,2,1107.51,0.00,1302.95,0.85,__NONE__,true,0.00,0.00,0.00,0.0,0.00,,STD,daily_trade_details,Trails – Life & Annuities — ADVA
100532|1|V000007,100532,1,V000007,2080,ADVA|,202604,2026-04-08 00:00:00,2026-04-08 00:00:00,3,1624.56,0.00,1911.24,0.85,__NONE__,true,0.00,0.00,0.00,0.0,0.00,RPG027,STD,daily_trade_details,Trails – Life & Annuities — ADVA
100533|1|V000007,100533,1,V000007,2052,PRDP|,202604,2026-04-21 00:00:00,2026-04-21 00:00:00,1,1047.71,0.00,1232.60,0.85,__NONE__,true,0.00,0.00,0.00,0.0,0.00,RPG023,STD,daily_trade_details,Cash Management – Premium Deposits
100534|1|V000007,100534,1,V000007,2059,PRDP|,202604,2026-04-07 00:00:00,2026-04-07 00:00:00,2,1711.43,0.00,2013.44,0.85,__NONE__,true,0.00,0.00,0.00,0.0,0.00,RPG024,STD,daily_trade_details,Cash Management – Premium Deposits
100535|1|V000007,100535,1,V000007,2052,PCS|,202604,2026-04-17 00:00:00,2026-04-17 00:00:00,1,1270.18,0.00,1494.33,0.85,__NONE__,true,0.00,0.00,0.00,0.0,0.00,RPG023,STD,daily_trade_details,Referrals & Revenue Share – Situational Partnership
100536|1|V000007,100536,1,V000007,2024,PCS|,202604,2026-04-15 00:00:00,2026-04-15 00:00:00,3,672.60,0.00,791.29,0.85,__NONE__,true,0.00,0.00,0.00,0.0,0.00,,STD,daily_trade_details,Referrals & Revenue Share – Situational Partnership
100537|1|V000007,100537,1,V000007,2045,529T|,202604,2026-04-21 00:00:00,2026-04-21 00:00:00,3,1692.39,0.00,1991.04,0.85,__NONE__,true,0.00,0.00,0.00,0.0,0.00,,STD,daily_trade_details,529 Plans
100538|1|V000007,100538,1,V000007,2080,529T|,202604,2026-04-08 00:00:00,2026-04-08 00:00:00,2,1498.15,0.00,1762.53,0.85,__NONE__,true,0.00,0.00,0.00,0.0,0.00,RPG027,STD,daily_trade_details,529 Plans
100539|1|V000007,100539,1,V000007,2017,STRT|,202604,2026-04-13 00:00:00,2026-04-13 00:00:00,1,587.59,0.00,691.28,0.85,__NONE__,true,0.00,0.00,0.00,0.0,0.00,,STD,daily_trade_details,Structured Products
100540|1|V000007,100540,1,V000007,2038,STRT|,202604,2026-04-03 00:00:00,2026-04-03 00:00:00,4,683.89,0.00,804.58,0.85,__NONE__,true,0.00,0.00,0.00,0.0,0.00,RPG021,STD,daily_trade_details,Structured Products
100541|1|V000007,100541,1,V000007,2073,ELIS|EQ,202604,2026-04-23 00:00:00,2026-04-23 00:00:00,1,423.80,0.00,498.59,0.85,__NONE__,true,0.00,0.00,0.00,0.0,0.00,RPG026,STD,daily_trade_details,Equities
100542|1|V000007,100542,1,V000007,2024,ELIS|EQ,202604,2026-04-29 00:00:00,2026-04-29 00:00:00,4,903.64,0.00,1063.11,0.85,__NONE__,true,0.00,0.00,0.00,0.0,0.00,,STD,daily_trade_details,Equities
100543|1|V000007,100543,1,V000007,2045,ELIS|OP,202604,2026-04-21 00:00:00,2026-04-21 00:00:00,2,827.52,0.00,973.55,0.85,__NONE__,true,0.00,0.00,0.00,0.0,0.00,,STD,daily_trade_details,Options
100544|1|V000007,100544,1,V000007,2031,ELIS|OP,202604,2026-04-02 00:00:00,2026-04-02 00:00:00,3,1511.51,0.00,1778.24,0.85,__NONE__,true,0.00,0.00,0.00,0.0,0.00,RPG020,STD,daily_trade_details,Options
100545|1|V000007,100545,1,V000007,2052,FCXX|,202604,2026-04-24 00:00:00,2026-04-24 00:00:00,3,2287.75,0.00,2691.48,0.85,__NONE__,true,0.00,0.00,0.00,0.0,0.00,RPG023,STD,daily_trade_details,Fixed Income – Corporate Bonds
100546|1|V000007,100546,1,V000007,2073,FCXX|,202604,2026-04-24 00:00:00,2026-04-24 00:00:00,2,1323.14,0.00,1556.64,0.85,__NONE__,true,0.00,0.00,0.00,0.0,0.00,RPG026,STD,daily_trade_details,Fixed Income – Corporate Bonds
100547|1|V000007,100547,1,V000007,2080,FGXX|,202604,2026-04-29 00:00:00,2026-04-29 00:00:00,5,1674.44,0.00,1969.93,0.85,__NONE__,true,0.00,0.00,0.00,0.0,0.00,RPG027,STD,daily_trade_details,Fixed Income – Government Bonds
100548|1|V000007,100548,1,V000007,2059,FGXX|,202604,2026-04-14 00:00:00,2026-04-14 00:00:00,3,1503.96,0.00,1769.36,0.85,__NONE__,true,0.00,0.00,0.00,0.0,0.00,RPG024,STD,daily_trade_details,Fixed Income – Government Bonds
100549|1|V000007,100549,1,V000007,2066,FCCD|,202604,2026-04-21 00:00:00,2026-04-21 00:00:00,3,1541.24,0.00,1813.22,0.85,__NONE__,true,0.00,0.00,0.00,0.0,0.00,RPG025,STD,daily_trade_details,Cash Management – Brokered CDs
100550|1|V000007,100550,1,V000007,2052,FCCD|,202604,2026-04-01 00:00:00,2026-04-01 00:00:00,1,1248.07,0.00,1468.32,0.85,__NONE__,true,0.00,0.00,0.00,0.0,0.00,RPG023,STD,daily_trade_details,Cash Management – Brokered CDs
100551|1|V000007,100551,1,V000007,2073,VARI|,202604,2026-04-16 00:00:00,2026-04-16 00:00:00,3,2175.37,0.00,2559.26,0.85,__NONE__,true,0.00,0.00,0.00,0.0,0.00,RPG026,STD,daily_trade_details,Life & Annuities — VARI
100552|1|V000007,100552,1,V000007,2066,VARI|,202604,2026-04-22 00:00:00,2026-04-22 00:00:00,4,1530.73,0.00,1800.86,0.85,__NONE__,true,0.00,0.00,0.00,0.0,0.00,RPG025,STD,daily_trade_details,Life & Annuities — VARI
100553|1|V000007,100553,1,V000007,2045,ALTI|,202604,2026-04-14 00:00:00,2026-04-14 00:00:00,5,321.00,0.00,377.65,0.85,__NONE__,true,0.00,0.00,0.00,0.0,0.00,,STD,daily_trade_details,Alternative Investments
100554|1|V000007,100554,1,V000007,2038,ALTI|,202604,2026-04-09 00:00:00,2026-04-09 00:00:00,4,2132.56,0.00,2508.90,0.85,__NONE__,true,0.00,0.00,0.00,0.0,0.00,RPG021,STD,daily_trade_details,Alternative Investments
100555|1|V000007,100555,1,V000007,2073,DCCR|,202604,2026-04-29 00:00:00,2026-04-29 00:00:00,4,1305.34,0.00,1535.70,0.85,__NONE__,true,0.00,0.00,0.00,0.0,0.00,RPG026,STD,daily_trade_details,Defined Contribution Advisory
100556|1|V000007,100556,1,V000007,2059,DCCR|,202604,2026-04-29 00:00:00,2026-04-29 00:00:00,2,807.36,0.00,949.84,0.85,__NONE__,true,0.00,0.00,0.00,0.0,0.00,RPG024,STD,daily_trade_details,Defined Contribution Advisory
100557|1|V000007,100557,1,V000007,2073,LEND|MGN,202604,2026-04-13 00:00:00,2026-04-13 00:00:00,3,2058.44,0.00,2421.69,0.85,__NONE__,true,0.00,0.00,0.00,0.0,0.00,RPG026,STD,daily_trade_details,Lending – Margin
100558|1|V000007,100558,1,V000007,2073,LEND|MGN,202604,2026-04-03 00:00:00,2026-04-03 00:00:00,2,2160.26,0.00,2541.48,0.85,__NONE__,true,0.00,0.00,0.00,0.0,0.00,RPG026,STD,daily_trade_details,Lending – Margin
100559|1|V000007,100559,1,V000007,2031,EDK|,202604,2026-04-28 00:00:00,2026-04-28 00:00:00,4,966.07,0.00,1136.55,0.85,__NONE__,true,0.00,0.00,0.00,0.0,0.00,RPG020,STD,daily_trade_details,Referrals & Revenue Share – Everyday 401K
100560|1|V000007,100560,1,V000007,2045,EDK|,202604,2026-04-15 00:00:00,2026-04-15 00:00:00,1,1911.09,0.00,2248.34,0.85,__NONE__,true,0.00,0.00,0.00,0.0,0.00,,STD,daily_trade_details,Referrals & Revenue Share – Everyday 401K
100561|1|V000007,100561,1,V000007,2031,OIS1|,202605,2026-05-08 00:00:00,2026-05-08 00:00:00,1,428.65,0.00,504.29,0.85,__NONE__,true,0.00,0.00,0.00,0.0,0.00,RPG020,STD,daily_trade_details,Managed Accounts — OIS1
100562|1|V000007,100562,1,V000007,2045,OIS1|,202605,2026-05-01 00:00:00,2026-05-01 00:00:00,2,951.32,0.00,1119.20,0.85,__NONE__,true,0.00,0.00,0.00,0.0,0.00,,STD,daily_trade_details,Managed Accounts — OIS1
100563|1|V000007,100563,1,V000007,2024,JPMC|,202605,2026-05-15 00:00:00,2026-05-15 00:00:00,4,669.20,0.00,787.30,0.85,__NONE__,true,0.00,0.00,0.00,0.0,0.00,,STD,daily_trade_details,Managed Accounts — JPMC
100564|1|V000007,100564,1,V000007,2045,JPMC|,202605,2026-05-18 00:00:00,2026-05-18 00:00:00,4,2180.92,0.00,2565.79,0.85,__NONE__,true,0.00,0.00,0.00,0.0,0.00,,STD,daily_trade_details,Managed Accounts — JPMC
100565|1|V000007,100565,1,V000007,2017,MAP|,202605,2026-05-07 00:00:00,2026-05-07 00:00:00,1,1096.66,0.00,1290.18,0.85,__NONE__,true,0.00,0.00,0.00,0.0,0.00,,STD,daily_trade_details,Managed Accounts — MAP
100566|1|V000007,100566,1,V000007,2045,MAP|,202605,2026-05-22 00:00:00,2026-05-22 00:00:00,2,2156.94,0.00,2537.58,0.85,__NONE__,true,0.00,0.00,0.00,0.0,0.00,,STD,daily_trade_details,Managed Accounts — MAP
100567|1|V000007,100567,1,V000007,2038,UMA|,202605,2026-05-19 00:00:00,2026-05-19 00:00:00,1,2442.71,0.00,2873.78,0.85,__NONE__,true,0.00,0.00,0.00,0.0,0.00,RPG021,STD,daily_trade_details,Managed – Unified Managed Accounts
100568|1|V000007,100568,1,V000007,2024,UMA|,202605,2026-05-19 00:00:00,2026-05-19 00:00:00,4,2630.53,0.00,3094.74,0.85,__NONE__,true,0.00,0.00,0.00,0.0,0.00,,STD,daily_trade_details,Managed – Unified Managed Accounts
100569|1|V000007,100569,1,V000007,2038,ATMF|,202605,2026-05-06 00:00:00,2026-05-06 00:00:00,5,0.00,2066.40,2431.06,0.85,ADJ,false,0.00,0.00,0.00,0.0,0.00,RPG021,STD,daily_trade_details,Trails – Mutual Funds
100570|1|V000007,100570,1,V000007,2038,ATMF|,202605,2026-05-14 00:00:00,2026-05-14 00:00:00,3,1436.06,0.00,1689.48,0.85,__NONE__,true,0.00,0.00,0.00,0.0,0.00,RPG021,STD,daily_trade_details,Trails – Mutual Funds
100571|1|V000007,100571,1,V000007,2031,ADVA|,202605,2026-05-13 00:00:00,2026-05-13 00:00:00,4,0.00,1808.23,2127.32,0.85,INELG,false,0.00,0.00,0.00,0.0,0.00,RPG020,STD,daily_trade_details,Trails – Life & Annuities — ADVA
100572|1|V000007,100572,1,V000007,2045,ADVA|,202605,2026-05-11 00:00:00,2026-05-11 00:00:00,1,783.56,0.00,921.84,0.85,__NONE__,true,0.00,0.00,0.00,0.0,0.00,,STD,daily_trade_details,Trails – Life & Annuities — ADVA
100573|1|V000007,100573,1,V000007,2038,PRDP|,202605,2026-05-08 00:00:00,2026-05-08 00:00:00,3,1817.14,0.00,2137.81,0.85,__NONE__,true,0.00,0.00,0.00,0.0,0.00,RPG021,STD,daily_trade_details,Cash Management – Premium Deposits
100574|1|V000007,100574,1,V000007,2080,PRDP|,202605,2026-05-01 00:00:00,2026-05-01 00:00:00,1,595.33,0.00,700.38,0.85,__NONE__,true,0.00,0.00,0.00,0.0,0.00,RPG027,STD,daily_trade_details,Cash Management – Premium Deposits
100575|1|V000007,100575,1,V000007,2080,PCS|,202605,2026-05-29 00:00:00,2026-05-29 00:00:00,2,2175.56,0.00,2559.49,0.85,__NONE__,true,0.00,0.00,0.00,0.0,0.00,RPG027,STD,daily_trade_details,Referrals & Revenue Share – Situational Partnership
100576|1|V000007,100576,1,V000007,2052,PCS|,202605,2026-05-22 00:00:00,2026-05-22 00:00:00,1,2145.38,0.00,2523.98,0.85,__NONE__,true,0.00,0.00,0.00,0.0,0.00,RPG023,STD,daily_trade_details,Referrals & Revenue Share – Situational Partnership
100577|1|V000007,100577,1,V000007,2080,529T|,202605,2026-05-30 00:00:00,2026-05-30 00:00:00,1,1116.11,0.00,1313.08,0.85,__NONE__,true,0.00,0.00,0.00,0.0,0.00,RPG027,STD,daily_trade_details,529 Plans
100578|1|V000007,100578,1,V000007,2017,529T|,202605,2026-05-27 00:00:00,2026-05-27 00:00:00,1,1156.81,0.00,1360.95,0.85,__NONE__,true,0.00,0.00,0.00,0.0,0.00,,STD,daily_trade_details,529 Plans
100579|1|V000007,100579,1,V000007,2031,STRT|,202605,2026-05-27 00:00:00,2026-05-27 00:00:00,3,1471.81,0.00,1731.54,0.85,__NONE__,true,0.00,0.00,0.00,0.0,0.00,RPG020,STD,daily_trade_details,Structured Products
100580|1|V000007,100580,1,V000007,2066,STRT|,202605,2026-05-18 00:00:00,2026-05-18 00:00:00,2,0.00,2055.86,2418.65,0.85,ADJ,false,0.00,0.00,0.00,0.0,0.00,RPG025,STD,daily_trade_details,Structured Products
100581|1|V000007,100581,1,V000007,2045,ELIS|EQ,202605,2026-05-21 00:00:00,2026-05-21 00:00:00,5,2449.77,0.00,2882.08,0.85,__NONE__,true,0.00,0.00,0.00,0.0,0.00,,STD,daily_trade_details,Equities
100582|1|V000007,100582,1,V000007,2045,ELIS|EQ,202605,2026-05-28 00:00:00,2026-05-28 00:00:00,2,1602.48,0.00,1885.27,0.85,__NONE__,true,0.00,0.00,0.00,0.0,0.00,,STD,daily_trade_details,Equities
100583|1|V000007,100583,1,V000007,2073,ELIS|OP,202605,2026-05-13 00:00:00,2026-05-13 00:00:00,5,1138.12,0.00,1338.96,0.85,__NONE__,true,0.00,0.00,0.00,0.0,0.00,RPG026,STD,daily_trade_details,Options
100584|1|V000007,100584,1,V000007,2073,ELIS|OP,202605,2026-05-21 00:00:00,2026-05-21 00:00:00,3,692.20,0.00,814.35,0.85,__NONE__,true,0.00,0.00,0.00,0.0,0.00,RPG026,STD,daily_trade_details,Options
100585|1|V000007,100585,1,V000007,2045,FCXX|,202605,2026-05-30 00:00:00,2026-05-30 00:00:00,5,1599.79,0.00,1882.11,0.85,__NONE__,true,0.00,0.00,0.00,0.0,0.00,,STD,daily_trade_details,Fixed Income – Corporate Bonds
100586|1|V000007,100586,1,V000007,2059,FCXX|,202605,2026-05-29 00:00:00,2026-05-29 00:00:00,3,2056.97,0.00,2419.97,0.85,__NONE__,true,0.00,0.00,0.00,0.0,0.00,RPG024,STD,daily_trade_details,Fixed Income – Corporate Bonds
100587|1|V000007,100587,1,V000007,2080,FGXX|,202605,2026-05-27 00:00:00,2026-05-27 00:00:00,4,878.93,0.00,1034.04,0.85,__NONE__,true,0.00,0.00,0.00,0.0,0.00,RPG027,STD,daily_trade_details,Fixed Income – Government Bonds
100588|1|V000007,100588,1,V000007,2038,FGXX|,202605,2026-05-27 00:00:00,2026-05-27 00:00:00,2,1558.05,0.00,1833.00,0.85,__NONE__,true,0.00,0.00,0.00,0.0,0.00,RPG021,STD,daily_trade_details,Fixed Income – Government Bonds
100589|1|V000007,100589,1,V000007,2080,FCCD|,202605,2026-05-15 00:00:00,2026-05-15 00:00:00,1,984.49,0.00,1158.22,0.85,__NONE__,true,0.00,0.00,0.00,0.0,0.00,RPG027,STD,daily_trade_details,Cash Management – Brokered CDs
100590|1|V000007,100590,1,V000007,2024,FCCD|,202605,2026-05-07 00:00:00,2026-05-07 00:00:00,2,1555.98,0.00,1830.56,0.85,__NONE__,true,0.00,0.00,0.00,0.0,0.00,,STD,daily_trade_details,Cash Management – Brokered CDs
100591|1|V000007,100591,1,V000007,2017,VARI|,202605,2026-05-06 00:00:00,2026-05-06 00:00:00,1,791.55,0.00,931.23,0.85,__NONE__,true,0.00,0.00,0.00,0.0,0.00,,STD,daily_trade_details,Life & Annuities — VARI
100592|1|V000007,100592,1,V000007,2080,VARI|,202605,2026-05-22 00:00:00,2026-05-22 00:00:00,5,1838.19,0.00,2162.58,0.85,__NONE__,true,0.00,0.00,0.00,0.0,0.00,RPG027,STD,daily_trade_details,Life & Annuities — VARI
100593|1|V000007,100593,1,V000007,2080,ALTI|,202605,2026-05-18 00:00:00,2026-05-18 00:00:00,2,1979.98,0.00,2329.39,0.85,__NONE__,true,0.00,0.00,0.00,0.0,0.00,RPG027,STD,daily_trade_details,Alternative Investments
100594|1|V000007,100594,1,V000007,2080,ALTI|,202605,2026-05-30 00:00:00,2026-05-30 00:00:00,4,0.00,2019.33,2375.68,0.85,INELG,false,0.00,0.00,0.00,0.0,0.00,RPG027,STD,daily_trade_details,Alternative Investments
100595|1|V000007,100595,1,V000007,2024,DCCR|,202605,2026-05-18 00:00:00,2026-05-18 00:00:00,5,1424.71,0.00,1676.14,0.85,__NONE__,true,0.00,0.00,0.00,0.0,0.00,,STD,daily_trade_details,Defined Contribution Advisory
100596|1|V000007,100596,1,V000007,2059,DCCR|,202605,2026-05-04 00:00:00,2026-05-04 00:00:00,5,2267.33,0.00,2667.45,0.85,__NONE__,true,0.00,0.00,0.00,0.0,0.00,RPG024,STD,daily_trade_details,Defined Contribution Advisory
100597|1|V000007,100597,1,V000007,2045,LEND|MGN,202605,2026-05-14 00:00:00,2026-05-14 00:00:00,1,1569.83,0.00,1846.86,0.85,__NONE__,true,0.00,0.00,0.00,0.0,0.00,,STD,daily_trade_details,Lending – Margin
100598|1|V000007,100598,1,V000007,2038,LEND|MGN,202605,2026-05-12 00:00:00,2026-05-12 00:00:00,5,2597.18,0.00,3055.50,0.85,__NONE__,true,0.00,0.00,0.00,0.0,0.00,RPG021,STD,daily_trade_details,Lending – Margin
100599|1|V000007,100599,1,V000007,2059,EDK|,202605,2026-05-12 00:00:00,2026-05-12 00:00:00,5,761.51,0.00,895.89,0.85,__NONE__,true,0.00,0.00,0.00,0.0,0.00,RPG024,STD,daily_trade_details,Referrals & Revenue Share – Everyday 401K
100600|1|V000007,100600,1,V000007,2031,EDK|,202605,2026-05-06 00:00:00,2026-05-06 00:00:00,5,1639.83,0.00,1929.21,0.85,__NONE__,true,0.00,0.00,0.00,0.0,0.00,RPG020,STD,daily_trade_details,Referrals & Revenue Share – Everyday 401K
100601|1|V000007,100601,1,V000007,2052,OIS1|,202606,2026-06-09 00:00:00,2026-06-09 00:00:00,1,1851.33,0.00,2178.04,0.85,__NONE__,true,0.00,0.00,0.00,0.0,0.00,RPG023,STD,daily_trade_details,Managed Accounts — OIS1
100602|1|V000007,100602,1,V000007,2031,JPMC|,202606,2026-06-11 00:00:00,2026-06-11 00:00:00,3,2122.66,0.00,2497.25,0.85,__NONE__,true,0.00,0.00,0.00,0.0,0.00,RPG020,STD,daily_trade_details,Managed Accounts — JPMC
100603|1|V000007,100603,1,V000007,2031,MAP|,202606,2026-06-08 00:00:00,2026-06-08 00:00:00,3,1527.97,0.00,1797.61,0.85,__NONE__,true,0.00,0.00,0.00,0.0,0.00,RPG020,STD,daily_trade_details,Managed Accounts — MAP
100604|1|V000007,100604,1,V000007,2073,UMA|,202606,2026-06-08 00:00:00,2026-06-08 00:00:00,4,2580.36,0.00,3035.72,0.85,__NONE__,true,0.00,0.00,0.00,0.0,0.00,RPG026,STD,daily_trade_details,Managed – Unified Managed Accounts
100605|1|V000007,100605,1,V000007,2059,ATMF|,202606,2026-06-04 00:00:00,2026-06-04 00:00:00,5,2200.16,0.00,2588.42,0.85,__NONE__,true,0.00,0.00,0.00,0.0,0.00,RPG024,STD,daily_trade_details,Trails – Mutual Funds
100606|1|V000007,100606,1,V000007,2073,ADVA|,202606,2026-06-17 00:00:00,2026-06-17 00:00:00,3,792.03,0.00,931.81,0.85,__NONE__,true,0.00,0.00,0.00,0.0,0.00,RPG026,STD,daily_trade_details,Trails – Life & Annuities — ADVA
100607|1|V000007,100607,1,V000007,2052,PRDP|,202606,2026-06-09 00:00:00,2026-06-09 00:00:00,1,2511.80,0.00,2955.06,0.85,__NONE__,true,0.00,0.00,0.00,0.0,0.00,RPG023,STD,daily_trade_details,Cash Management – Premium Deposits
100608|1|V000007,100608,1,V000007,2017,PCS|,202606,2026-06-11 00:00:00,2026-06-11 00:00:00,2,2560.80,0.00,3012.71,0.85,__NONE__,true,0.00,0.00,0.00,0.0,0.00,,STD,daily_trade_details,Referrals & Revenue Share – Situational Partnership
100609|1|V000007,100609,1,V000007,2045,529T|,202606,2026-06-04 00:00:00,2026-06-04 00:00:00,3,315.11,0.00,370.72,0.85,__NONE__,true,0.00,0.00,0.00,0.0,0.00,,STD,daily_trade_details,529 Plans
100610|1|V000007,100610,1,V000007,2017,STRT|,202606,2026-06-05 00:00:00,2026-06-05 00:00:00,5,2074.50,0.00,2440.59,0.85,__NONE__,true,0.00,0.00,0.00,0.0,0.00,,STD,daily_trade_details,Structured Products
100611|1|V000007,100611,1,V000007,2073,ELIS|EQ,202606,2026-06-03 00:00:00,2026-06-03 00:00:00,1,1579.54,0.00,1858.29,0.85,__NONE__,true,0.00,0.00,0.00,0.0,0.00,RPG026,STD,daily_trade_details,Equities
100612|1|V000007,100612,1,V000007,2017,ELIS|OP,202606,2026-06-05 00:00:00,2026-06-05 00:00:00,3,1358.85,0.00,1598.65,0.85,__NONE__,true,0.00,0.00,0.00,0.0,0.00,,STD,daily_trade_details,Options
100613|1|V000007,100613,1,V000007,2080,FCXX|,202606,2026-06-05 00:00:00,2026-06-05 00:00:00,1,874.67,0.00,1029.02,0.85,__NONE__,true,0.00,0.00,0.00,0.0,0.00,RPG027,STD,daily_trade_details,Fixed Income – Corporate Bonds
100614|1|V000007,100614,1,V000007,2080,FGXX|,202606,2026-06-17 00:00:00,2026-06-17 00:00:00,1,1219.54,0.00,1434.75,0.85,__NONE__,true,0.00,0.00,0.00,0.0,0.00,RPG027,STD,daily_trade_details,Fixed Income – Government Bonds
100615|1|V000007,100615,1,V000007,2052,FCCD|,202606,2026-06-17 00:00:00,2026-06-17 00:00:00,5,2123.68,0.00,2498.45,0.85,__NONE__,true,0.00,0.00,0.00,0.0,0.00,RPG023,STD,daily_trade_details,Cash Management – Brokered CDs
100616|1|V000007,100616,1,V000007,2024,VARI|,202606,2026-06-17 00:00:00,2026-06-17 00:00:00,5,1669.03,0.00,1963.57,0.85,__NONE__,true,0.00,0.00,0.00,0.0,0.00,,STD,daily_trade_details,Life & Annuities — VARI
100617|1|V000007,100617,1,V000007,2059,ALTI|,202606,2026-06-08 00:00:00,2026-06-08 00:00:00,4,0.00,480.50,565.29,0.85,ADJ,false,0.00,0.00,0.00,0.0,0.00,RPG024,STD,daily_trade_details,Alternative Investments
100618|1|V000007,100618,1,V000007,2059,DCCR|,202606,2026-06-04 00:00:00,2026-06-04 00:00:00,5,2439.57,0.00,2870.08,0.85,__NONE__,true,0.00,0.00,0.00,0.0,0.00,RPG024,STD,daily_trade_details,Defined Contribution Advisory
100619|1|V000007,100619,1,V000007,2017,LEND|MGN,202606,2026-06-01 00:00:00,2026-06-01 00:00:00,3,1757.94,0.00,2068.17,0.85,__NONE__,true,0.00,0.00,0.00,0.0,0.00,,STD,daily_trade_details,Lending – Margin
100620|1|V000007,100620,1,V000007,2073,EDK|,202606,2026-06-03 00:00:00,2026-06-03 00:00:00,3,394.72,0.00,464.38,0.85,__NONE__,true,0.00,0.00,0.00,0.0,0.00,RPG026,STD,daily_trade_details,Referrals & Revenue Share – Everyday 401K
100621|1|V000008,100621,1,V000008,2143,OISC|,202604,2026-04-17 00:00:00,2026-04-17 00:00:00,4,1904.87,0.00,2241.02,0.85,__NONE__,true,0.00,0.00,0.00,0.0,0.00,RPG001,STD,daily_trade_details,Managed Accounts — OISC
100622|1|V000008,100622,1,V000008,2150,OISC|,202604,2026-04-20 00:00:00,2026-04-20 00:00:00,3,1623.09,0.00,1909.51,0.85,__NONE__,true,0.00,0.00,0.00,0.0,0.00,RPG002,STD,daily_trade_details,Managed Accounts — OISC
100623|1|V000008,100623,1,V000008,2129,JPMC|,202604,2026-04-22 00:00:00,2026-04-22 00:00:00,5,640.43,0.00,753.45,0.85,__NONE__,true,0.00,0.00,0.00,0.0,0.00,RPG027,STD,daily_trade_details,Managed Accounts — JPMC
100624|1|V000008,100624,1,V000008,2087,JPMC|,202604,2026-04-17 00:00:00,2026-04-17 00:00:00,5,1560.75,0.00,1836.18,0.85,__NONE__,true,0.00,0.00,0.00,0.0,0.00,RPG021,STD,daily_trade_details,Managed Accounts — JPMC
100625|1|V000008,100625,1,V000008,2129,MAP|,202604,2026-04-07 00:00:00,2026-04-07 00:00:00,4,2079.80,0.00,2446.82,0.85,__NONE__,true,0.00,0.00,0.00,0.0,0.00,RPG027,STD,daily_trade_details,Managed Accounts — MAP
100626|1|V000008,100626,1,V000008,2143,MAP|,202604,2026-04-27 00:00:00,2026-04-27 00:00:00,2,755.65,0.00,889.00,0.85,__NONE__,true,0.00,0.00,0.00,0.0,0.00,RPG001,STD,daily_trade_details,Managed Accounts — MAP
100627|1|V000008,100627,1,V000008,2143,ATMF|,202604,2026-04-10 00:00:00,2026-04-10 00:00:00,2,1716.79,0.00,2019.76,0.85,__NONE__,true,0.00,0.00,0.00,0.0,0.00,RPG001,STD,daily_trade_details,Trails – Mutual Funds
100628|1|V000008,100628,1,V000008,2094,ATMF|,202604,2026-04-27 00:00:00,2026-04-27 00:00:00,1,912.39,0.00,1073.40,0.85,__NONE__,true,0.00,0.00,0.00,0.0,0.00,,STD,daily_trade_details,Trails – Mutual Funds
100629|1|V000008,100629,1,V000008,2094,ITMF|,202604,2026-04-16 00:00:00,2026-04-16 00:00:00,2,1845.02,0.00,2170.61,0.85,__NONE__,true,0.00,0.00,0.00,0.0,0.00,,STD,daily_trade_details,Trails – Life & Annuities — ITMF
100630|1|V000008,100630,1,V000008,2122,ITMF|,202604,2026-04-14 00:00:00,2026-04-14 00:00:00,2,1092.41,0.00,1285.19,0.85,__NONE__,true,0.00,0.00,0.00,0.0,0.00,RPG026,STD,daily_trade_details,Trails – Life & Annuities — ITMF
100631|1|V000008,100631,1,V000008,2122,MMKT|,202604,2026-04-21 00:00:00,2026-04-21 00:00:00,5,1717.31,0.00,2020.36,0.85,__NONE__,true,0.00,0.00,0.00,0.0,0.00,RPG026,STD,daily_trade_details,Cash Management – Money Market Funds
100632|1|V000008,100632,1,V000008,2101,MMKT|,202604,2026-04-10 00:00:00,2026-04-10 00:00:00,2,1313.07,0.00,1544.78,0.85,__NONE__,true,0.00,0.00,0.00,0.0,0.00,,STD,daily_trade_details,Cash Management – Money Market Funds
100633|1|V000008,100633,1,V000008,2122,529T|,202604,2026-04-03 00:00:00,2026-04-03 00:00:00,1,658.78,0.00,775.04,0.85,__NONE__,true,0.00,0.00,0.00,0.0,0.00,RPG026,STD,daily_trade_details,529 Plans
100634|1|V000008,100634,1,V000008,2087,529T|,202604,2026-04-07 00:00:00,2026-04-07 00:00:00,3,859.01,0.00,1010.60,0.85,__NONE__,true,0.00,0.00,0.00,0.0,0.00,RPG021,STD,daily_trade_details,529 Plans
100635|1|V000008,100635,1,V000008,2087,STRT|,202604,2026-04-14 00:00:00,2026-04-14 00:00:00,4,1089.52,0.00,1281.79,0.85,__NONE__,true,0.00,0.00,0.00,0.0,0.00,RPG021,STD,daily_trade_details,Structured Products
100636|1|V000008,100636,1,V000008,2136,STRT|,202604,2026-04-24 00:00:00,2026-04-24 00:00:00,2,352.32,0.00,414.49,0.85,__NONE__,true,0.00,0.00,0.00,0.0,0.00,,STD,daily_trade_details,Structured Products
100637|1|V000008,100637,1,V000008,2108,ELIS|EQ,202604,2026-04-24 00:00:00,2026-04-24 00:00:00,4,1556.78,0.00,1831.50,0.85,__NONE__,true,0.00,0.00,0.00,0.0,0.00,RPG024,STD,daily_trade_details,Equities
100638|1|V000008,100638,1,V000008,2150,ELIS|EQ,202604,2026-04-01 00:00:00,2026-04-01 00:00:00,4,1978.82,0.00,2328.03,0.85,__NONE__,true,0.00,0.00,0.00,0.0,0.00,RPG002,STD,daily_trade_details,Equities
100639|1|V000008,100639,1,V000008,2150,MUFD|,202604,2026-04-13 00:00:00,2026-04-13 00:00:00,2,2383.89,0.00,2804.58,0.85,__NONE__,true,0.00,0.00,0.00,0.0,0.00,RPG002,STD,daily_trade_details,Mutual Funds
100640|1|V000008,100640,1,V000008,2087,MUFD|,202604,2026-04-28 00:00:00,2026-04-28 00:00:00,3,953.23,0.00,1121.45,0.85,__NONE__,true,0.00,0.00,0.00,0.0,0.00,RPG021,STD,daily_trade_details,Mutual Funds
100641|1|V000008,100641,1,V000008,2087,FMXX|,202604,2026-04-03 00:00:00,2026-04-03 00:00:00,4,1369.41,0.00,1611.07,0.85,__NONE__,true,0.00,0.00,0.00,0.0,0.00,RPG021,STD,daily_trade_details,Fixed Income – Municipal Bonds
100642|1|V000008,100642,1,V000008,2115,FMXX|,202604,2026-04-16 00:00:00,2026-04-16 00:00:00,1,1824.86,0.00,2146.89,0.85,__NONE__,true,0.00,0.00,0.00,0.0,0.00,,STD,daily_trade_details,Fixed Income – Municipal Bonds
100643|1|V000008,100643,1,V000008,2087,FCCD|,202604,2026-04-17 00:00:00,2026-04-17 00:00:00,2,972.74,0.00,1144.40,0.85,__NONE__,true,0.00,0.00,0.00,0.0,0.00,RPG021,STD,daily_trade_details,Cash Management – Brokered CDs
100644|1|V000008,100644,1,V000008,2129,FCCD|,202604,2026-04-15 00:00:00,2026-04-15 00:00:00,4,1469.64,0.00,1728.99,0.85,__NONE__,true,0.00,0.00,0.00,0.0,0.00,RPG027,STD,daily_trade_details,Cash Management – Brokered CDs
100645|1|V000008,100645,1,V000008,2150,FIX|,202604,2026-04-23 00:00:00,2026-04-23 00:00:00,4,1522.59,0.00,1791.28,0.85,__NONE__,true,0.00,0.00,0.00,0.0,0.00,RPG002,STD,daily_trade_details,Life & Annuities — FIX
100646|1|V000008,100646,1,V000008,2143,FIX|,202604,2026-04-23 00:00:00,2026-04-23 00:00:00,3,0.00,2430.60,2859.54,0.85,INELG,false,0.00,0.00,0.00,0.0,0.00,RPG001,STD,daily_trade_details,Life & Annuities — FIX
100647|1|V000008,100647,1,V000008,2122,VARI|,202604,2026-04-01 00:00:00,2026-04-01 00:00:00,3,1426.85,0.00,1678.64,0.85,__NONE__,true,0.00,0.00,0.00,0.0,0.00,RPG026,STD,daily_trade_details,Life & Annuities — VARI
100648|1|V000008,100648,1,V000008,2122,VARI|,202604,2026-04-23 00:00:00,2026-04-23 00:00:00,3,1117.37,0.00,1314.55,0.85,__NONE__,true,0.00,0.00,0.00,0.0,0.00,RPG026,STD,daily_trade_details,Life & Annuities — VARI
100649|1|V000008,100649,1,V000008,2087,LIFE|,202604,2026-04-01 00:00:00,2026-04-01 00:00:00,5,1739.32,0.00,2046.26,0.85,__NONE__,true,0.00,0.00,0.00,0.0,0.00,RPG021,STD,daily_trade_details,Life & Annuities — LIFE
100650|1|V000008,100650,1,V000008,2115,LIFE|,202604,2026-04-17 00:00:00,2026-04-17 00:00:00,2,818.84,0.00,963.34,0.85,__NONE__,true,0.00,0.00,0.00,0.0,0.00,,STD,daily_trade_details,Life & Annuities — LIFE
100651|1|V000008,100651,1,V000008,2094,DCCR|,202604,2026-04-28 00:00:00,2026-04-28 00:00:00,2,1978.75,0.00,2327.94,0.85,__NONE__,true,0.00,0.00,0.00,0.0,0.00,,STD,daily_trade_details,Defined Contribution Advisory
100652|1|V000008,100652,1,V000008,2129,DCCR|,202604,2026-04-14 00:00:00,2026-04-14 00:00:00,5,852.83,0.00,1003.33,0.85,__NONE__,true,0.00,0.00,0.00,0.0,0.00,RPG027,STD,daily_trade_details,Defined Contribution Advisory
100653|1|V000008,100653,1,V000008,2122,LEND|SBL,202604,2026-04-29 00:00:00,2026-04-29 00:00:00,2,1333.09,0.00,1568.34,0.85,__NONE__,true,0.00,0.00,0.00,0.0,0.00,RPG026,STD,daily_trade_details,Lending – Security Based Lending
100654|1|V000008,100654,1,V000008,2150,LEND|SBL,202604,2026-04-07 00:00:00,2026-04-07 00:00:00,3,1545.11,0.00,1817.78,0.85,__NONE__,true,0.00,0.00,0.00,0.0,0.00,RPG002,STD,daily_trade_details,Lending – Security Based Lending
100655|1|V000008,100655,1,V000008,2143,LEND|MGN,202604,2026-04-07 00:00:00,2026-04-07 00:00:00,5,2391.99,0.00,2814.11,0.85,__NONE__,true,0.00,0.00,0.00,0.0,0.00,RPG001,STD,daily_trade_details,Lending – Margin
100656|1|V000008,100656,1,V000008,2101,LEND|MGN,202604,2026-04-06 00:00:00,2026-04-06 00:00:00,2,1030.24,0.00,1212.05,0.85,__NONE__,true,0.00,0.00,0.00,0.0,0.00,,STD,daily_trade_details,Lending – Margin
100657|1|V000008,100657,1,V000008,2122,EDK|,202604,2026-04-01 00:00:00,2026-04-01 00:00:00,3,2230.90,0.00,2624.59,0.85,__NONE__,true,0.00,0.00,0.00,0.0,0.00,RPG026,STD,daily_trade_details,Referrals & Revenue Share – Everyday 401K
100658|1|V000008,100658,1,V000008,2129,EDK|,202604,2026-04-29 00:00:00,2026-04-29 00:00:00,3,2510.75,0.00,2953.82,0.85,__NONE__,true,0.00,0.00,0.00,0.0,0.00,RPG027,STD,daily_trade_details,Referrals & Revenue Share – Everyday 401K
100659|1|V000008,100659,1,V000008,2101,OISC|,202605,2026-05-08 00:00:00,2026-05-08 00:00:00,1,2165.17,0.00,2547.25,0.85,__NONE__,true,0.00,0.00,0.00,0.0,0.00,,STD,daily_trade_details,Managed Accounts — OISC
100660|1|V000008,100660,1,V000008,2150,OISC|,202605,2026-05-29 00:00:00,2026-05-29 00:00:00,2,1779.14,0.00,2093.11,0.85,__NONE__,true,0.00,0.00,0.00,0.0,0.00,RPG002,STD,daily_trade_details,Managed Accounts — OISC
100661|1|V000008,100661,1,V000008,2150,JPMC|,202605,2026-05-18 00:00:00,2026-05-18 00:00:00,1,863.21,0.00,1015.54,0.85,__NONE__,true,0.00,0.00,0.00,0.0,0.00,RPG002,STD,daily_trade_details,Managed Accounts — JPMC
100662|1|V000008,100662,1,V000008,2136,JPMC|,202605,2026-05-22 00:00:00,2026-05-22 00:00:00,3,629.69,0.00,740.82,0.85,__NONE__,true,0.00,0.00,0.00,0.0,0.00,,STD,daily_trade_details,Managed Accounts — JPMC
100663|1|V000008,100663,1,V000008,2101,MAP|,202605,2026-05-07 00:00:00,2026-05-07 00:00:00,2,2338.99,0.00,2751.76,0.85,__NONE__,true,0.00,0.00,0.00,0.0,0.00,,STD,daily_trade_details,Managed Accounts — MAP
100664|1|V000008,100664,1,V000008,2108,MAP|,202605,2026-05-01 00:00:00,2026-05-01 00:00:00,3,849.14,0.00,998.99,0.85,__NONE__,true,0.00,0.00,0.00,0.0,0.00,RPG024,STD,daily_trade_details,Managed Accounts — MAP
100665|1|V000008,100665,1,V000008,2129,ATMF|,202605,2026-05-11 00:00:00,2026-05-11 00:00:00,2,840.29,0.00,988.58,0.85,__NONE__,true,0.00,0.00,0.00,0.0,0.00,RPG027,STD,daily_trade_details,Trails – Mutual Funds
100666|1|V000008,100666,1,V000008,2094,ATMF|,202605,2026-05-21 00:00:00,2026-05-21 00:00:00,5,732.03,0.00,861.22,0.85,__NONE__,true,0.00,0.00,0.00,0.0,0.00,,STD,daily_trade_details,Trails – Mutual Funds
100667|1|V000008,100667,1,V000008,2136,ITMF|,202605,2026-05-12 00:00:00,2026-05-12 00:00:00,4,1947.96,0.00,2291.71,0.85,__NONE__,true,0.00,0.00,0.00,0.0,0.00,,STD,daily_trade_details,Trails – Life & Annuities — ITMF
100668|1|V000008,100668,1,V000008,2129,ITMF|,202605,2026-05-19 00:00:00,2026-05-19 00:00:00,3,2158.28,0.00,2539.15,0.85,__NONE__,true,0.00,0.00,0.00,0.0,0.00,RPG027,STD,daily_trade_details,Trails – Life & Annuities — ITMF
100669|1|V000008,100669,1,V000008,2129,MMKT|,202605,2026-05-29 00:00:00,2026-05-29 00:00:00,5,1766.19,0.00,2077.87,0.85,__NONE__,true,0.00,0.00,0.00,0.0,0.00,RPG027,STD,daily_trade_details,Cash Management – Money Market Funds
100670|1|V000008,100670,1,V000008,2143,MMKT|,202605,2026-05-04 00:00:00,2026-05-04 00:00:00,5,1837.34,0.00,2161.57,0.85,__NONE__,true,0.00,0.00,0.00,0.0,0.00,RPG001,STD,daily_trade_details,Cash Management – Money Market Funds
100671|1|V000008,100671,1,V000008,2094,529T|,202605,2026-05-04 00:00:00,2026-05-04 00:00:00,2,1385.56,0.00,1630.07,0.85,__NONE__,true,0.00,0.00,0.00,0.0,0.00,,STD,daily_trade_details,529 Plans
100672|1|V000008,100672,1,V000008,2143,529T|,202605,2026-05-04 00:00:00,2026-05-04 00:00:00,5,1590.90,0.00,1871.64,0.85,__NONE__,true,0.00,0.00,0.00,0.0,0.00,RPG001,STD,daily_trade_details,529 Plans
100673|1|V000008,100673,1,V000008,2129,STRT|,202605,2026-05-04 00:00:00,2026-05-04 00:00:00,2,1539.14,0.00,1810.75,0.85,__NONE__,true,0.00,0.00,0.00,0.0,0.00,RPG027,STD,daily_trade_details,Structured Products
100674|1|V000008,100674,1,V000008,2115,STRT|,202605,2026-05-14 00:00:00,2026-05-14 00:00:00,4,1356.86,0.00,1596.30,0.85,__NONE__,true,0.00,0.00,0.00,0.0,0.00,,STD,daily_trade_details,Structured Products
100675|1|V000008,100675,1,V000008,2101,ELIS|EQ,202605,2026-05-04 00:00:00,2026-05-04 00:00:00,5,1316.17,0.00,1548.44,0.85,__NONE__,true,0.00,0.00,0.00,0.0,0.00,,STD,daily_trade_details,Equities
100676|1|V000008,100676,1,V000008,2101,ELIS|EQ,202605,2026-05-05 00:00:00,2026-05-05 00:00:00,5,1414.05,0.00,1663.59,0.85,__NONE__,true,0.00,0.00,0.00,0.0,0.00,,STD,daily_trade_details,Equities
100677|1|V000008,100677,1,V000008,2094,MUFD|,202605,2026-05-27 00:00:00,2026-05-27 00:00:00,2,738.45,0.00,868.76,0.85,__NONE__,true,0.00,0.00,0.00,0.0,0.00,,STD,daily_trade_details,Mutual Funds
100678|1|V000008,100678,1,V000008,2129,MUFD|,202605,2026-05-08 00:00:00,2026-05-08 00:00:00,4,1294.98,0.00,1523.50,0.85,__NONE__,true,0.00,0.00,0.00,0.0,0.00,RPG027,STD,daily_trade_details,Mutual Funds
100679|1|V000008,100679,1,V000008,2150,FMXX|,202605,2026-05-21 00:00:00,2026-05-21 00:00:00,1,2444.90,0.00,2876.35,0.85,__NONE__,true,0.00,0.00,0.00,0.0,0.00,RPG002,STD,daily_trade_details,Fixed Income – Municipal Bonds
100680|1|V000008,100680,1,V000008,2115,FMXX|,202605,2026-05-08 00:00:00,2026-05-08 00:00:00,1,1081.96,0.00,1272.89,0.85,__NONE__,true,0.00,0.00,0.00,0.0,0.00,,STD,daily_trade_details,Fixed Income – Municipal Bonds
100681|1|V000008,100681,1,V000008,2094,FCCD|,202605,2026-05-18 00:00:00,2026-05-18 00:00:00,1,582.27,0.00,685.02,0.85,__NONE__,true,0.00,0.00,0.00,0.0,0.00,,STD,daily_trade_details,Cash Management – Brokered CDs
100682|1|V000008,100682,1,V000008,2143,FCCD|,202605,2026-05-26 00:00:00,2026-05-26 00:00:00,5,1994.18,0.00,2346.09,0.85,__NONE__,true,0.00,0.00,0.00,0.0,0.00,RPG001,STD,daily_trade_details,Cash Management – Brokered CDs
100683|1|V000008,100683,1,V000008,2101,FIX|,202605,2026-05-08 00:00:00,2026-05-08 00:00:00,3,1211.94,0.00,1425.82,0.85,__NONE__,true,0.00,0.00,0.00,0.0,0.00,,STD,daily_trade_details,Life & Annuities — FIX
100684|1|V000008,100684,1,V000008,2150,FIX|,202605,2026-05-08 00:00:00,2026-05-08 00:00:00,2,2384.64,0.00,2805.46,0.85,__NONE__,true,0.00,0.00,0.00,0.0,0.00,RPG002,STD,daily_trade_details,Life & Annuities — FIX
100685|1|V000008,100685,1,V000008,2101,VARI|,202605,2026-05-14 00:00:00,2026-05-14 00:00:00,4,0.00,2141.48,2519.39,0.85,ADJ,false,0.00,0.00,0.00,0.0,0.00,,STD,daily_trade_details,Life & Annuities — VARI
100686|1|V000008,100686,1,V000008,2115,VARI|,202605,2026-05-07 00:00:00,2026-05-07 00:00:00,2,1801.77,0.00,2119.73,0.85,__NONE__,true,0.00,0.00,0.00,0.0,0.00,,STD,daily_trade_details,Life & Annuities — VARI
100687|1|V000008,100687,1,V000008,2087,LIFE|,202605,2026-05-21 00:00:00,2026-05-21 00:00:00,4,1792.50,0.00,2108.83,0.85,__NONE__,true,0.00,0.00,0.00,0.0,0.00,RPG021,STD,daily_trade_details,Life & Annuities — LIFE
100688|1|V000008,100688,1,V000008,2136,LIFE|,202605,2026-05-12 00:00:00,2026-05-12 00:00:00,2,0.00,1604.30,1887.42,0.85,ADJ,false,0.00,0.00,0.00,0.0,0.00,,STD,daily_trade_details,Life & Annuities — LIFE
100689|1|V000008,100689,1,V000008,2150,DCCR|,202605,2026-05-21 00:00:00,2026-05-21 00:00:00,1,1880.37,0.00,2212.20,0.85,__NONE__,true,0.00,0.00,0.00,0.0,0.00,RPG002,STD,daily_trade_details,Defined Contribution Advisory
100690|1|V000008,100690,1,V000008,2150,DCCR|,202605,2026-05-27 00:00:00,2026-05-27 00:00:00,3,1739.04,0.00,2045.93,0.85,__NONE__,true,0.00,0.00,0.00,0.0,0.00,RPG002,STD,daily_trade_details,Defined Contribution Advisory
100691|1|V000008,100691,1,V000008,2150,LEND|SBL,202605,2026-05-11 00:00:00,2026-05-11 00:00:00,1,1806.97,0.00,2125.84,0.85,__NONE__,true,0.00,0.00,0.00,0.0,0.00,RPG002,STD,daily_trade_details,Lending – Security Based Lending
100692|1|V000008,100692,1,V000008,2101,LEND|SBL,202605,2026-05-04 00:00:00,2026-05-04 00:00:00,2,663.42,0.00,780.50,0.85,__NONE__,true,0.00,0.00,0.00,0.0,0.00,,STD,daily_trade_details,Lending – Security Based Lending
100693|1|V000008,100693,1,V000008,2087,LEND|MGN,202605,2026-05-14 00:00:00,2026-05-14 00:00:00,3,1898.29,0.00,2233.28,0.85,__NONE__,true,0.00,0.00,0.00,0.0,0.00,RPG021,STD,daily_trade_details,Lending – Margin
100694|1|V000008,100694,1,V000008,2094,LEND|MGN,202605,2026-05-08 00:00:00,2026-05-08 00:00:00,2,427.22,0.00,502.61,0.85,__NONE__,true,0.00,0.00,0.00,0.0,0.00,,STD,daily_trade_details,Lending – Margin
100695|1|V000008,100695,1,V000008,2115,EDK|,202605,2026-05-29 00:00:00,2026-05-29 00:00:00,5,1765.20,0.00,2076.70,0.85,__NONE__,true,0.00,0.00,0.00,0.0,0.00,,STD,daily_trade_details,Referrals & Revenue Share – Everyday 401K
100696|1|V000008,100696,1,V000008,2143,EDK|,202605,2026-05-28 00:00:00,2026-05-28 00:00:00,3,732.85,0.00,862.17,0.85,__NONE__,true,0.00,0.00,0.00,0.0,0.00,RPG001,STD,daily_trade_details,Referrals & Revenue Share – Everyday 401K
100697|1|V000008,100697,1,V000008,2087,OISC|,202606,2026-06-08 00:00:00,2026-06-08 00:00:00,4,514.19,0.00,604.93,0.85,__NONE__,true,0.00,0.00,0.00,0.0,0.00,RPG021,STD,daily_trade_details,Managed Accounts — OISC
100698|1|V000008,100698,1,V000008,2094,JPMC|,202606,2026-06-02 00:00:00,2026-06-02 00:00:00,3,2044.42,0.00,2405.20,0.85,__NONE__,true,0.00,0.00,0.00,0.0,0.00,,STD,daily_trade_details,Managed Accounts — JPMC
100699|1|V000008,100699,1,V000008,2136,MAP|,202606,2026-06-05 00:00:00,2026-06-05 00:00:00,3,609.46,0.00,717.01,0.85,__NONE__,true,0.00,0.00,0.00,0.0,0.00,,STD,daily_trade_details,Managed Accounts — MAP
100700|1|V000008,100700,1,V000008,2143,ATMF|,202606,2026-06-04 00:00:00,2026-06-04 00:00:00,5,1251.64,0.00,1472.52,0.85,__NONE__,true,0.00,0.00,0.00,0.0,0.00,RPG001,STD,daily_trade_details,Trails – Mutual Funds
100701|1|V000008,100701,1,V000008,2087,ITMF|,202606,2026-06-16 00:00:00,2026-06-16 00:00:00,5,551.40,0.00,648.70,0.85,__NONE__,true,0.00,0.00,0.00,0.0,0.00,RPG021,STD,daily_trade_details,Trails – Life & Annuities — ITMF
100702|1|V000008,100702,1,V000008,2094,MMKT|,202606,2026-06-17 00:00:00,2026-06-17 00:00:00,3,1412.42,0.00,1661.68,0.85,__NONE__,true,0.00,0.00,0.00,0.0,0.00,,STD,daily_trade_details,Cash Management – Money Market Funds
100703|1|V000008,100703,1,V000008,2129,529T|,202606,2026-06-11 00:00:00,2026-06-11 00:00:00,5,1700.34,0.00,2000.40,0.85,__NONE__,true,0.00,0.00,0.00,0.0,0.00,RPG027,STD,daily_trade_details,529 Plans
100704|1|V000008,100704,1,V000008,2150,STRT|,202606,2026-06-15 00:00:00,2026-06-15 00:00:00,4,1113.86,0.00,1310.43,0.85,__NONE__,true,0.00,0.00,0.00,0.0,0.00,RPG002,STD,daily_trade_details,Structured Products
100705|1|V000008,100705,1,V000008,2143,ELIS|EQ,202606,2026-06-03 00:00:00,2026-06-03 00:00:00,5,1977.12,0.00,2326.03,0.85,__NONE__,true,0.00,0.00,0.00,0.0,0.00,RPG001,STD,daily_trade_details,Equities
100706|1|V000008,100706,1,V000008,2108,MUFD|,202606,2026-06-01 00:00:00,2026-06-01 00:00:00,1,1929.75,0.00,2270.29,0.85,__NONE__,true,0.00,0.00,0.00,0.0,0.00,RPG024,STD,daily_trade_details,Mutual Funds
100707|1|V000008,100707,1,V000008,2087,FMXX|,202606,2026-06-17 00:00:00,2026-06-17 00:00:00,2,1369.24,0.00,1610.87,0.85,__NONE__,true,0.00,0.00,0.00,0.0,0.00,RPG021,STD,daily_trade_details,Fixed Income – Municipal Bonds
100708|1|V000008,100708,1,V000008,2150,FCCD|,202606,2026-06-08 00:00:00,2026-06-08 00:00:00,3,2597.67,0.00,3056.08,0.85,__NONE__,true,0.00,0.00,0.00,0.0,0.00,RPG002,STD,daily_trade_details,Cash Management – Brokered CDs
100709|1|V000008,100709,1,V000008,2143,FIX|,202606,2026-06-16 00:00:00,2026-06-16 00:00:00,2,2153.90,0.00,2534.00,0.85,__NONE__,true,0.00,0.00,0.00,0.0,0.00,RPG001,STD,daily_trade_details,Life & Annuities — FIX
100710|1|V000008,100710,1,V000008,2115,VARI|,202606,2026-06-05 00:00:00,2026-06-05 00:00:00,5,885.16,0.00,1041.37,0.85,__NONE__,true,0.00,0.00,0.00,0.0,0.00,,STD,daily_trade_details,Life & Annuities — VARI
100711|1|V000008,100711,1,V000008,2143,LIFE|,202606,2026-06-08 00:00:00,2026-06-08 00:00:00,4,0.00,1045.02,1229.44,0.85,ADJ,false,0.00,0.00,0.00,0.0,0.00,RPG001,STD,daily_trade_details,Life & Annuities — LIFE
100712|1|V000008,100712,1,V000008,2150,DCCR|,202606,2026-06-04 00:00:00,2026-06-04 00:00:00,3,0.00,1716.78,2019.75,0.85,INELG,false,0.00,0.00,0.00,0.0,0.00,RPG002,STD,daily_trade_details,Defined Contribution Advisory
100713|1|V000008,100713,1,V000008,2122,LEND|SBL,202606,2026-06-10 00:00:00,2026-06-10 00:00:00,1,2421.24,0.00,2848.52,0.85,__NONE__,true,0.00,0.00,0.00,0.0,0.00,RPG026,STD,daily_trade_details,Lending – Security Based Lending
100714|1|V000008,100714,1,V000008,2101,LEND|MGN,202606,2026-06-11 00:00:00,2026-06-11 00:00:00,3,1407.44,0.00,1655.81,0.85,__NONE__,true,0.00,0.00,0.00,0.0,0.00,,STD,daily_trade_details,Lending – Margin
100715|1|V000008,100715,1,V000008,2136,EDK|,202606,2026-06-17 00:00:00,2026-06-17 00:00:00,1,2103.17,0.00,2474.32,0.85,__NONE__,true,0.00,0.00,0.00,0.0,0.00,,STD,daily_trade_details,Referrals & Revenue Share – Everyday 401K
100716|1|V000009,100716,1,V000009,2213,OISC|,202604,2026-04-15 00:00:00,2026-04-15 00:00:00,5,988.49,0.00,1162.93,0.85,__NONE__,true,0.00,0.00,0.00,0.0,0.00,,STD,daily_trade_details,Managed Accounts — OISC
100717|1|V000009,100717,1,V000009,2213,OISC|,202604,2026-04-15 00:00:00,2026-04-15 00:00:00,3,343.05,0.00,403.59,0.85,__NONE__,true,0.00,0.00,0.00,0.0,0.00,,STD,daily_trade_details,Managed Accounts — OISC
100718|1|V000009,100718,1,V000009,2164,MAP|,202604,2026-04-01 00:00:00,2026-04-01 00:00:00,3,2530.11,0.00,2976.60,0.85,__NONE__,true,0.00,0.00,0.00,0.0,0.00,RPG025,STD,daily_trade_details,Managed Accounts — MAP
100719|1|V000009,100719,1,V000009,2199,MAP|,202604,2026-04-27 00:00:00,2026-04-27 00:00:00,5,1740.97,0.00,2048.21,0.85,__NONE__,true,0.00,0.00,0.00,0.0,0.00,RPG002,STD,daily_trade_details,Managed Accounts — MAP
100720|1|V000009,100720,1,V000009,2199,UMA|,202604,2026-04-14 00:00:00,2026-04-14 00:00:00,3,730.97,0.00,859.97,0.85,__NONE__,true,0.00,0.00,0.00,0.0,0.00,RPG002,STD,daily_trade_details,Managed – Unified Managed Accounts
100721|1|V000009,100721,1,V000009,2157,ITMF|,202604,2026-04-10 00:00:00,2026-04-10 00:00:00,3,924.44,0.00,1087.58,0.85,__NONE__,true,0.00,0.00,0.00,0.0,0.00,RPG024,STD,daily_trade_details,Trails – Life & Annuities — ITMF
100722|1|V000009,100722,1,V000009,2206,ITMF|,202604,2026-04-23 00:00:00,2026-04-23 00:00:00,3,2207.75,0.00,2597.36,0.85,__NONE__,true,0.00,0.00,0.00,0.0,0.00,,STD,daily_trade_details,Trails – Life & Annuities — ITMF
100723|1|V000009,100723,1,V000009,2171,ADVA|,202604,2026-04-09 00:00:00,2026-04-09 00:00:00,1,558.13,0.00,656.63,0.85,__NONE__,true,0.00,0.00,0.00,0.0,0.00,,STD,daily_trade_details,Trails – Life & Annuities — ADVA
100724|1|V000009,100724,1,V000009,2206,ADVA|,202604,2026-04-23 00:00:00,2026-04-23 00:00:00,2,1463.79,0.00,1722.10,0.85,__NONE__,true,0.00,0.00,0.00,0.0,0.00,,STD,daily_trade_details,Trails – Life & Annuities — ADVA
100725|1|V000009,100725,1,V000009,2178,MMKT|,202604,2026-04-23 00:00:00,2026-04-23 00:00:00,3,1082.27,0.00,1273.25,0.85,__NONE__,true,0.00,0.00,0.00,0.0,0.00,RPG027,STD,daily_trade_details,Cash Management – Money Market Funds
100726|1|V000009,100726,1,V000009,2192,MMKT|,202604,2026-04-23 00:00:00,2026-04-23 00:00:00,2,629.58,0.00,740.68,0.85,__NONE__,true,0.00,0.00,0.00,0.0,0.00,,STD,daily_trade_details,Cash Management – Money Market Funds
100727|1|V000009,100727,1,V000009,2178,PRDP|,202604,2026-04-23 00:00:00,2026-04-23 00:00:00,1,1966.51,0.00,2313.54,0.85,__NONE__,true,0.00,0.00,0.00,0.0,0.00,RPG027,STD,daily_trade_details,Cash Management – Premium Deposits
100728|1|V000009,100728,1,V000009,2157,PRDP|,202604,2026-04-15 00:00:00,2026-04-15 00:00:00,4,0.00,1015.26,1194.42,0.85,INELG,false,0.00,0.00,0.00,0.0,0.00,RPG024,STD,daily_trade_details,Cash Management – Premium Deposits
100729|1|V000009,100729,1,V000009,2157,PCS|,202604,2026-04-14 00:00:00,2026-04-14 00:00:00,1,537.14,0.00,631.93,0.85,__NONE__,true,0.00,0.00,0.00,0.0,0.00,RPG024,STD,daily_trade_details,Referrals & Revenue Share – Situational Partnership
100730|1|V000009,100730,1,V000009,2220,PCS|,202604,2026-04-09 00:00:00,2026-04-09 00:00:00,3,2044.54,0.00,2405.34,0.85,__NONE__,true,0.00,0.00,0.00,0.0,0.00,RPG005,STD,daily_trade_details,Referrals & Revenue Share – Situational Partnership
100731|1|V000009,100731,1,V000009,2178,DAF|,202604,2026-04-15 00:00:00,2026-04-15 00:00:00,4,742.85,0.00,873.95,0.85,__NONE__,true,0.00,0.00,0.00,0.0,0.00,RPG027,STD,daily_trade_details,Donor Advised Funds
100732|1|V000009,100732,1,V000009,2164,ELIS|EQ,202604,2026-04-06 00:00:00,2026-04-06 00:00:00,1,927.10,0.00,1090.71,0.85,__NONE__,true,0.00,0.00,0.00,0.0,0.00,RPG025,STD,daily_trade_details,Equities
100733|1|V000009,100733,1,V000009,2220,ELIS|EQ,202604,2026-04-24 00:00:00,2026-04-24 00:00:00,3,1587.14,0.00,1867.22,0.85,__NONE__,true,0.00,0.00,0.00,0.0,0.00,RPG005,STD,daily_trade_details,Equities
100734|1|V000009,100734,1,V000009,2213,MUFD|,202604,2026-04-14 00:00:00,2026-04-14 00:00:00,5,1032.52,0.00,1214.72,0.85,__NONE__,true,0.00,0.00,0.00,0.0,0.00,,STD,daily_trade_details,Mutual Funds
100735|1|V000009,100735,1,V000009,2178,MUFD|,202604,2026-04-15 00:00:00,2026-04-15 00:00:00,5,693.93,0.00,816.39,0.85,__NONE__,true,0.00,0.00,0.00,0.0,0.00,RPG027,STD,daily_trade_details,Mutual Funds
100736|1|V000009,100736,1,V000009,2206,FGXX|,202604,2026-04-06 00:00:00,2026-04-06 00:00:00,4,0.00,416.67,490.20,0.85,INELG,false,0.00,0.00,0.00,0.0,0.00,,STD,daily_trade_details,Fixed Income – Government Bonds
100737|1|V000009,100737,1,V000009,2157,FGXX|,202604,2026-04-28 00:00:00,2026-04-28 00:00:00,5,498.08,0.00,585.97,0.85,__NONE__,true,0.00,0.00,0.00,0.0,0.00,RPG024,STD,daily_trade_details,Fixed Income – Government Bonds
100738|1|V000009,100738,1,V000009,2206,FIX|,202604,2026-04-09 00:00:00,2026-04-09 00:00:00,5,1717.53,0.00,2020.62,0.85,__NONE__,true,0.00,0.00,0.00,0.0,0.00,,STD,daily_trade_details,Life & Annuities — FIX
100739|1|V000009,100739,1,V000009,2164,VARI|,202604,2026-04-21 00:00:00,2026-04-21 00:00:00,5,2539.47,0.00,2987.61,0.85,__NONE__,true,0.00,0.00,0.00,0.0,0.00,RPG025,STD,daily_trade_details,Life & Annuities — VARI
100740|1|V000009,100740,1,V000009,2171,VARI|,202604,2026-04-21 00:00:00,2026-04-21 00:00:00,1,513.71,0.00,604.36,0.85,__NONE__,true,0.00,0.00,0.00,0.0,0.00,,STD,daily_trade_details,Life & Annuities — VARI
100741|1|V000009,100741,1,V000009,2206,LIFE|,202604,2026-04-21 00:00:00,2026-04-21 00:00:00,4,1013.90,0.00,1192.82,0.85,__NONE__,true,0.00,0.00,0.00,0.0,0.00,,STD,daily_trade_details,Life & Annuities — LIFE
100742|1|V000009,100742,1,V000009,2178,LIFE|,202604,2026-04-28 00:00:00,2026-04-28 00:00:00,3,2479.13,0.00,2916.62,0.85,__NONE__,true,0.00,0.00,0.00,0.0,0.00,RPG027,STD,daily_trade_details,Life & Annuities — LIFE
100743|1|V000009,100743,1,V000009,2192,DCCR|,202604,2026-04-15 00:00:00,2026-04-15 00:00:00,3,1201.78,0.00,1413.86,0.85,__NONE__,true,0.00,0.00,0.00,0.0,0.00,,STD,daily_trade_details,Defined Contribution Advisory
100744|1|V000009,100744,1,V000009,2206,DCCR|,202604,2026-04-06 00:00:00,2026-04-06 00:00:00,3,1421.27,0.00,1672.08,0.85,__NONE__,true,0.00,0.00,0.00,0.0,0.00,,STD,daily_trade_details,Defined Contribution Advisory
100745|1|V000009,100745,1,V000009,2206,LEND|SBL,202604,2026-04-16 00:00:00,2026-04-16 00:00:00,5,1360.86,0.00,1601.01,0.85,__NONE__,true,0.00,0.00,0.00,0.0,0.00,,STD,daily_trade_details,Lending – Security Based Lending
100746|1|V000009,100746,1,V000009,2220,LEND|SBL,202604,2026-04-06 00:00:00,2026-04-06 00:00:00,3,593.01,0.00,697.65,0.85,__NONE__,true,0.00,0.00,0.00,0.0,0.00,RPG005,STD,daily_trade_details,Lending – Security Based Lending
100747|1|V000009,100747,1,V000009,2213,LEND|MGN,202604,2026-04-24 00:00:00,2026-04-24 00:00:00,4,1793.74,0.00,2110.28,0.85,__NONE__,true,0.00,0.00,0.00,0.0,0.00,,STD,daily_trade_details,Lending – Margin
100748|1|V000009,100748,1,V000009,2199,LEND|MGN,202604,2026-04-10 00:00:00,2026-04-10 00:00:00,5,1658.23,0.00,1950.86,0.85,__NONE__,true,0.00,0.00,0.00,0.0,0.00,RPG002,STD,daily_trade_details,Lending – Margin
100749|1|V000009,100749,1,V000009,2171,OISC|,202605,2026-05-15 00:00:00,2026-05-15 00:00:00,2,2628.85,0.00,3092.76,0.85,__NONE__,true,0.00,0.00,0.00,0.0,0.00,,STD,daily_trade_details,Managed Accounts — OISC
100750|1|V000009,100750,1,V000009,3025,OISC|,202605,2026-05-20 00:00:00,2026-05-20 00:00:00,5,1717.30,0.00,2020.36,0.85,__NONE__,true,0.00,0.00,0.00,0.0,0.00,,STD,daily_trade_details,Managed Accounts — OISC
100751|1|V000009,100751,1,V000009,2192,MAP|,202605,2026-05-05 00:00:00,2026-05-05 00:00:00,5,1606.75,0.00,1890.29,0.85,__NONE__,true,0.00,0.00,0.00,0.0,0.00,,STD,daily_trade_details,Managed Accounts — MAP
100752|1|V000009,100752,1,V000009,2206,MAP|,202605,2026-05-15 00:00:00,2026-05-15 00:00:00,5,582.65,0.00,685.47,0.85,__NONE__,true,0.00,0.00,0.00,0.0,0.00,,STD,daily_trade_details,Managed Accounts — MAP
100753|1|V000009,100753,1,V000009,2164,UMA|,202605,2026-05-19 00:00:00,2026-05-19 00:00:00,1,2267.33,0.00,2667.44,0.85,__NONE__,true,0.00,0.00,0.00,0.0,0.00,RPG025,STD,daily_trade_details,Managed – Unified Managed Accounts
100754|1|V000009,100754,1,V000009,2220,UMA|,202605,2026-05-19 00:00:00,2026-05-19 00:00:00,3,569.37,0.00,669.84,0.85,__NONE__,true,0.00,0.00,0.00,0.0,0.00,RPG005,STD,daily_trade_details,Managed – Unified Managed Accounts
100755|1|V000009,100755,1,V000009,2206,ITMF|,202605,2026-05-11 00:00:00,2026-05-11 00:00:00,2,1845.90,0.00,2171.64,0.85,__NONE__,true,0.00,0.00,0.00,0.0,0.00,,STD,daily_trade_details,Trails – Life & Annuities — ITMF
100756|1|V000009,100756,1,V000009,2220,ITMF|,202605,2026-05-01 00:00:00,2026-05-01 00:00:00,2,2460.70,0.00,2894.94,0.85,__NONE__,true,0.00,0.00,0.00,0.0,0.00,RPG005,STD,daily_trade_details,Trails – Life & Annuities — ITMF
100757|1|V000009,100757,1,V000009,2997,ADVA|,202605,2026-05-19 00:00:00,2026-05-19 00:00:00,5,665.71,0.00,783.19,0.85,__NONE__,true,0.00,0.00,0.00,0.0,0.00,,STD,daily_trade_details,Trails – Life & Annuities — ADVA
100758|1|V000009,100758,1,V000009,2220,ADVA|,202605,2026-05-15 00:00:00,2026-05-15 00:00:00,3,1374.96,0.00,1617.60,0.85,__NONE__,true,0.00,0.00,0.00,0.0,0.00,RPG005,STD,daily_trade_details,Trails – Life & Annuities — ADVA
100759|1|V000009,100759,1,V000009,2220,MMKT|,202605,2026-05-20 00:00:00,2026-05-20 00:00:00,3,2201.44,0.00,2589.93,0.85,__NONE__,true,0.00,0.00,0.00,0.0,0.00,RPG005,STD,daily_trade_details,Cash Management – Money Market Funds
100760|1|V000009,100760,1,V000009,2164,MMKT|,202605,2026-05-26 00:00:00,2026-05-26 00:00:00,4,1697.68,0.00,1997.27,0.85,__NONE__,true,0.00,0.00,0.00,0.0,0.00,RPG025,STD,daily_trade_details,Cash Management – Money Market Funds
100761|1|V000009,100761,1,V000009,2171,PRDP|,202605,2026-05-27 00:00:00,2026-05-27 00:00:00,1,2339.89,0.00,2752.81,0.85,__NONE__,true,0.00,0.00,0.00,0.0,0.00,,STD,daily_trade_details,Cash Management – Premium Deposits
100762|1|V000009,100762,1,V000009,2157,PRDP|,202605,2026-05-18 00:00:00,2026-05-18 00:00:00,1,1984.83,0.00,2335.10,0.85,__NONE__,true,0.00,0.00,0.00,0.0,0.00,RPG024,STD,daily_trade_details,Cash Management – Premium Deposits
100763|1|V000009,100763,1,V000009,2185,PCS|,202605,2026-05-28 00:00:00,2026-05-28 00:00:00,4,2371.25,0.00,2789.71,0.85,__NONE__,true,0.00,0.00,0.00,0.0,0.00,RPG000,STD,daily_trade_details,Referrals & Revenue Share – Situational Partnership
100764|1|V000009,100764,1,V000009,2997,PCS|,202605,2026-05-19 00:00:00,2026-05-19 00:00:00,4,1067.80,0.00,1256.24,0.85,__NONE__,true,0.00,0.00,0.00,0.0,0.00,,STD,daily_trade_details,Referrals & Revenue Share – Situational Partnership
100765|1|V000009,100765,1,V000009,2213,DAF|,202605,2026-05-07 00:00:00,2026-05-07 00:00:00,2,813.30,0.00,956.82,0.85,__NONE__,true,0.00,0.00,0.00,0.0,0.00,,STD,daily_trade_details,Donor Advised Funds
100766|1|V000009,100766,1,V000009,2213,DAF|,202605,2026-05-20 00:00:00,2026-05-20 00:00:00,2,1226.03,0.00,1442.39,0.85,__NONE__,true,0.00,0.00,0.00,0.0,0.00,,STD,daily_trade_details,Donor Advised Funds
100767|1|V000009,100767,1,V000009,2185,ELIS|EQ,202605,2026-05-07 00:00:00,2026-05-07 00:00:00,1,2684.94,0.00,3158.76,0.85,__NONE__,true,0.00,0.00,0.00,0.0,0.00,RPG000,STD,daily_trade_details,Equities
100768|1|V000009,100768,1,V000009,2164,ELIS|EQ,202605,2026-05-22 00:00:00,2026-05-22 00:00:00,4,1853.99,0.00,2181.17,0.85,__NONE__,true,0.00,0.00,0.00,0.0,0.00,RPG025,STD,daily_trade_details,Equities
100769|1|V000009,100769,1,V000009,2171,MUFD|,202605,2026-05-20 00:00:00,2026-05-20 00:00:00,4,512.04,0.00,602.40,0.85,__NONE__,true,0.00,0.00,0.00,0.0,0.00,,STD,daily_trade_details,Mutual Funds
100770|1|V000009,100770,1,V000009,3025,MUFD|,202605,2026-05-08 00:00:00,2026-05-08 00:00:00,4,1749.34,0.00,2058.05,0.85,__NONE__,true,0.00,0.00,0.00,0.0,0.00,,STD,daily_trade_details,Mutual Funds
100771|1|V000009,100771,1,V000009,2213,FGXX|,202605,2026-05-19 00:00:00,2026-05-19 00:00:00,3,1320.13,0.00,1553.09,0.85,__NONE__,true,0.00,0.00,0.00,0.0,0.00,,STD,daily_trade_details,Fixed Income – Government Bonds
100772|1|V000009,100772,1,V000009,2178,FGXX|,202605,2026-05-28 00:00:00,2026-05-28 00:00:00,4,752.78,0.00,885.62,0.85,__NONE__,true,0.00,0.00,0.00,0.0,0.00,RPG027,STD,daily_trade_details,Fixed Income – Government Bonds
100773|1|V000009,100773,1,V000009,3025,FCCD|,202605,2026-05-20 00:00:00,2026-05-20 00:00:00,5,874.08,0.00,1028.33,0.85,__NONE__,true,0.00,0.00,0.00,0.0,0.00,,STD,daily_trade_details,Cash Management – Brokered CDs
100774|1|V000009,100774,1,V000009,2220,FCCD|,202605,2026-05-28 00:00:00,2026-05-28 00:00:00,4,1184.07,0.00,1393.03,0.85,__NONE__,true,0.00,0.00,0.00,0.0,0.00,RPG005,STD,daily_trade_details,Cash Management – Brokered CDs
100775|1|V000009,100775,1,V000009,3025,FIX|,202605,2026-05-05 00:00:00,2026-05-05 00:00:00,2,1187.90,0.00,1397.53,0.85,__NONE__,true,0.00,0.00,0.00,0.0,0.00,,STD,daily_trade_details,Life & Annuities — FIX
100776|1|V000009,100776,1,V000009,3025,FIX|,202605,2026-05-13 00:00:00,2026-05-13 00:00:00,4,2051.34,0.00,2413.35,0.85,__NONE__,true,0.00,0.00,0.00,0.0,0.00,,STD,daily_trade_details,Life & Annuities — FIX
100777|1|V000009,100777,1,V000009,2213,VARI|,202605,2026-05-05 00:00:00,2026-05-05 00:00:00,2,496.74,0.00,584.40,0.85,__NONE__,true,0.00,0.00,0.00,0.0,0.00,,STD,daily_trade_details,Life & Annuities — VARI
100778|1|V000009,100778,1,V000009,2206,VARI|,202605,2026-05-05 00:00:00,2026-05-05 00:00:00,5,1811.79,0.00,2131.52,0.85,__NONE__,true,0.00,0.00,0.00,0.0,0.00,,STD,daily_trade_details,Life & Annuities — VARI
100779|1|V000009,100779,1,V000009,2220,LIFE|,202605,2026-05-27 00:00:00,2026-05-27 00:00:00,1,0.00,1054.41,1240.48,0.85,ADJ,false,0.00,0.00,0.00,0.0,0.00,RPG005,STD,daily_trade_details,Life & Annuities — LIFE
100780|1|V000009,100780,1,V000009,2206,LIFE|,202605,2026-05-28 00:00:00,2026-05-28 00:00:00,3,1391.33,0.00,1636.86,0.85,__NONE__,true,0.00,0.00,0.00,0.0,0.00,,STD,daily_trade_details,Life & Annuities — LIFE
100781|1|V000009,100781,1,V000009,2199,DCCR|,202605,2026-05-14 00:00:00,2026-05-14 00:00:00,3,1150.61,0.00,1353.66,0.85,__NONE__,true,0.00,0.00,0.00,0.0,0.00,RPG002,STD,daily_trade_details,Defined Contribution Advisory
100782|1|V000009,100782,1,V000009,2171,DCCR|,202605,2026-05-14 00:00:00,2026-05-14 00:00:00,5,394.59,0.00,464.23,0.85,__NONE__,true,0.00,0.00,0.00,0.0,0.00,,STD,daily_trade_details,Defined Contribution Advisory
100783|1|V000009,100783,1,V000009,2185,LEND|SBL,202605,2026-05-08 00:00:00,2026-05-08 00:00:00,5,456.70,0.00,537.30,0.85,__NONE__,true,0.00,0.00,0.00,0.0,0.00,RPG000,STD,daily_trade_details,Lending – Security Based Lending
100784|1|V000009,100784,1,V000009,2157,LEND|SBL,202605,2026-05-29 00:00:00,2026-05-29 00:00:00,1,1872.87,0.00,2203.38,0.85,__NONE__,true,0.00,0.00,0.00,0.0,0.00,RPG024,STD,daily_trade_details,Lending – Security Based Lending
100785|1|V000009,100785,1,V000009,2185,LEND|MGN,202605,2026-05-05 00:00:00,2026-05-05 00:00:00,3,1464.47,0.00,1722.91,0.85,__NONE__,true,0.00,0.00,0.00,0.0,0.00,RPG000,STD,daily_trade_details,Lending – Margin
100786|1|V000009,100786,1,V000009,2185,LEND|MGN,202605,2026-05-13 00:00:00,2026-05-13 00:00:00,1,626.01,0.00,736.48,0.85,__NONE__,true,0.00,0.00,0.00,0.0,0.00,RPG000,STD,daily_trade_details,Lending – Margin
100787|1|V000009,100787,1,V000009,3025,OISC|,202606,2026-06-15 00:00:00,2026-06-15 00:00:00,2,556.56,0.00,654.78,0.85,__NONE__,true,0.00,0.00,0.00,0.0,0.00,,STD,daily_trade_details,Managed Accounts — OISC
100788|1|V000009,100788,1,V000009,2997,MAP|,202606,2026-06-05 00:00:00,2026-06-05 00:00:00,2,1327.30,0.00,1561.53,0.85,__NONE__,true,0.00,0.00,0.00,0.0,0.00,,STD,daily_trade_details,Managed Accounts — MAP
100789|1|V000009,100789,1,V000009,2206,UMA|,202606,2026-06-01 00:00:00,2026-06-01 00:00:00,3,715.86,0.00,842.19,0.85,__NONE__,true,0.00,0.00,0.00,0.0,0.00,,STD,daily_trade_details,Managed – Unified Managed Accounts
100790|1|V000009,100790,1,V000009,2164,ITMF|,202606,2026-06-03 00:00:00,2026-06-03 00:00:00,4,2524.89,0.00,2970.46,0.85,__NONE__,true,0.00,0.00,0.00,0.0,0.00,RPG025,STD,daily_trade_details,Trails – Life & Annuities — ITMF
100791|1|V000009,100791,1,V000009,2199,ADVA|,202606,2026-06-10 00:00:00,2026-06-10 00:00:00,2,2071.85,0.00,2437.47,0.85,__NONE__,true,0.00,0.00,0.00,0.0,0.00,RPG002,STD,daily_trade_details,Trails – Life & Annuities — ADVA
100792|1|V000009,100792,1,V000009,2178,MMKT|,202606,2026-06-01 00:00:00,2026-06-01 00:00:00,3,1628.84,0.00,1916.28,0.85,__NONE__,true,0.00,0.00,0.00,0.0,0.00,RPG027,STD,daily_trade_details,Cash Management – Money Market Funds
100793|1|V000009,100793,1,V000009,2164,PRDP|,202606,2026-06-10 00:00:00,2026-06-10 00:00:00,3,420.80,0.00,495.06,0.85,__NONE__,true,0.00,0.00,0.00,0.0,0.00,RPG025,STD,daily_trade_details,Cash Management – Premium Deposits
100794|1|V000009,100794,1,V000009,2206,PCS|,202606,2026-06-11 00:00:00,2026-06-11 00:00:00,2,2016.15,0.00,2371.94,0.85,__NONE__,true,0.00,0.00,0.00,0.0,0.00,,STD,daily_trade_details,Referrals & Revenue Share – Situational Partnership
100795|1|V000009,100795,1,V000009,2199,DAF|,202606,2026-06-05 00:00:00,2026-06-05 00:00:00,2,1872.07,0.00,2202.44,0.85,__NONE__,true,0.00,0.00,0.00,0.0,0.00,RPG002,STD,daily_trade_details,Donor Advised Funds
100796|1|V000009,100796,1,V000009,2213,ELIS|EQ,202606,2026-06-09 00:00:00,2026-06-09 00:00:00,3,0.00,2301.64,2707.81,0.85,ADJ,false,0.00,0.00,0.00,0.0,0.00,,STD,daily_trade_details,Equities
100797|1|V000009,100797,1,V000009,2213,MUFD|,202606,2026-06-09 00:00:00,2026-06-09 00:00:00,5,0.00,1870.62,2200.72,0.85,ADJ,false,0.00,0.00,0.00,0.0,0.00,,STD,daily_trade_details,Mutual Funds
100798|1|V000009,100798,1,V000009,2997,FGXX|,202606,2026-06-05 00:00:00,2026-06-05 00:00:00,1,2274.22,0.00,2675.55,0.85,__NONE__,true,0.00,0.00,0.00,0.0,0.00,,STD,daily_trade_details,Fixed Income – Government Bonds
100799|1|V000009,100799,1,V000009,2185,FCCD|,202606,2026-06-16 00:00:00,2026-06-16 00:00:00,2,1804.99,0.00,2123.52,0.85,__NONE__,true,0.00,0.00,0.00,0.0,0.00,RPG000,STD,daily_trade_details,Cash Management – Brokered CDs
100800|1|V000009,100800,1,V000009,3025,FIX|,202606,2026-06-11 00:00:00,2026-06-11 00:00:00,3,1845.35,0.00,2171.00,0.85,__NONE__,true,0.00,0.00,0.00,0.0,0.00,,STD,daily_trade_details,Life & Annuities — FIX
100801|1|V000009,100801,1,V000009,2997,VARI|,202606,2026-06-11 00:00:00,2026-06-11 00:00:00,1,1887.64,0.00,2220.75,0.85,__NONE__,true,0.00,0.00,0.00,0.0,0.00,,STD,daily_trade_details,Life & Annuities — VARI
100802|1|V000009,100802,1,V000009,2997,LIFE|,202606,2026-06-09 00:00:00,2026-06-09 00:00:00,1,319.50,0.00,375.88,0.85,__NONE__,true,0.00,0.00,0.00,0.0,0.00,,STD,daily_trade_details,Life & Annuities — LIFE
100803|1|V000009,100803,1,V000009,2213,DCCR|,202606,2026-06-04 00:00:00,2026-06-04 00:00:00,3,538.99,0.00,634.10,0.85,__NONE__,true,0.00,0.00,0.00,0.0,0.00,,STD,daily_trade_details,Defined Contribution Advisory
100804|1|V000009,100804,1,V000009,2185,LEND|SBL,202606,2026-06-01 00:00:00,2026-06-01 00:00:00,5,0.00,744.08,875.39,0.85,INELG,false,0.00,0.00,0.00,0.0,0.00,RPG000,STD,daily_trade_details,Lending – Security Based Lending
100805|1|V000009,100805,1,V000009,2997,LEND|MGN,202606,2026-06-15 00:00:00,2026-06-15 00:00:00,1,2356.12,0.00,2771.91,0.85,__NONE__,true,0.00,0.00,0.00,0.0,0.00,,STD,daily_trade_details,Lending – Margin
100806|1|V000010,100806,1,V000010,2234,JPMC|,202604,2026-04-17 00:00:00,2026-04-17 00:00:00,5,498.69,0.00,586.69,0.85,__NONE__,true,0.00,0.00,0.00,0.0,0.00,RPG000,STD,daily_trade_details,Managed Accounts — JPMC
100807|1|V000010,100807,1,V000010,2241,MAP|,202604,2026-04-13 00:00:00,2026-04-13 00:00:00,3,2360.80,0.00,2777.42,0.85,__NONE__,true,0.00,0.00,0.00,0.0,0.00,RPG001,STD,daily_trade_details,Managed Accounts — MAP
100808|1|V000010,100808,1,V000010,2276,MAP|,202604,2026-04-21 00:00:00,2026-04-21 00:00:00,3,1819.10,0.00,2140.12,0.85,__NONE__,true,0.00,0.00,0.00,0.0,0.00,,STD,daily_trade_details,Managed Accounts — MAP
100809|1|V000010,100809,1,V000010,2269,PRDP|,202604,2026-04-15 00:00:00,2026-04-15 00:00:00,3,1892.11,0.00,2226.01,0.85,__NONE__,true,0.00,0.00,0.00,0.0,0.00,RPG005,STD,daily_trade_details,Cash Management – Premium Deposits
100810|1|V000010,100810,1,V000010,2241,PRDP|,202604,2026-04-02 00:00:00,2026-04-02 00:00:00,4,2095.68,0.00,2465.51,0.85,__NONE__,true,0.00,0.00,0.00,0.0,0.00,RPG001,STD,daily_trade_details,Cash Management – Premium Deposits
100811|1|V000010,100811,1,V000010,2269,PCS|,202604,2026-04-13 00:00:00,2026-04-13 00:00:00,2,1065.11,0.00,1253.07,0.85,__NONE__,true,0.00,0.00,0.00,0.0,0.00,RPG005,STD,daily_trade_details,Referrals & Revenue Share – Situational Partnership
100812|1|V000010,100812,1,V000010,2276,PCS|,202604,2026-04-09 00:00:00,2026-04-09 00:00:00,5,459.62,0.00,540.73,0.85,__NONE__,true,0.00,0.00,0.00,0.0,0.00,,STD,daily_trade_details,Referrals & Revenue Share – Situational Partnership
100813|1|V000010,100813,1,V000010,2269,STRT|,202604,2026-04-07 00:00:00,2026-04-07 00:00:00,5,710.42,0.00,835.78,0.85,__NONE__,true,0.00,0.00,0.00,0.0,0.00,RPG005,STD,daily_trade_details,Structured Products
100814|1|V000010,100814,1,V000010,2269,STRT|,202604,2026-04-21 00:00:00,2026-04-21 00:00:00,3,802.29,0.00,943.87,0.85,__NONE__,true,0.00,0.00,0.00,0.0,0.00,RPG005,STD,daily_trade_details,Structured Products
100815|1|V000010,100815,1,V000010,2234,ELIS|EQ,202604,2026-04-13 00:00:00,2026-04-13 00:00:00,4,380.18,0.00,447.27,0.85,__NONE__,true,0.00,0.00,0.00,0.0,0.00,RPG000,STD,daily_trade_details,Equities
100816|1|V000010,100816,1,V000010,2227,ELIS|EQ,202604,2026-04-29 00:00:00,2026-04-29 00:00:00,1,2361.98,0.00,2778.80,0.85,__NONE__,true,0.00,0.00,0.00,0.0,0.00,,STD,daily_trade_details,Equities
100817|1|V000010,100817,1,V000010,2227,ELIS|OP,202604,2026-04-15 00:00:00,2026-04-15 00:00:00,4,1828.59,0.00,2151.29,0.85,__NONE__,true,0.00,0.00,0.00,0.0,0.00,,STD,daily_trade_details,Options
100818|1|V000010,100818,1,V000010,2290,ELIS|OP,202604,2026-04-22 00:00:00,2026-04-22 00:00:00,4,308.52,0.00,362.96,0.85,__NONE__,true,0.00,0.00,0.00,0.0,0.00,,STD,daily_trade_details,Options
100819|1|V000010,100819,1,V000010,2269,MUFD|,202604,2026-04-03 00:00:00,2026-04-03 00:00:00,5,1229.00,0.00,1445.88,0.85,__NONE__,true,0.00,0.00,0.00,0.0,0.00,RPG005,STD,daily_trade_details,Mutual Funds
100820|1|V000010,100820,1,V000010,2248,MUFD|,202604,2026-04-22 00:00:00,2026-04-22 00:00:00,1,307.61,0.00,361.89,0.85,__NONE__,true,0.00,0.00,0.00,0.0,0.00,RPG002,STD,daily_trade_details,Mutual Funds
100821|1|V000010,100821,1,V000010,2290,FGXX|,202604,2026-04-15 00:00:00,2026-04-15 00:00:00,3,1531.20,0.00,1801.41,0.85,__NONE__,true,0.00,0.00,0.00,0.0,0.00,,STD,daily_trade_details,Fixed Income – Government Bonds
100822|1|V000010,100822,1,V000010,2269,FGXX|,202604,2026-04-29 00:00:00,2026-04-29 00:00:00,1,426.95,0.00,502.29,0.85,__NONE__,true,0.00,0.00,0.00,0.0,0.00,RPG005,STD,daily_trade_details,Fixed Income – Government Bonds
100823|1|V000010,100823,1,V000010,2262,FIX|,202604,2026-04-03 00:00:00,2026-04-03 00:00:00,4,1529.64,0.00,1799.58,0.85,__NONE__,true,0.00,0.00,0.00,0.0,0.00,RPG004,STD,daily_trade_details,Life & Annuities — FIX
100824|1|V000010,100824,1,V000010,2255,FIX|,202604,2026-04-02 00:00:00,2026-04-02 00:00:00,4,1789.92,0.00,2105.79,0.85,__NONE__,true,0.00,0.00,0.00,0.0,0.00,,STD,daily_trade_details,Life & Annuities — FIX
100825|1|V000010,100825,1,V000010,2248,VARI|,202604,2026-04-06 00:00:00,2026-04-06 00:00:00,3,987.40,0.00,1161.65,0.85,__NONE__,true,0.00,0.00,0.00,0.0,0.00,RPG002,STD,daily_trade_details,Life & Annuities — VARI
100826|1|V000010,100826,1,V000010,2276,LIFE|,202604,2026-04-09 00:00:00,2026-04-09 00:00:00,2,495.18,0.00,582.57,0.85,__NONE__,true,0.00,0.00,0.00,0.0,0.00,,STD,daily_trade_details,Life & Annuities — LIFE
100827|1|V000010,100827,1,V000010,2227,LIFE|,202604,2026-04-27 00:00:00,2026-04-27 00:00:00,2,744.11,0.00,875.43,0.85,__NONE__,true,0.00,0.00,0.00,0.0,0.00,,STD,daily_trade_details,Life & Annuities — LIFE
100828|1|V000010,100828,1,V000010,2276,DCCR|,202604,2026-04-29 00:00:00,2026-04-29 00:00:00,3,1194.17,0.00,1404.90,0.85,__NONE__,true,0.00,0.00,0.00,0.0,0.00,,STD,daily_trade_details,Defined Contribution Advisory
100829|1|V000010,100829,1,V000010,2276,DCCR|,202604,2026-04-21 00:00:00,2026-04-21 00:00:00,1,1528.06,0.00,1797.72,0.85,__NONE__,true,0.00,0.00,0.00,0.0,0.00,,STD,daily_trade_details,Defined Contribution Advisory
100830|1|V000010,100830,1,V000010,2227,LEND|SBL,202604,2026-04-02 00:00:00,2026-04-02 00:00:00,4,1080.36,0.00,1271.01,0.85,__NONE__,true,0.00,0.00,0.00,0.0,0.00,,STD,daily_trade_details,Lending – Security Based Lending
100831|1|V000010,100831,1,V000010,2234,LEND|SBL,202604,2026-04-23 00:00:00,2026-04-23 00:00:00,4,786.86,0.00,925.72,0.85,__NONE__,true,0.00,0.00,0.00,0.0,0.00,RPG000,STD,daily_trade_details,Lending – Security Based Lending
100832|1|V000010,100832,1,V000010,2283,EDK|,202604,2026-04-03 00:00:00,2026-04-03 00:00:00,1,642.59,0.00,755.99,0.85,__NONE__,true,0.00,0.00,0.00,0.0,0.00,RPG007,STD,daily_trade_details,Referrals & Revenue Share – Everyday 401K
100833|1|V000010,100833,1,V000010,3032,JPMC|,202605,2026-05-22 00:00:00,2026-05-22 00:00:00,5,647.56,0.00,761.83,0.85,__NONE__,true,0.00,0.00,0.00,0.0,0.00,,STD,daily_trade_details,Managed Accounts — JPMC
100834|1|V000010,100834,1,V000010,2227,JPMC|,202605,2026-05-01 00:00:00,2026-05-01 00:00:00,2,888.21,0.00,1044.95,0.85,__NONE__,true,0.00,0.00,0.00,0.0,0.00,,STD,daily_trade_details,Managed Accounts — JPMC
100835|1|V000010,100835,1,V000010,3004,MAP|,202605,2026-05-06 00:00:00,2026-05-06 00:00:00,4,429.43,0.00,505.21,0.85,__NONE__,true,0.00,0.00,0.00,0.0,0.00,,STD,daily_trade_details,Managed Accounts — MAP
100836|1|V000010,100836,1,V000010,2290,MAP|,202605,2026-05-06 00:00:00,2026-05-06 00:00:00,1,716.83,0.00,843.32,0.85,__NONE__,true,0.00,0.00,0.00,0.0,0.00,,STD,daily_trade_details,Managed Accounts — MAP
100837|1|V000010,100837,1,V000010,2276,PRDP|,202605,2026-05-05 00:00:00,2026-05-05 00:00:00,2,1726.84,0.00,2031.58,0.85,__NONE__,true,0.00,0.00,0.00,0.0,0.00,,STD,daily_trade_details,Cash Management – Premium Deposits
100838|1|V000010,100838,1,V000010,2269,PRDP|,202605,2026-05-19 00:00:00,2026-05-19 00:00:00,3,1113.55,0.00,1310.05,0.85,__NONE__,true,0.00,0.00,0.00,0.0,0.00,RPG005,STD,daily_trade_details,Cash Management – Premium Deposits
100839|1|V000010,100839,1,V000010,2234,PCS|,202605,2026-05-07 00:00:00,2026-05-07 00:00:00,3,2633.52,0.00,3098.26,0.85,__NONE__,true,0.00,0.00,0.00,0.0,0.00,RPG000,STD,daily_trade_details,Referrals & Revenue Share – Situational Partnership
100840|1|V000010,100840,1,V000010,2248,PCS|,202605,2026-05-15 00:00:00,2026-05-15 00:00:00,1,2129.74,0.00,2505.58,0.85,__NONE__,true,0.00,0.00,0.00,0.0,0.00,RPG002,STD,daily_trade_details,Referrals & Revenue Share – Situational Partnership
100841|1|V000010,100841,1,V000010,2234,STRT|,202605,2026-05-08 00:00:00,2026-05-08 00:00:00,3,962.50,0.00,1132.36,0.85,__NONE__,true,0.00,0.00,0.00,0.0,0.00,RPG000,STD,daily_trade_details,Structured Products
100842|1|V000010,100842,1,V000010,2283,STRT|,202605,2026-05-28 00:00:00,2026-05-28 00:00:00,1,703.30,0.00,827.41,0.85,__NONE__,true,0.00,0.00,0.00,0.0,0.00,RPG007,STD,daily_trade_details,Structured Products
100843|1|V000010,100843,1,V000010,2241,ELIS|EQ,202605,2026-05-29 00:00:00,2026-05-29 00:00:00,4,548.47,0.00,645.26,0.85,__NONE__,true,0.00,0.00,0.00,0.0,0.00,RPG001,STD,daily_trade_details,Equities
100844|1|V000010,100844,1,V000010,2241,ELIS|EQ,202605,2026-05-01 00:00:00,2026-05-01 00:00:00,1,347.71,0.00,409.07,0.85,__NONE__,true,0.00,0.00,0.00,0.0,0.00,RPG001,STD,daily_trade_details,Equities
100845|1|V000010,100845,1,V000010,2241,ELIS|OP,202605,2026-05-28 00:00:00,2026-05-28 00:00:00,3,2515.17,0.00,2959.02,0.85,__NONE__,true,0.00,0.00,0.00,0.0,0.00,RPG001,STD,daily_trade_details,Options
100846|1|V000010,100846,1,V000010,2269,ELIS|OP,202605,2026-05-22 00:00:00,2026-05-22 00:00:00,2,1961.39,0.00,2307.51,0.85,__NONE__,true,0.00,0.00,0.00,0.0,0.00,RPG005,STD,daily_trade_details,Options
100847|1|V000010,100847,1,V000010,2248,MUFD|,202605,2026-05-21 00:00:00,2026-05-21 00:00:00,4,651.12,0.00,766.02,0.85,__NONE__,true,0.00,0.00,0.00,0.0,0.00,RPG002,STD,daily_trade_details,Mutual Funds
100848|1|V000010,100848,1,V000010,2248,MUFD|,202605,2026-05-04 00:00:00,2026-05-04 00:00:00,5,2543.62,0.00,2992.50,0.85,__NONE__,true,0.00,0.00,0.00,0.0,0.00,RPG002,STD,daily_trade_details,Mutual Funds
100849|1|V000010,100849,1,V000010,2241,FGXX|,202605,2026-05-05 00:00:00,2026-05-05 00:00:00,3,2017.79,0.00,2373.87,0.85,__NONE__,true,0.00,0.00,0.00,0.0,0.00,RPG001,STD,daily_trade_details,Fixed Income – Government Bonds
100850|1|V000010,100850,1,V000010,2262,FGXX|,202605,2026-05-11 00:00:00,2026-05-11 00:00:00,1,1307.42,0.00,1538.14,0.85,__NONE__,true,0.00,0.00,0.00,0.0,0.00,RPG004,STD,daily_trade_details,Fixed Income – Government Bonds
100851|1|V000010,100851,1,V000010,2283,FIX|,202605,2026-05-27 00:00:00,2026-05-27 00:00:00,5,2635.75,0.00,3100.88,0.85,__NONE__,true,0.00,0.00,0.00,0.0,0.00,RPG007,STD,daily_trade_details,Life & Annuities — FIX
100852|1|V000010,100852,1,V000010,2248,FIX|,202605,2026-05-11 00:00:00,2026-05-11 00:00:00,3,1415.57,0.00,1665.37,0.85,__NONE__,true,0.00,0.00,0.00,0.0,0.00,RPG002,STD,daily_trade_details,Life & Annuities — FIX
100853|1|V000010,100853,1,V000010,2227,VARI|,202605,2026-05-22 00:00:00,2026-05-22 00:00:00,4,771.65,0.00,907.82,0.85,__NONE__,true,0.00,0.00,0.00,0.0,0.00,,STD,daily_trade_details,Life & Annuities — VARI
100854|1|V000010,100854,1,V000010,2241,VARI|,202605,2026-05-04 00:00:00,2026-05-04 00:00:00,3,690.81,0.00,812.71,0.85,__NONE__,true,0.00,0.00,0.00,0.0,0.00,RPG001,STD,daily_trade_details,Life & Annuities — VARI
100855|1|V000010,100855,1,V000010,2255,LIFE|,202605,2026-05-29 00:00:00,2026-05-29 00:00:00,4,809.43,0.00,952.27,0.85,__NONE__,true,0.00,0.00,0.00,0.0,0.00,,STD,daily_trade_details,Life & Annuities — LIFE
100856|1|V000010,100856,1,V000010,2227,LIFE|,202605,2026-05-08 00:00:00,2026-05-08 00:00:00,1,0.00,559.07,657.73,0.85,INELG,false,0.00,0.00,0.00,0.0,0.00,,STD,daily_trade_details,Life & Annuities — LIFE
100857|1|V000010,100857,1,V000010,2276,DCCR|,202605,2026-05-12 00:00:00,2026-05-12 00:00:00,4,1536.23,0.00,1807.33,0.85,__NONE__,true,0.00,0.00,0.00,0.0,0.00,,STD,daily_trade_details,Defined Contribution Advisory
100858|1|V000010,100858,1,V000010,2290,DCCR|,202605,2026-05-15 00:00:00,2026-05-15 00:00:00,2,1690.62,0.00,1988.97,0.85,__NONE__,true,0.00,0.00,0.00,0.0,0.00,,STD,daily_trade_details,Defined Contribution Advisory
100859|1|V000010,100859,1,V000010,2234,LEND|SBL,202605,2026-05-20 00:00:00,2026-05-20 00:00:00,2,1086.86,0.00,1278.66,0.85,__NONE__,true,0.00,0.00,0.00,0.0,0.00,RPG000,STD,daily_trade_details,Lending – Security Based Lending
100860|1|V000010,100860,1,V000010,2269,LEND|SBL,202605,2026-05-28 00:00:00,2026-05-28 00:00:00,4,2432.39,0.00,2861.64,0.85,__NONE__,true,0.00,0.00,0.00,0.0,0.00,RPG005,STD,daily_trade_details,Lending – Security Based Lending
100861|1|V000010,100861,1,V000010,2227,EDK|,202605,2026-05-29 00:00:00,2026-05-29 00:00:00,4,2430.31,0.00,2859.19,0.85,__NONE__,true,0.00,0.00,0.00,0.0,0.00,,STD,daily_trade_details,Referrals & Revenue Share – Everyday 401K
100862|1|V000010,100862,1,V000010,2241,EDK|,202605,2026-05-11 00:00:00,2026-05-11 00:00:00,3,1232.54,0.00,1450.05,0.85,__NONE__,true,0.00,0.00,0.00,0.0,0.00,RPG001,STD,daily_trade_details,Referrals & Revenue Share – Everyday 401K
100863|1|V000010,100863,1,V000010,2255,JPMC|,202606,2026-06-17 00:00:00,2026-06-17 00:00:00,5,765.09,0.00,900.10,0.85,__NONE__,true,0.00,0.00,0.00,0.0,0.00,,STD,daily_trade_details,Managed Accounts — JPMC
100864|1|V000010,100864,1,V000010,2227,MAP|,202606,2026-06-10 00:00:00,2026-06-10 00:00:00,4,945.39,0.00,1112.22,0.85,__NONE__,true,0.00,0.00,0.00,0.0,0.00,,STD,daily_trade_details,Managed Accounts — MAP
100865|1|V000010,100865,1,V000010,2269,PRDP|,202606,2026-06-05 00:00:00,2026-06-05 00:00:00,5,693.76,0.00,816.19,0.85,__NONE__,true,0.00,0.00,0.00,0.0,0.00,RPG005,STD,daily_trade_details,Cash Management – Premium Deposits
100866|1|V000010,100866,1,V000010,2241,PCS|,202606,2026-06-15 00:00:00,2026-06-15 00:00:00,2,2115.96,0.00,2489.36,0.85,__NONE__,true,0.00,0.00,0.00,0.0,0.00,RPG001,STD,daily_trade_details,Referrals & Revenue Share – Situational Partnership
100867|1|V000010,100867,1,V000010,2290,STRT|,202606,2026-06-02 00:00:00,2026-06-02 00:00:00,4,2531.31,0.00,2978.01,0.85,__NONE__,true,0.00,0.00,0.00,0.0,0.00,,STD,daily_trade_details,Structured Products
100868|1|V000010,100868,1,V000010,2283,ELIS|EQ,202606,2026-06-15 00:00:00,2026-06-15 00:00:00,4,1425.19,0.00,1676.70,0.85,__NONE__,true,0.00,0.00,0.00,0.0,0.00,RPG007,STD,daily_trade_details,Equities
100869|1|V000010,100869,1,V000010,2276,ELIS|OP,202606,2026-06-17 00:00:00,2026-06-17 00:00:00,2,942.09,0.00,1108.34,0.85,__NONE__,true,0.00,0.00,0.00,0.0,0.00,,STD,daily_trade_details,Options
100870|1|V000010,100870,1,V000010,2248,MUFD|,202606,2026-06-15 00:00:00,2026-06-15 00:00:00,2,1052.78,0.00,1238.57,0.85,__NONE__,true,0.00,0.00,0.00,0.0,0.00,RPG002,STD,daily_trade_details,Mutual Funds
100871|1|V000010,100871,1,V000010,2290,FGXX|,202606,2026-06-01 00:00:00,2026-06-01 00:00:00,1,2365.98,0.00,2783.50,0.85,__NONE__,true,0.00,0.00,0.00,0.0,0.00,,STD,daily_trade_details,Fixed Income – Government Bonds
100872|1|V000010,100872,1,V000010,2276,FIX|,202606,2026-06-09 00:00:00,2026-06-09 00:00:00,5,1987.00,0.00,2337.64,0.85,__NONE__,true,0.00,0.00,0.00,0.0,0.00,,STD,daily_trade_details,Life & Annuities — FIX
100873|1|V000010,100873,1,V000010,2269,VARI|,202606,2026-06-02 00:00:00,2026-06-02 00:00:00,4,1402.32,0.00,1649.79,0.85,__NONE__,true,0.00,0.00,0.00,0.0,0.00,RPG005,STD,daily_trade_details,Life & Annuities — VARI
100874|1|V000010,100874,1,V000010,2276,LIFE|,202606,2026-06-01 00:00:00,2026-06-01 00:00:00,4,853.18,0.00,1003.74,0.85,__NONE__,true,0.00,0.00,0.00,0.0,0.00,,STD,daily_trade_details,Life & Annuities — LIFE
100875|1|V000010,100875,1,V000010,2248,DCCR|,202606,2026-06-16 00:00:00,2026-06-16 00:00:00,1,605.24,0.00,712.04,0.85,__NONE__,true,0.00,0.00,0.00,0.0,0.00,RPG002,STD,daily_trade_details,Defined Contribution Advisory
100876|1|V000010,100876,1,V000010,2227,LEND|SBL,202606,2026-06-17 00:00:00,2026-06-17 00:00:00,4,1403.50,0.00,1651.18,0.85,__NONE__,true,0.00,0.00,0.00,0.0,0.00,,STD,daily_trade_details,Lending – Security Based Lending
100877|1|V000010,100877,1,V000010,2290,EDK|,202606,2026-06-10 00:00:00,2026-06-10 00:00:00,2,0.00,2018.76,2375.01,0.85,ADJ,false,0.00,0.00,0.00,0.0,0.00,,STD,daily_trade_details,Referrals & Revenue Share – Everyday 401K
100878|1|V000011,100878,1,V000011,2339,OISC|,202604,2026-04-29 00:00:00,2026-04-29 00:00:00,4,725.38,0.00,853.38,0.85,__NONE__,true,0.00,0.00,0.00,0.0,0.00,RPG008,STD,daily_trade_details,Managed Accounts — OISC
100879|1|V000011,100879,1,V000011,2297,MAP|,202604,2026-04-15 00:00:00,2026-04-15 00:00:00,5,2278.88,0.00,2681.04,0.85,__NONE__,true,0.00,0.00,0.00,0.0,0.00,RPG002,STD,daily_trade_details,Managed Accounts — MAP
100880|1|V000011,100880,1,V000011,2297,MAP|,202604,2026-04-28 00:00:00,2026-04-28 00:00:00,5,982.16,0.00,1155.48,0.85,__NONE__,true,0.00,0.00,0.00,0.0,0.00,RPG002,STD,daily_trade_details,Managed Accounts — MAP
100881|1|V000011,100881,1,V000011,2360,ITMF|,202604,2026-04-03 00:00:00,2026-04-03 00:00:00,5,2127.30,0.00,2502.71,0.85,__NONE__,true,0.00,0.00,0.00,0.0,0.00,RPG011,STD,daily_trade_details,Trails – Life & Annuities — ITMF
100882|1|V000011,100882,1,V000011,2332,ITMF|,202604,2026-04-02 00:00:00,2026-04-02 00:00:00,1,0.00,1992.25,2343.82,0.85,ADJ,false,0.00,0.00,0.00,0.0,0.00,RPG007,STD,daily_trade_details,Trails – Life & Annuities — ITMF
100883|1|V000011,100883,1,V000011,2339,ADVA|,202604,2026-04-16 00:00:00,2026-04-16 00:00:00,3,1140.86,0.00,1342.19,0.85,__NONE__,true,0.00,0.00,0.00,0.0,0.00,RPG008,STD,daily_trade_details,Trails – Life & Annuities — ADVA
100884|1|V000011,100884,1,V000011,2311,ADVA|,202604,2026-04-24 00:00:00,2026-04-24 00:00:00,2,1790.80,0.00,2106.82,0.85,__NONE__,true,0.00,0.00,0.00,0.0,0.00,,STD,daily_trade_details,Trails – Life & Annuities — ADVA
100885|1|V000011,100885,1,V000011,2311,MMKT|,202604,2026-04-06 00:00:00,2026-04-06 00:00:00,4,2556.88,0.00,3008.09,0.85,__NONE__,true,0.00,0.00,0.00,0.0,0.00,,STD,daily_trade_details,Cash Management – Money Market Funds
100886|1|V000011,100886,1,V000011,2360,PRDP|,202604,2026-04-10 00:00:00,2026-04-10 00:00:00,3,2303.60,0.00,2710.12,0.85,__NONE__,true,0.00,0.00,0.00,0.0,0.00,RPG011,STD,daily_trade_details,Cash Management – Premium Deposits
100887|1|V000011,100887,1,V000011,2332,PRDP|,202604,2026-04-20 00:00:00,2026-04-20 00:00:00,3,2365.25,0.00,2782.64,0.85,__NONE__,true,0.00,0.00,0.00,0.0,0.00,RPG007,STD,daily_trade_details,Cash Management – Premium Deposits
100888|1|V000011,100888,1,V000011,2297,PCS|,202604,2026-04-22 00:00:00,2026-04-22 00:00:00,5,445.75,0.00,524.41,0.85,__NONE__,true,0.00,0.00,0.00,0.0,0.00,RPG002,STD,daily_trade_details,Referrals & Revenue Share – Situational Partnership
100889|1|V000011,100889,1,V000011,2353,PCS|,202604,2026-04-24 00:00:00,2026-04-24 00:00:00,5,2207.99,0.00,2597.63,0.85,__NONE__,true,0.00,0.00,0.00,0.0,0.00,,STD,daily_trade_details,Referrals & Revenue Share – Situational Partnership
100890|1|V000011,100890,1,V000011,2325,529T|,202604,2026-04-03 00:00:00,2026-04-03 00:00:00,2,1339.55,0.00,1575.94,0.85,__NONE__,true,0.00,0.00,0.00,0.0,0.00,RPG006,STD,daily_trade_details,529 Plans
100891|1|V000011,100891,1,V000011,2346,529T|,202604,2026-04-08 00:00:00,2026-04-08 00:00:00,3,500.81,0.00,589.19,0.85,__NONE__,true,0.00,0.00,0.00,0.0,0.00,,STD,daily_trade_details,529 Plans
100892|1|V000011,100892,1,V000011,2304,DAF|,202604,2026-04-07 00:00:00,2026-04-07 00:00:00,4,551.54,0.00,648.87,0.85,__NONE__,true,0.00,0.00,0.00,0.0,0.00,,STD,daily_trade_details,Donor Advised Funds
100893|1|V000011,100893,1,V000011,2311,DAF|,202604,2026-04-29 00:00:00,2026-04-29 00:00:00,1,2312.48,0.00,2720.57,0.85,__NONE__,true,0.00,0.00,0.00,0.0,0.00,,STD,daily_trade_details,Donor Advised Funds
100894|1|V000011,100894,1,V000011,2325,ELIS|EQ,202604,2026-04-07 00:00:00,2026-04-07 00:00:00,4,1258.03,0.00,1480.04,0.85,__NONE__,true,0.00,0.00,0.00,0.0,0.00,RPG006,STD,daily_trade_details,Equities
100895|1|V000011,100895,1,V000011,2332,ELIS|EQ,202604,2026-04-01 00:00:00,2026-04-01 00:00:00,3,1266.30,0.00,1489.76,0.85,__NONE__,true,0.00,0.00,0.00,0.0,0.00,RPG007,STD,daily_trade_details,Equities
100896|1|V000011,100896,1,V000011,2318,ELIS|OP,202604,2026-04-10 00:00:00,2026-04-10 00:00:00,5,444.78,0.00,523.28,0.85,__NONE__,true,0.00,0.00,0.00,0.0,0.00,,STD,daily_trade_details,Options
100897|1|V000011,100897,1,V000011,2332,MUFD|,202604,2026-04-29 00:00:00,2026-04-29 00:00:00,3,1246.89,0.00,1466.93,0.85,__NONE__,true,0.00,0.00,0.00,0.0,0.00,RPG007,STD,daily_trade_details,Mutual Funds
100898|1|V000011,100898,1,V000011,2346,MUFD|,202604,2026-04-24 00:00:00,2026-04-24 00:00:00,4,1664.72,0.00,1958.50,0.85,__NONE__,true,0.00,0.00,0.00,0.0,0.00,,STD,daily_trade_details,Mutual Funds
100899|1|V000011,100899,1,V000011,2346,FGXX|,202604,2026-04-14 00:00:00,2026-04-14 00:00:00,2,999.39,0.00,1175.75,0.85,__NONE__,true,0.00,0.00,0.00,0.0,0.00,,STD,daily_trade_details,Fixed Income – Government Bonds
100900|1|V000011,100900,1,V000011,2325,FGXX|,202604,2026-04-14 00:00:00,2026-04-14 00:00:00,1,821.60,0.00,966.59,0.85,__NONE__,true,0.00,0.00,0.00,0.0,0.00,RPG006,STD,daily_trade_details,Fixed Income – Government Bonds
100901|1|V000011,100901,1,V000011,2311,FCCD|,202604,2026-04-08 00:00:00,2026-04-08 00:00:00,5,1112.18,0.00,1308.44,0.85,__NONE__,true,0.00,0.00,0.00,0.0,0.00,,STD,daily_trade_details,Cash Management – Brokered CDs
100902|1|V000011,100902,1,V000011,2311,FCCD|,202604,2026-04-08 00:00:00,2026-04-08 00:00:00,2,1937.17,0.00,2279.02,0.85,__NONE__,true,0.00,0.00,0.00,0.0,0.00,,STD,daily_trade_details,Cash Management – Brokered CDs
100903|1|V000011,100903,1,V000011,2311,FIX|,202604,2026-04-27 00:00:00,2026-04-27 00:00:00,2,0.00,847.18,996.68,0.85,ADJ,false,0.00,0.00,0.00,0.0,0.00,,STD,daily_trade_details,Life & Annuities — FIX
100904|1|V000011,100904,1,V000011,2346,FIX|,202604,2026-04-24 00:00:00,2026-04-24 00:00:00,1,898.94,0.00,1057.57,0.85,__NONE__,true,0.00,0.00,0.00,0.0,0.00,,STD,daily_trade_details,Life & Annuities — FIX
100905|1|V000011,100905,1,V000011,2332,ALTI|,202604,2026-04-21 00:00:00,2026-04-21 00:00:00,5,2549.45,0.00,2999.36,0.85,__NONE__,true,0.00,0.00,0.00,0.0,0.00,RPG007,STD,daily_trade_details,Alternative Investments
100906|1|V000011,100906,1,V000011,2311,DCCR|,202604,2026-04-01 00:00:00,2026-04-01 00:00:00,4,1527.38,0.00,1796.92,0.85,__NONE__,true,0.00,0.00,0.00,0.0,0.00,,STD,daily_trade_details,Defined Contribution Advisory
100907|1|V000011,100907,1,V000011,2346,DCCR|,202604,2026-04-15 00:00:00,2026-04-15 00:00:00,2,2067.59,0.00,2432.46,0.85,__NONE__,true,0.00,0.00,0.00,0.0,0.00,,STD,daily_trade_details,Defined Contribution Advisory
100908|1|V000011,100908,1,V000011,2297,LEND|MGN,202604,2026-04-23 00:00:00,2026-04-23 00:00:00,3,2531.35,0.00,2978.05,0.85,__NONE__,true,0.00,0.00,0.00,0.0,0.00,RPG002,STD,daily_trade_details,Lending – Margin
100909|1|V000011,100909,1,V000011,3039,OISC|,202605,2026-05-28 00:00:00,2026-05-28 00:00:00,2,1014.07,0.00,1193.03,0.85,__NONE__,true,0.00,0.00,0.00,0.0,0.00,,STD,daily_trade_details,Managed Accounts — OISC
100910|1|V000011,100910,1,V000011,2360,OISC|,202605,2026-05-15 00:00:00,2026-05-15 00:00:00,1,2044.80,0.00,2405.65,0.85,__NONE__,true,0.00,0.00,0.00,0.0,0.00,RPG011,STD,daily_trade_details,Managed Accounts — OISC
100911|1|V000011,100911,1,V000011,3039,JPMC|,202605,2026-05-14 00:00:00,2026-05-14 00:00:00,1,0.00,1450.71,1706.72,0.85,INELG,false,0.00,0.00,0.00,0.0,0.00,,STD,daily_trade_details,Managed Accounts — JPMC
100912|1|V000011,100912,1,V000011,2339,JPMC|,202605,2026-05-18 00:00:00,2026-05-18 00:00:00,1,1780.51,0.00,2094.72,0.85,__NONE__,true,0.00,0.00,0.00,0.0,0.00,RPG008,STD,daily_trade_details,Managed Accounts — JPMC
100913|1|V000011,100913,1,V000011,2332,MAP|,202605,2026-05-28 00:00:00,2026-05-28 00:00:00,5,441.51,0.00,519.42,0.85,__NONE__,true,0.00,0.00,0.00,0.0,0.00,RPG007,STD,daily_trade_details,Managed Accounts — MAP
100914|1|V000011,100914,1,V000011,2318,MAP|,202605,2026-05-11 00:00:00,2026-05-11 00:00:00,1,2170.35,0.00,2553.35,0.85,__NONE__,true,0.00,0.00,0.00,0.0,0.00,,STD,daily_trade_details,Managed Accounts — MAP
100915|1|V000011,100915,1,V000011,2304,ITMF|,202605,2026-05-05 00:00:00,2026-05-05 00:00:00,5,1592.19,0.00,1873.17,0.85,__NONE__,true,0.00,0.00,0.00,0.0,0.00,,STD,daily_trade_details,Trails – Life & Annuities — ITMF
100916|1|V000011,100916,1,V000011,2339,ITMF|,202605,2026-05-29 00:00:00,2026-05-29 00:00:00,5,773.39,0.00,909.87,0.85,__NONE__,true,0.00,0.00,0.00,0.0,0.00,RPG008,STD,daily_trade_details,Trails – Life & Annuities — ITMF
100917|1|V000011,100917,1,V000011,2297,ADVA|,202605,2026-05-07 00:00:00,2026-05-07 00:00:00,4,2473.06,0.00,2909.48,0.85,__NONE__,true,0.00,0.00,0.00,0.0,0.00,RPG002,STD,daily_trade_details,Trails – Life & Annuities — ADVA
100918|1|V000011,100918,1,V000011,2332,ADVA|,202605,2026-05-18 00:00:00,2026-05-18 00:00:00,3,0.00,1229.64,1446.64,0.85,ADJ,false,0.00,0.00,0.00,0.0,0.00,RPG007,STD,daily_trade_details,Trails – Life & Annuities — ADVA
100919|1|V000011,100919,1,V000011,2346,MMKT|,202605,2026-05-21 00:00:00,2026-05-21 00:00:00,4,2391.78,0.00,2813.85,0.85,__NONE__,true,0.00,0.00,0.00,0.0,0.00,,STD,daily_trade_details,Cash Management – Money Market Funds
100920|1|V000011,100920,1,V000011,2346,MMKT|,202605,2026-05-20 00:00:00,2026-05-20 00:00:00,4,997.59,0.00,1173.64,0.85,__NONE__,true,0.00,0.00,0.00,0.0,0.00,,STD,daily_trade_details,Cash Management – Money Market Funds
100921|1|V000011,100921,1,V000011,2311,PRDP|,202605,2026-05-07 00:00:00,2026-05-07 00:00:00,2,2299.44,0.00,2705.22,0.85,__NONE__,true,0.00,0.00,0.00,0.0,0.00,,STD,daily_trade_details,Cash Management – Premium Deposits
100922|1|V000011,100922,1,V000011,2325,PRDP|,202605,2026-05-15 00:00:00,2026-05-15 00:00:00,1,1440.32,0.00,1694.49,0.85,__NONE__,true,0.00,0.00,0.00,0.0,0.00,RPG006,STD,daily_trade_details,Cash Management – Premium Deposits
100923|1|V000011,100923,1,V000011,2360,PCS|,202605,2026-05-20 00:00:00,2026-05-20 00:00:00,3,2110.43,0.00,2482.86,0.85,__NONE__,true,0.00,0.00,0.00,0.0,0.00,RPG011,STD,daily_trade_details,Referrals & Revenue Share – Situational Partnership
100924|1|V000011,100924,1,V000011,2339,PCS|,202605,2026-05-28 00:00:00,2026-05-28 00:00:00,2,726.83,0.00,855.10,0.85,__NONE__,true,0.00,0.00,0.00,0.0,0.00,RPG008,STD,daily_trade_details,Referrals & Revenue Share – Situational Partnership
100925|1|V000011,100925,1,V000011,2318,529T|,202605,2026-05-27 00:00:00,2026-05-27 00:00:00,4,753.29,0.00,886.22,0.85,__NONE__,true,0.00,0.00,0.00,0.0,0.00,,STD,daily_trade_details,529 Plans
100926|1|V000011,100926,1,V000011,2297,529T|,202605,2026-05-28 00:00:00,2026-05-28 00:00:00,3,2269.17,0.00,2669.62,0.85,__NONE__,true,0.00,0.00,0.00,0.0,0.00,RPG002,STD,daily_trade_details,529 Plans
100927|1|V000011,100927,1,V000011,2346,DAF|,202605,2026-05-01 00:00:00,2026-05-01 00:00:00,1,1641.87,0.00,1931.61,0.85,__NONE__,true,0.00,0.00,0.00,0.0,0.00,,STD,daily_trade_details,Donor Advised Funds
100928|1|V000011,100928,1,V000011,2311,DAF|,202605,2026-05-30 00:00:00,2026-05-30 00:00:00,4,935.80,0.00,1100.94,0.85,__NONE__,true,0.00,0.00,0.00,0.0,0.00,,STD,daily_trade_details,Donor Advised Funds
100929|1|V000011,100929,1,V000011,2304,ELIS|EQ,202605,2026-05-20 00:00:00,2026-05-20 00:00:00,2,1866.90,0.00,2196.36,0.85,__NONE__,true,0.00,0.00,0.00,0.0,0.00,,STD,daily_trade_details,Equities
100930|1|V000011,100930,1,V000011,2346,ELIS|EQ,202605,2026-05-01 00:00:00,2026-05-01 00:00:00,1,2469.12,0.00,2904.85,0.85,__NONE__,true,0.00,0.00,0.00,0.0,0.00,,STD,daily_trade_details,Equities
100931|1|V000011,100931,1,V000011,2325,ELIS|OP,202605,2026-05-29 00:00:00,2026-05-29 00:00:00,3,1484.21,0.00,1746.12,0.85,__NONE__,true,0.00,0.00,0.00,0.0,0.00,RPG006,STD,daily_trade_details,Options
100932|1|V000011,100932,1,V000011,2360,ELIS|OP,202605,2026-05-13 00:00:00,2026-05-13 00:00:00,4,1454.30,0.00,1710.94,0.85,__NONE__,true,0.00,0.00,0.00,0.0,0.00,RPG011,STD,daily_trade_details,Options
100933|1|V000011,100933,1,V000011,3039,MUFD|,202605,2026-05-28 00:00:00,2026-05-28 00:00:00,1,2258.42,0.00,2656.96,0.85,__NONE__,true,0.00,0.00,0.00,0.0,0.00,,STD,daily_trade_details,Mutual Funds
100934|1|V000011,100934,1,V000011,2325,MUFD|,202605,2026-05-21 00:00:00,2026-05-21 00:00:00,2,0.00,698.16,821.36,0.85,ADJ,false,0.00,0.00,0.00,0.0,0.00,RPG006,STD,daily_trade_details,Mutual Funds
100935|1|V000011,100935,1,V000011,2332,FGXX|,202605,2026-05-20 00:00:00,2026-05-20 00:00:00,3,699.26,0.00,822.65,0.85,__NONE__,true,0.00,0.00,0.00,0.0,0.00,RPG007,STD,daily_trade_details,Fixed Income – Government Bonds
100936|1|V000011,100936,1,V000011,2297,FGXX|,202605,2026-05-05 00:00:00,2026-05-05 00:00:00,5,1000.50,0.00,1177.06,0.85,__NONE__,true,0.00,0.00,0.00,0.0,0.00,RPG002,STD,daily_trade_details,Fixed Income – Government Bonds
100937|1|V000011,100937,1,V000011,2318,FCCD|,202605,2026-05-06 00:00:00,2026-05-06 00:00:00,5,2135.02,0.00,2511.78,0.85,__NONE__,true,0.00,0.00,0.00,0.0,0.00,,STD,daily_trade_details,Cash Management – Brokered CDs
100938|1|V000011,100938,1,V000011,2311,FCCD|,202605,2026-05-14 00:00:00,2026-05-14 00:00:00,3,1604.81,0.00,1888.01,0.85,__NONE__,true,0.00,0.00,0.00,0.0,0.00,,STD,daily_trade_details,Cash Management – Brokered CDs
100939|1|V000011,100939,1,V000011,3011,FIX|,202605,2026-05-27 00:00:00,2026-05-27 00:00:00,5,1972.01,0.00,2320.01,0.85,__NONE__,true,0.00,0.00,0.00,0.0,0.00,,STD,daily_trade_details,Life & Annuities — FIX
100940|1|V000011,100940,1,V000011,2332,FIX|,202605,2026-05-18 00:00:00,2026-05-18 00:00:00,4,0.00,2270.40,2671.06,0.85,ADJ,false,0.00,0.00,0.00,0.0,0.00,RPG007,STD,daily_trade_details,Life & Annuities — FIX
100941|1|V000011,100941,1,V000011,2339,ALTI|,202605,2026-05-06 00:00:00,2026-05-06 00:00:00,2,1120.62,0.00,1318.37,0.85,__NONE__,true,0.00,0.00,0.00,0.0,0.00,RPG008,STD,daily_trade_details,Alternative Investments
100942|1|V000011,100942,1,V000011,2311,ALTI|,202605,2026-05-27 00:00:00,2026-05-27 00:00:00,5,1508.80,0.00,1775.06,0.85,__NONE__,true,0.00,0.00,0.00,0.0,0.00,,STD,daily_trade_details,Alternative Investments
100943|1|V000011,100943,1,V000011,3039,DCCR|,202605,2026-05-27 00:00:00,2026-05-27 00:00:00,5,2289.69,0.00,2693.75,0.85,__NONE__,true,0.00,0.00,0.00,0.0,0.00,,STD,daily_trade_details,Defined Contribution Advisory
100944|1|V000011,100944,1,V000011,3039,DCCR|,202605,2026-05-21 00:00:00,2026-05-21 00:00:00,1,2110.89,0.00,2483.40,0.85,__NONE__,true,0.00,0.00,0.00,0.0,0.00,,STD,daily_trade_details,Defined Contribution Advisory
100945|1|V000011,100945,1,V000011,2304,LEND|MGN,202605,2026-05-22 00:00:00,2026-05-22 00:00:00,3,2259.76,0.00,2658.54,0.85,__NONE__,true,0.00,0.00,0.00,0.0,0.00,,STD,daily_trade_details,Lending – Margin
100946|1|V000011,100946,1,V000011,2325,LEND|MGN,202605,2026-05-21 00:00:00,2026-05-21 00:00:00,5,1955.55,0.00,2300.64,0.85,__NONE__,true,0.00,0.00,0.00,0.0,0.00,RPG006,STD,daily_trade_details,Lending – Margin
100947|1|V000011,100947,1,V000011,2353,OISC|,202606,2026-06-17 00:00:00,2026-06-17 00:00:00,3,2056.26,0.00,2419.12,0.85,__NONE__,true,0.00,0.00,0.00,0.0,0.00,,STD,daily_trade_details,Managed Accounts — OISC
100948|1|V000011,100948,1,V000011,2297,JPMC|,202606,2026-06-03 00:00:00,2026-06-03 00:00:00,2,2012.26,0.00,2367.36,0.85,__NONE__,true,0.00,0.00,0.00,0.0,0.00,RPG002,STD,daily_trade_details,Managed Accounts — JPMC
100949|1|V000011,100949,1,V000011,3039,MAP|,202606,2026-06-03 00:00:00,2026-06-03 00:00:00,1,821.12,0.00,966.02,0.85,__NONE__,true,0.00,0.00,0.00,0.0,0.00,,STD,daily_trade_details,Managed Accounts — MAP
100950|1|V000011,100950,1,V000011,2339,ITMF|,202606,2026-06-02 00:00:00,2026-06-02 00:00:00,1,1888.88,0.00,2222.21,0.85,__NONE__,true,0.00,0.00,0.00,0.0,0.00,RPG008,STD,daily_trade_details,Trails – Life & Annuities — ITMF
100951|1|V000011,100951,1,V000011,2346,ADVA|,202606,2026-06-01 00:00:00,2026-06-01 00:00:00,5,0.00,2041.87,2402.20,0.85,INELG,false,0.00,0.00,0.00,0.0,0.00,,STD,daily_trade_details,Trails – Life & Annuities — ADVA
100952|1|V000011,100952,1,V000011,2360,MMKT|,202606,2026-06-05 00:00:00,2026-06-05 00:00:00,1,436.31,0.00,513.31,0.85,__NONE__,true,0.00,0.00,0.00,0.0,0.00,RPG011,STD,daily_trade_details,Cash Management – Money Market Funds
100953|1|V000011,100953,1,V000011,2304,PRDP|,202606,2026-06-02 00:00:00,2026-06-02 00:00:00,5,0.00,993.79,1169.16,0.85,INELG,false,0.00,0.00,0.00,0.0,0.00,,STD,daily_trade_details,Cash Management – Premium Deposits
100954|1|V000011,100954,1,V000011,2318,PCS|,202606,2026-06-16 00:00:00,2026-06-16 00:00:00,3,1651.49,0.00,1942.93,0.85,__NONE__,true,0.00,0.00,0.00,0.0,0.00,,STD,daily_trade_details,Referrals & Revenue Share – Situational Partnership
100955|1|V000011,100955,1,V000011,2297,529T|,202606,2026-06-05 00:00:00,2026-06-05 00:00:00,5,508.79,0.00,598.58,0.85,__NONE__,true,0.00,0.00,0.00,0.0,0.00,RPG002,STD,daily_trade_details,529 Plans
100956|1|V000011,100956,1,V000011,2332,DAF|,202606,2026-06-17 00:00:00,2026-06-17 00:00:00,5,1110.07,0.00,1305.96,0.85,__NONE__,true,0.00,0.00,0.00,0.0,0.00,RPG007,STD,daily_trade_details,Donor Advised Funds
100957|1|V000011,100957,1,V000011,2318,ELIS|EQ,202606,2026-06-15 00:00:00,2026-06-15 00:00:00,1,1461.29,0.00,1719.17,0.85,__NONE__,true,0.00,0.00,0.00,0.0,0.00,,STD,daily_trade_details,Equities
100958|1|V000011,100958,1,V000011,2353,ELIS|OP,202606,2026-06-05 00:00:00,2026-06-05 00:00:00,2,799.10,0.00,940.11,0.85,__NONE__,true,0.00,0.00,0.00,0.0,0.00,,STD,daily_trade_details,Options
100959|1|V000011,100959,1,V000011,2353,MUFD|,202606,2026-06-04 00:00:00,2026-06-04 00:00:00,5,309.96,0.00,364.65,0.85,__NONE__,true,0.00,0.00,0.00,0.0,0.00,,STD,daily_trade_details,Mutual Funds
100960|1|V000011,100960,1,V000011,3039,FGXX|,202606,2026-06-03 00:00:00,2026-06-03 00:00:00,4,1391.85,0.00,1637.47,0.85,__NONE__,true,0.00,0.00,0.00,0.0,0.00,,STD,daily_trade_details,Fixed Income – Government Bonds
100961|1|V000011,100961,1,V000011,3011,FCCD|,202606,2026-06-08 00:00:00,2026-06-08 00:00:00,4,2502.82,0.00,2944.49,0.85,__NONE__,true,0.00,0.00,0.00,0.0,0.00,,STD,daily_trade_details,Cash Management – Brokered CDs
100962|1|V000011,100962,1,V000011,2339,FIX|,202606,2026-06-02 00:00:00,2026-06-02 00:00:00,3,792.83,0.00,932.74,0.85,__NONE__,true,0.00,0.00,0.00,0.0,0.00,RPG008,STD,daily_trade_details,Life & Annuities — FIX
100963|1|V000011,100963,1,V000011,2304,ALTI|,202606,2026-06-10 00:00:00,2026-06-10 00:00:00,3,1371.57,0.00,1613.62,0.85,__NONE__,true,0.00,0.00,0.00,0.0,0.00,,STD,daily_trade_details,Alternative Investments
100964|1|V000011,100964,1,V000011,3039,DCCR|,202606,2026-06-02 00:00:00,2026-06-02 00:00:00,3,963.02,0.00,1132.97,0.85,__NONE__,true,0.00,0.00,0.00,0.0,0.00,,STD,daily_trade_details,Defined Contribution Advisory
100965|1|V000011,100965,1,V000011,2346,LEND|MGN,202606,2026-06-15 00:00:00,2026-06-15 00:00:00,3,566.16,0.00,666.07,0.85,__NONE__,true,0.00,0.00,0.00,0.0,0.00,,STD,daily_trade_details,Lending – Margin
100966|1|V000012,100966,1,V000012,2416,OISC|,202604,2026-04-20 00:00:00,2026-04-20 00:00:00,2,819.51,0.00,964.13,0.85,__NONE__,true,0.00,0.00,0.00,0.0,0.00,,STD,daily_trade_details,Managed Accounts — OISC
100967|1|V000012,100967,1,V000012,2374,JPMC|,202604,2026-04-16 00:00:00,2026-04-16 00:00:00,2,2357.94,0.00,2774.04,0.85,__NONE__,true,0.00,0.00,0.00,0.0,0.00,RPG006,STD,daily_trade_details,Managed Accounts — JPMC
100968|1|V000012,100968,1,V000012,2367,JPMC|,202604,2026-04-06 00:00:00,2026-04-06 00:00:00,4,2597.06,0.00,3055.37,0.85,__NONE__,true,0.00,0.00,0.00,0.0,0.00,RPG005,STD,daily_trade_details,Managed Accounts — JPMC
100969|1|V000012,100969,1,V000012,2416,MAP|,202604,2026-04-06 00:00:00,2026-04-06 00:00:00,2,1502.12,0.00,1767.20,0.85,__NONE__,true,0.00,0.00,0.00,0.0,0.00,,STD,daily_trade_details,Managed Accounts — MAP
100970|1|V000012,100970,1,V000012,2409,MAP|,202604,2026-04-06 00:00:00,2026-04-06 00:00:00,2,1221.44,0.00,1436.98,0.85,__NONE__,true,0.00,0.00,0.00,0.0,0.00,RPG011,STD,daily_trade_details,Managed Accounts — MAP
100971|1|V000012,100971,1,V000012,2374,UMA|,202604,2026-04-09 00:00:00,2026-04-09 00:00:00,5,1136.53,0.00,1337.10,0.85,__NONE__,true,0.00,0.00,0.00,0.0,0.00,RPG006,STD,daily_trade_details,Managed – Unified Managed Accounts
100972|1|V000012,100972,1,V000012,2409,UMA|,202604,2026-04-22 00:00:00,2026-04-22 00:00:00,3,582.35,0.00,685.12,0.85,__NONE__,true,0.00,0.00,0.00,0.0,0.00,RPG011,STD,daily_trade_details,Managed – Unified Managed Accounts
100973|1|V000012,100973,1,V000012,2430,ITMF|,202604,2026-04-29 00:00:00,2026-04-29 00:00:00,4,1665.39,0.00,1959.29,0.85,__NONE__,true,0.00,0.00,0.00,0.0,0.00,RPG014,STD,daily_trade_details,Trails – Life & Annuities — ITMF
100974|1|V000012,100974,1,V000012,2402,ADVA|,202604,2026-04-17 00:00:00,2026-04-17 00:00:00,4,1394.40,0.00,1640.47,0.85,__NONE__,true,0.00,0.00,0.00,0.0,0.00,,STD,daily_trade_details,Trails – Life & Annuities — ADVA
100975|1|V000012,100975,1,V000012,2423,ADVA|,202604,2026-04-06 00:00:00,2026-04-06 00:00:00,1,941.45,0.00,1107.59,0.85,__NONE__,true,0.00,0.00,0.00,0.0,0.00,RPG013,STD,daily_trade_details,Trails – Life & Annuities — ADVA
100976|1|V000012,100976,1,V000012,2395,PCS|,202604,2026-04-07 00:00:00,2026-04-07 00:00:00,1,1425.49,0.00,1677.04,0.85,__NONE__,true,0.00,0.00,0.00,0.0,0.00,RPG009,STD,daily_trade_details,Referrals & Revenue Share – Situational Partnership
100977|1|V000012,100977,1,V000012,2374,PCS|,202604,2026-04-22 00:00:00,2026-04-22 00:00:00,1,1996.94,0.00,2349.34,0.85,__NONE__,true,0.00,0.00,0.00,0.0,0.00,RPG006,STD,daily_trade_details,Referrals & Revenue Share – Situational Partnership
100978|1|V000012,100978,1,V000012,2381,529T|,202604,2026-04-07 00:00:00,2026-04-07 00:00:00,3,1180.06,0.00,1388.30,0.85,__NONE__,true,0.00,0.00,0.00,0.0,0.00,,STD,daily_trade_details,529 Plans
100979|1|V000012,100979,1,V000012,2430,529T|,202604,2026-04-23 00:00:00,2026-04-23 00:00:00,4,1733.44,0.00,2039.34,0.85,__NONE__,true,0.00,0.00,0.00,0.0,0.00,RPG014,STD,daily_trade_details,529 Plans
100980|1|V000012,100980,1,V000012,2416,FCXX|,202604,2026-04-22 00:00:00,2026-04-22 00:00:00,5,764.44,0.00,899.34,0.85,__NONE__,true,0.00,0.00,0.00,0.0,0.00,,STD,daily_trade_details,Fixed Income – Corporate Bonds
100981|1|V000012,100981,1,V000012,2395,FCXX|,202604,2026-04-24 00:00:00,2026-04-24 00:00:00,5,1547.61,0.00,1820.71,0.85,__NONE__,true,0.00,0.00,0.00,0.0,0.00,RPG009,STD,daily_trade_details,Fixed Income – Corporate Bonds
100982|1|V000012,100982,1,V000012,2367,FMXX|,202604,2026-04-06 00:00:00,2026-04-06 00:00:00,4,0.00,2490.94,2930.51,0.85,ADJ,false,0.00,0.00,0.00,0.0,0.00,RPG005,STD,daily_trade_details,Fixed Income – Municipal Bonds
100983|1|V000012,100983,1,V000012,2416,FMXX|,202604,2026-04-21 00:00:00,2026-04-21 00:00:00,1,1023.49,0.00,1204.10,0.85,__NONE__,true,0.00,0.00,0.00,0.0,0.00,,STD,daily_trade_details,Fixed Income – Municipal Bonds
100984|1|V000012,100984,1,V000012,2367,FGXX|,202604,2026-04-14 00:00:00,2026-04-14 00:00:00,2,706.80,0.00,831.53,0.85,__NONE__,true,0.00,0.00,0.00,0.0,0.00,RPG005,STD,daily_trade_details,Fixed Income – Government Bonds
100985|1|V000012,100985,1,V000012,2416,FGXX|,202604,2026-04-17 00:00:00,2026-04-17 00:00:00,4,1290.57,0.00,1518.31,0.85,__NONE__,true,0.00,0.00,0.00,0.0,0.00,,STD,daily_trade_details,Fixed Income – Government Bonds
100986|1|V000012,100986,1,V000012,2374,FCOT|,202604,2026-04-24 00:00:00,2026-04-24 00:00:00,5,1608.37,0.00,1892.20,0.85,__NONE__,true,0.00,0.00,0.00,0.0,0.00,RPG006,STD,daily_trade_details,Fixed Income – Other
100987|1|V000012,100987,1,V000012,2430,FCOT|,202604,2026-04-08 00:00:00,2026-04-08 00:00:00,5,1380.58,0.00,1624.21,0.85,__NONE__,true,0.00,0.00,0.00,0.0,0.00,RPG014,STD,daily_trade_details,Fixed Income – Other
100988|1|V000012,100988,1,V000012,2367,FIX|,202604,2026-04-17 00:00:00,2026-04-17 00:00:00,5,1200.19,0.00,1411.98,0.85,__NONE__,true,0.00,0.00,0.00,0.0,0.00,RPG005,STD,daily_trade_details,Life & Annuities — FIX
100989|1|V000012,100989,1,V000012,2402,VARI|,202604,2026-04-02 00:00:00,2026-04-02 00:00:00,1,2062.88,0.00,2426.92,0.85,__NONE__,true,0.00,0.00,0.00,0.0,0.00,,STD,daily_trade_details,Life & Annuities — VARI
100990|1|V000012,100990,1,V000012,2430,VARI|,202604,2026-04-16 00:00:00,2026-04-16 00:00:00,5,403.77,0.00,475.03,0.85,__NONE__,true,0.00,0.00,0.00,0.0,0.00,RPG014,STD,daily_trade_details,Life & Annuities — VARI
100991|1|V000012,100991,1,V000012,2367,LIFE|,202604,2026-04-17 00:00:00,2026-04-17 00:00:00,1,2059.95,0.00,2423.47,0.85,__NONE__,true,0.00,0.00,0.00,0.0,0.00,RPG005,STD,daily_trade_details,Life & Annuities — LIFE
100992|1|V000012,100992,1,V000012,2409,LIFE|,202604,2026-04-16 00:00:00,2026-04-16 00:00:00,1,1093.83,0.00,1286.86,0.85,__NONE__,true,0.00,0.00,0.00,0.0,0.00,RPG011,STD,daily_trade_details,Life & Annuities — LIFE
100993|1|V000012,100993,1,V000012,2388,ALTI|,202604,2026-04-27 00:00:00,2026-04-27 00:00:00,1,869.51,0.00,1022.96,0.85,__NONE__,true,0.00,0.00,0.00,0.0,0.00,,STD,daily_trade_details,Alternative Investments
100994|1|V000012,100994,1,V000012,2374,DCCR|,202604,2026-04-08 00:00:00,2026-04-08 00:00:00,1,2298.56,0.00,2704.19,0.85,__NONE__,true,0.00,0.00,0.00,0.0,0.00,RPG006,STD,daily_trade_details,Defined Contribution Advisory
100995|1|V000012,100995,1,V000012,2423,LEND|MGN,202604,2026-04-20 00:00:00,2026-04-20 00:00:00,5,1050.07,0.00,1235.37,0.85,__NONE__,true,0.00,0.00,0.00,0.0,0.00,RPG013,STD,daily_trade_details,Lending – Margin
100996|1|V000012,100996,1,V000012,2423,LEND|MGN,202604,2026-04-22 00:00:00,2026-04-22 00:00:00,5,2373.24,0.00,2792.05,0.85,__NONE__,true,0.00,0.00,0.00,0.0,0.00,RPG013,STD,daily_trade_details,Lending – Margin
100997|1|V000012,100997,1,V000012,2367,OISC|,202605,2026-05-19 00:00:00,2026-05-19 00:00:00,3,2657.11,0.00,3126.02,0.85,__NONE__,true,0.00,0.00,0.00,0.0,0.00,RPG005,STD,daily_trade_details,Managed Accounts — OISC
100998|1|V000012,100998,1,V000012,2430,OISC|,202605,2026-05-11 00:00:00,2026-05-11 00:00:00,3,543.14,0.00,638.98,0.85,__NONE__,true,0.00,0.00,0.00,0.0,0.00,RPG014,STD,daily_trade_details,Managed Accounts — OISC
100999|1|V000012,100999,1,V000012,2416,JPMC|,202605,2026-05-15 00:00:00,2026-05-15 00:00:00,2,1507.34,0.00,1773.34,0.85,__NONE__,true,0.00,0.00,0.00,0.0,0.00,,STD,daily_trade_details,Managed Accounts — JPMC
101000|1|V000012,101000,1,V000012,2430,JPMC|,202605,2026-05-11 00:00:00,2026-05-11 00:00:00,4,1023.51,0.00,1204.13,0.85,__NONE__,true,0.00,0.00,0.00,0.0,0.00,RPG014,STD,daily_trade_details,Managed Accounts — JPMC
101001|1|V000012,101001,1,V000012,3018,MAP|,202605,2026-05-27 00:00:00,2026-05-27 00:00:00,2,2327.58,0.00,2738.33,0.85,__NONE__,true,0.00,0.00,0.00,0.0,0.00,,STD,daily_trade_details,Managed Accounts — MAP
101002|1|V000012,101002,1,V000012,2395,MAP|,202605,2026-05-28 00:00:00,2026-05-28 00:00:00,4,941.70,0.00,1107.88,0.85,__NONE__,true,0.00,0.00,0.00,0.0,0.00,RPG009,STD,daily_trade_details,Managed Accounts — MAP
101003|1|V000012,101003,1,V000012,2388,UMA|,202605,2026-05-28 00:00:00,2026-05-28 00:00:00,1,1797.29,0.00,2114.46,0.85,__NONE__,true,0.00,0.00,0.00,0.0,0.00,,STD,daily_trade_details,Managed – Unified Managed Accounts
101004|1|V000012,101004,1,V000012,2430,UMA|,202605,2026-05-26 00:00:00,2026-05-26 00:00:00,4,1112.34,0.00,1308.64,0.85,__NONE__,true,0.00,0.00,0.00,0.0,0.00,RPG014,STD,daily_trade_details,Managed – Unified Managed Accounts
101005|1|V000012,101005,1,V000012,2409,ITMF|,202605,2026-05-30 00:00:00,2026-05-30 00:00:00,3,809.78,0.00,952.69,0.85,__NONE__,true,0.00,0.00,0.00,0.0,0.00,RPG011,STD,daily_trade_details,Trails – Life & Annuities — ITMF
101006|1|V000012,101006,1,V000012,2423,ITMF|,202605,2026-05-27 00:00:00,2026-05-27 00:00:00,3,2224.72,0.00,2617.32,0.85,__NONE__,true,0.00,0.00,0.00,0.0,0.00,RPG013,STD,daily_trade_details,Trails – Life & Annuities — ITMF
101007|1|V000012,101007,1,V000012,2388,ADVA|,202605,2026-05-26 00:00:00,2026-05-26 00:00:00,4,1296.78,0.00,1525.62,0.85,__NONE__,true,0.00,0.00,0.00,0.0,0.00,,STD,daily_trade_details,Trails – Life & Annuities — ADVA
101008|1|V000012,101008,1,V000012,3018,ADVA|,202605,2026-05-01 00:00:00,2026-05-01 00:00:00,5,2127.87,0.00,2503.38,0.85,__NONE__,true,0.00,0.00,0.00,0.0,0.00,,STD,daily_trade_details,Trails – Life & Annuities — ADVA
101009|1|V000012,101009,1,V000012,2381,PCS|,202605,2026-05-21 00:00:00,2026-05-21 00:00:00,3,1683.68,0.00,1980.79,0.85,__NONE__,true,0.00,0.00,0.00,0.0,0.00,,STD,daily_trade_details,Referrals & Revenue Share – Situational Partnership
101010|1|V000012,101010,1,V000012,3018,PCS|,202605,2026-05-20 00:00:00,2026-05-20 00:00:00,5,1578.64,0.00,1857.22,0.85,__NONE__,true,0.00,0.00,0.00,0.0,0.00,,STD,daily_trade_details,Referrals & Revenue Share – Situational Partnership
101011|1|V000012,101011,1,V000012,3046,529T|,202605,2026-05-18 00:00:00,2026-05-18 00:00:00,4,1802.50,0.00,2120.59,0.85,__NONE__,true,0.00,0.00,0.00,0.0,0.00,,STD,daily_trade_details,529 Plans
101012|1|V000012,101012,1,V000012,2381,529T|,202605,2026-05-14 00:00:00,2026-05-14 00:00:00,4,882.71,0.00,1038.48,0.85,__NONE__,true,0.00,0.00,0.00,0.0,0.00,,STD,daily_trade_details,529 Plans
101013|1|V000012,101013,1,V000012,2409,FCXX|,202605,2026-05-05 00:00:00,2026-05-05 00:00:00,2,1069.05,0.00,1257.71,0.85,__NONE__,true,0.00,0.00,0.00,0.0,0.00,RPG011,STD,daily_trade_details,Fixed Income – Corporate Bonds
101014|1|V000012,101014,1,V000012,2409,FCXX|,202605,2026-05-08 00:00:00,2026-05-08 00:00:00,3,945.94,0.00,1112.87,0.85,__NONE__,true,0.00,0.00,0.00,0.0,0.00,RPG011,STD,daily_trade_details,Fixed Income – Corporate Bonds
101015|1|V000012,101015,1,V000012,3018,FMXX|,202605,2026-05-06 00:00:00,2026-05-06 00:00:00,2,1741.73,0.00,2049.10,0.85,__NONE__,true,0.00,0.00,0.00,0.0,0.00,,STD,daily_trade_details,Fixed Income – Municipal Bonds
101016|1|V000012,101016,1,V000012,2388,FMXX|,202605,2026-05-14 00:00:00,2026-05-14 00:00:00,4,376.45,0.00,442.88,0.85,__NONE__,true,0.00,0.00,0.00,0.0,0.00,,STD,daily_trade_details,Fixed Income – Municipal Bonds
101017|1|V000012,101017,1,V000012,2416,FGXX|,202605,2026-05-30 00:00:00,2026-05-30 00:00:00,1,1643.16,0.00,1933.13,0.85,__NONE__,true,0.00,0.00,0.00,0.0,0.00,,STD,daily_trade_details,Fixed Income – Government Bonds
101018|1|V000012,101018,1,V000012,2388,FGXX|,202605,2026-05-13 00:00:00,2026-05-13 00:00:00,3,689.85,0.00,811.59,0.85,__NONE__,true,0.00,0.00,0.00,0.0,0.00,,STD,daily_trade_details,Fixed Income – Government Bonds
101019|1|V000012,101019,1,V000012,3018,FCOT|,202605,2026-05-04 00:00:00,2026-05-04 00:00:00,4,1621.46,0.00,1907.60,0.85,__NONE__,true,0.00,0.00,0.00,0.0,0.00,,STD,daily_trade_details,Fixed Income – Other
101020|1|V000012,101020,1,V000012,2367,FCOT|,202605,2026-05-15 00:00:00,2026-05-15 00:00:00,5,442.21,0.00,520.24,0.85,__NONE__,true,0.00,0.00,0.00,0.0,0.00,RPG005,STD,daily_trade_details,Fixed Income – Other
101021|1|V000012,101021,1,V000012,2395,FIX|,202605,2026-05-20 00:00:00,2026-05-20 00:00:00,3,2374.80,0.00,2793.89,0.85,__NONE__,true,0.00,0.00,0.00,0.0,0.00,RPG009,STD,daily_trade_details,Life & Annuities — FIX
101022|1|V000012,101022,1,V000012,3018,FIX|,202605,2026-05-07 00:00:00,2026-05-07 00:00:00,2,1875.51,0.00,2206.49,0.85,__NONE__,true,0.00,0.00,0.00,0.0,0.00,,STD,daily_trade_details,Life & Annuities — FIX
101023|1|V000012,101023,1,V000012,2374,VARI|,202605,2026-05-06 00:00:00,2026-05-06 00:00:00,5,1669.70,0.00,1964.36,0.85,__NONE__,true,0.00,0.00,0.00,0.0,0.00,RPG006,STD,daily_trade_details,Life & Annuities — VARI
101024|1|V000012,101024,1,V000012,3018,VARI|,202605,2026-05-26 00:00:00,2026-05-26 00:00:00,3,2283.89,0.00,2686.93,0.85,__NONE__,true,0.00,0.00,0.00,0.0,0.00,,STD,daily_trade_details,Life & Annuities — VARI
101025|1|V000012,101025,1,V000012,2416,LIFE|,202605,2026-05-06 00:00:00,2026-05-06 00:00:00,3,2416.21,0.00,2842.60,0.85,__NONE__,true,0.00,0.00,0.00,0.0,0.00,,STD,daily_trade_details,Life & Annuities — LIFE
101026|1|V000012,101026,1,V000012,2402,LIFE|,202605,2026-05-12 00:00:00,2026-05-12 00:00:00,4,2291.87,0.00,2696.32,0.85,__NONE__,true,0.00,0.00,0.00,0.0,0.00,,STD,daily_trade_details,Life & Annuities — LIFE
101027|1|V000012,101027,1,V000012,2388,ALTI|,202605,2026-05-13 00:00:00,2026-05-13 00:00:00,4,653.95,0.00,769.36,0.85,__NONE__,true,0.00,0.00,0.00,0.0,0.00,,STD,daily_trade_details,Alternative Investments
101028|1|V000012,101028,1,V000012,2409,ALTI|,202605,2026-05-22 00:00:00,2026-05-22 00:00:00,5,915.88,0.00,1077.50,0.85,__NONE__,true,0.00,0.00,0.00,0.0,0.00,RPG011,STD,daily_trade_details,Alternative Investments
101029|1|V000012,101029,1,V000012,2402,DCCR|,202605,2026-05-27 00:00:00,2026-05-27 00:00:00,4,1975.94,0.00,2324.64,0.85,__NONE__,true,0.00,0.00,0.00,0.0,0.00,,STD,daily_trade_details,Defined Contribution Advisory
101030|1|V000012,101030,1,V000012,2416,DCCR|,202605,2026-05-07 00:00:00,2026-05-07 00:00:00,3,1935.76,0.00,2277.36,0.85,__NONE__,true,0.00,0.00,0.00,0.0,0.00,,STD,daily_trade_details,Defined Contribution Advisory
101031|1|V000012,101031,1,V000012,2416,LEND|MGN,202605,2026-05-01 00:00:00,2026-05-01 00:00:00,5,2014.16,0.00,2369.59,0.85,__NONE__,true,0.00,0.00,0.00,0.0,0.00,,STD,daily_trade_details,Lending – Margin
101032|1|V000012,101032,1,V000012,2367,LEND|MGN,202605,2026-05-04 00:00:00,2026-05-04 00:00:00,2,2313.63,0.00,2721.91,0.85,__NONE__,true,0.00,0.00,0.00,0.0,0.00,RPG005,STD,daily_trade_details,Lending – Margin
101033|1|V000012,101033,1,V000012,2395,OISC|,202606,2026-06-17 00:00:00,2026-06-17 00:00:00,3,1571.27,0.00,1848.56,0.85,__NONE__,true,0.00,0.00,0.00,0.0,0.00,RPG009,STD,daily_trade_details,Managed Accounts — OISC
101034|1|V000012,101034,1,V000012,3018,JPMC|,202606,2026-06-10 00:00:00,2026-06-10 00:00:00,4,580.72,0.00,683.20,0.85,__NONE__,true,0.00,0.00,0.00,0.0,0.00,,STD,daily_trade_details,Managed Accounts — JPMC
101035|1|V000012,101035,1,V000012,2367,MAP|,202606,2026-06-05 00:00:00,2026-06-05 00:00:00,3,2392.51,0.00,2814.72,0.85,__NONE__,true,0.00,0.00,0.00,0.0,0.00,RPG005,STD,daily_trade_details,Managed Accounts — MAP
101036|1|V000012,101036,1,V000012,2374,UMA|,202606,2026-06-05 00:00:00,2026-06-05 00:00:00,2,2453.54,0.00,2886.52,0.85,__NONE__,true,0.00,0.00,0.00,0.0,0.00,RPG006,STD,daily_trade_details,Managed – Unified Managed Accounts
101037|1|V000012,101037,1,V000012,2381,ITMF|,202606,2026-06-16 00:00:00,2026-06-16 00:00:00,4,2406.55,0.00,2831.23,0.85,__NONE__,true,0.00,0.00,0.00,0.0,0.00,,STD,daily_trade_details,Trails – Life & Annuities — ITMF
101038|1|V000012,101038,1,V000012,2367,ADVA|,202606,2026-06-10 00:00:00,2026-06-10 00:00:00,4,930.28,0.00,1094.45,0.85,__NONE__,true,0.00,0.00,0.00,0.0,0.00,RPG005,STD,daily_trade_details,Trails – Life & Annuities — ADVA
101039|1|V000012,101039,1,V000012,3046,PCS|,202606,2026-06-17 00:00:00,2026-06-17 00:00:00,4,1249.81,0.00,1470.37,0.85,__NONE__,true,0.00,0.00,0.00,0.0,0.00,,STD,daily_trade_details,Referrals & Revenue Share – Situational Partnership
101040|1|V000012,101040,1,V000012,2374,529T|,202606,2026-06-11 00:00:00,2026-06-11 00:00:00,1,2196.12,0.00,2583.67,0.85,__NONE__,true,0.00,0.00,0.00,0.0,0.00,RPG006,STD,daily_trade_details,529 Plans
101041|1|V000012,101041,1,V000012,2402,FCXX|,202606,2026-06-11 00:00:00,2026-06-11 00:00:00,3,1268.00,0.00,1491.77,0.85,__NONE__,true,0.00,0.00,0.00,0.0,0.00,,STD,daily_trade_details,Fixed Income – Corporate Bonds
101042|1|V000012,101042,1,V000012,2416,FMXX|,202606,2026-06-16 00:00:00,2026-06-16 00:00:00,2,1898.98,0.00,2234.10,0.85,__NONE__,true,0.00,0.00,0.00,0.0,0.00,,STD,daily_trade_details,Fixed Income – Municipal Bonds
101043|1|V000012,101043,1,V000012,3018,FGXX|,202606,2026-06-01 00:00:00,2026-06-01 00:00:00,4,1319.83,0.00,1552.74,0.85,__NONE__,true,0.00,0.00,0.00,0.0,0.00,,STD,daily_trade_details,Fixed Income – Government Bonds
101044|1|V000012,101044,1,V000012,2388,FCOT|,202606,2026-06-02 00:00:00,2026-06-02 00:00:00,1,1745.08,0.00,2053.04,0.85,__NONE__,true,0.00,0.00,0.00,0.0,0.00,,STD,daily_trade_details,Fixed Income – Other
101045|1|V000012,101045,1,V000012,2381,FIX|,202606,2026-06-16 00:00:00,2026-06-16 00:00:00,2,874.09,0.00,1028.34,0.85,__NONE__,true,0.00,0.00,0.00,0.0,0.00,,STD,daily_trade_details,Life & Annuities — FIX
101046|1|V000012,101046,1,V000012,2430,VARI|,202606,2026-06-08 00:00:00,2026-06-08 00:00:00,4,1877.23,0.00,2208.51,0.85,__NONE__,true,0.00,0.00,0.00,0.0,0.00,RPG014,STD,daily_trade_details,Life & Annuities — VARI
101047|1|V000012,101047,1,V000012,2416,LIFE|,202606,2026-06-03 00:00:00,2026-06-03 00:00:00,5,2309.06,0.00,2716.55,0.85,__NONE__,true,0.00,0.00,0.00,0.0,0.00,,STD,daily_trade_details,Life & Annuities — LIFE
101048|1|V000012,101048,1,V000012,2402,ALTI|,202606,2026-06-09 00:00:00,2026-06-09 00:00:00,3,2138.92,0.00,2516.37,0.85,__NONE__,true,0.00,0.00,0.00,0.0,0.00,,STD,daily_trade_details,Alternative Investments
101049|1|V000012,101049,1,V000012,2381,DCCR|,202606,2026-06-15 00:00:00,2026-06-15 00:00:00,2,1205.04,0.00,1417.69,0.85,__NONE__,true,0.00,0.00,0.00,0.0,0.00,,STD,daily_trade_details,Defined Contribution Advisory
101050|1|V000012,101050,1,V000012,2367,LEND|MGN,202606,2026-06-16 00:00:00,2026-06-16 00:00:00,5,2480.65,0.00,2918.41,0.85,__NONE__,true,0.00,0.00,0.00,0.0,0.00,RPG005,STD,daily_trade_details,Lending – Margin
101051|1|V000013,101051,1,V000013,2458,OISC|,202604,2026-04-09 00:00:00,2026-04-09 00:00:00,3,2385.74,0.00,2806.76,0.85,__NONE__,true,0.00,0.00,0.00,0.0,0.00,RPG011,STD,daily_trade_details,Managed Accounts — OISC
101052|1|V000013,101052,1,V000013,2451,OISC|,202604,2026-04-28 00:00:00,2026-04-28 00:00:00,3,414.50,0.00,487.65,0.85,__NONE__,true,0.00,0.00,0.00,0.0,0.00,RPG010,STD,daily_trade_details,Managed Accounts — OISC
101053|1|V000013,101053,1,V000013,2451,JPMC|,202604,2026-04-27 00:00:00,2026-04-27 00:00:00,1,504.84,0.00,593.93,0.85,__NONE__,true,0.00,0.00,0.00,0.0,0.00,RPG010,STD,daily_trade_details,Managed Accounts — JPMC
101054|1|V000013,101054,1,V000013,2437,JPMC|,202604,2026-04-21 00:00:00,2026-04-21 00:00:00,4,1952.74,0.00,2297.34,0.85,__NONE__,true,0.00,0.00,0.00,0.0,0.00,,STD,daily_trade_details,Managed Accounts — JPMC
101055|1|V000013,101055,1,V000013,2444,MAP|,202604,2026-04-13 00:00:00,2026-04-13 00:00:00,3,816.31,0.00,960.37,0.85,__NONE__,true,0.00,0.00,0.00,0.0,0.00,,STD,daily_trade_details,Managed Accounts — MAP
101056|1|V000013,101056,1,V000013,2486,MAP|,202604,2026-04-09 00:00:00,2026-04-09 00:00:00,5,1178.77,0.00,1386.79,0.85,__NONE__,true,0.00,0.00,0.00,0.0,0.00,RPG015,STD,daily_trade_details,Managed Accounts — MAP
101057|1|V000013,101057,1,V000013,2458,UMA|,202604,2026-04-09 00:00:00,2026-04-09 00:00:00,4,2588.98,0.00,3045.86,0.85,__NONE__,true,0.00,0.00,0.00,0.0,0.00,RPG011,STD,daily_trade_details,Managed – Unified Managed Accounts
101058|1|V000013,101058,1,V000013,2451,UMA|,202604,2026-04-14 00:00:00,2026-04-14 00:00:00,3,1239.61,0.00,1458.36,0.85,__NONE__,true,0.00,0.00,0.00,0.0,0.00,RPG010,STD,daily_trade_details,Managed – Unified Managed Accounts
101059|1|V000013,101059,1,V000013,2458,ATMF|,202604,2026-04-16 00:00:00,2026-04-16 00:00:00,5,1720.66,0.00,2024.31,0.85,__NONE__,true,0.00,0.00,0.00,0.0,0.00,RPG011,STD,daily_trade_details,Trails – Mutual Funds
101060|1|V000013,101060,1,V000013,2486,ATMF|,202604,2026-04-15 00:00:00,2026-04-15 00:00:00,4,497.20,0.00,584.94,0.85,__NONE__,true,0.00,0.00,0.00,0.0,0.00,RPG015,STD,daily_trade_details,Trails – Mutual Funds
101061|1|V000013,101061,1,V000013,2458,ADVA|,202604,2026-04-28 00:00:00,2026-04-28 00:00:00,3,1940.67,0.00,2283.14,0.85,__NONE__,true,0.00,0.00,0.00,0.0,0.00,RPG011,STD,daily_trade_details,Trails – Life & Annuities — ADVA
101062|1|V000013,101062,1,V000013,2444,ADVA|,202604,2026-04-10 00:00:00,2026-04-10 00:00:00,4,0.00,519.14,610.76,0.85,ADJ,false,0.00,0.00,0.00,0.0,0.00,,STD,daily_trade_details,Trails – Life & Annuities — ADVA
101063|1|V000013,101063,1,V000013,2472,MMKT|,202604,2026-04-28 00:00:00,2026-04-28 00:00:00,1,2592.50,0.00,3050.00,0.85,__NONE__,true,0.00,0.00,0.00,0.0,0.00,RPG013,STD,daily_trade_details,Cash Management – Money Market Funds
101064|1|V000013,101064,1,V000013,2437,MMKT|,202604,2026-04-14 00:00:00,2026-04-14 00:00:00,4,883.41,0.00,1039.31,0.85,__NONE__,true,0.00,0.00,0.00,0.0,0.00,,STD,daily_trade_details,Cash Management – Money Market Funds
101065|1|V000013,101065,1,V000013,2472,PRDP|,202604,2026-04-02 00:00:00,2026-04-02 00:00:00,5,604.15,0.00,710.76,0.85,__NONE__,true,0.00,0.00,0.00,0.0,0.00,RPG013,STD,daily_trade_details,Cash Management – Premium Deposits
101066|1|V000013,101066,1,V000013,2451,PRDP|,202604,2026-04-15 00:00:00,2026-04-15 00:00:00,4,898.67,0.00,1057.26,0.85,__NONE__,true,0.00,0.00,0.00,0.0,0.00,RPG010,STD,daily_trade_details,Cash Management – Premium Deposits
101067|1|V000013,101067,1,V000013,2451,PCS|,202604,2026-04-20 00:00:00,2026-04-20 00:00:00,2,506.19,0.00,595.52,0.85,__NONE__,true,0.00,0.00,0.00,0.0,0.00,RPG010,STD,daily_trade_details,Referrals & Revenue Share – Situational Partnership
101068|1|V000013,101068,1,V000013,2465,PCS|,202604,2026-04-22 00:00:00,2026-04-22 00:00:00,3,0.00,568.74,669.10,0.85,INELG,false,0.00,0.00,0.00,0.0,0.00,,STD,daily_trade_details,Referrals & Revenue Share – Situational Partnership
101069|1|V000013,101069,1,V000013,2472,529T|,202604,2026-04-13 00:00:00,2026-04-13 00:00:00,5,2430.35,0.00,2859.23,0.85,__NONE__,true,0.00,0.00,0.00,0.0,0.00,RPG013,STD,daily_trade_details,529 Plans
101070|1|V000013,101070,1,V000013,2465,529T|,202604,2026-04-08 00:00:00,2026-04-08 00:00:00,3,1489.04,0.00,1751.81,0.85,__NONE__,true,0.00,0.00,0.00,0.0,0.00,,STD,daily_trade_details,529 Plans
101071|1|V000013,101071,1,V000013,2486,DAF|,202604,2026-04-29 00:00:00,2026-04-29 00:00:00,4,2056.45,0.00,2419.36,0.85,__NONE__,true,0.00,0.00,0.00,0.0,0.00,RPG015,STD,daily_trade_details,Donor Advised Funds
101072|1|V000013,101072,1,V000013,2437,DAF|,202604,2026-04-02 00:00:00,2026-04-02 00:00:00,4,0.00,734.52,864.14,0.85,INELG,false,0.00,0.00,0.00,0.0,0.00,,STD,daily_trade_details,Donor Advised Funds
101073|1|V000013,101073,1,V000013,2465,ELIS|EQ,202604,2026-04-06 00:00:00,2026-04-06 00:00:00,4,676.18,0.00,795.50,0.85,__NONE__,true,0.00,0.00,0.00,0.0,0.00,,STD,daily_trade_details,Equities
101074|1|V000013,101074,1,V000013,2437,ELIS|EQ,202604,2026-04-24 00:00:00,2026-04-24 00:00:00,4,1315.50,0.00,1547.64,0.85,__NONE__,true,0.00,0.00,0.00,0.0,0.00,,STD,daily_trade_details,Equities
101075|1|V000013,101075,1,V000013,2486,FCXX|,202604,2026-04-07 00:00:00,2026-04-07 00:00:00,1,1433.87,0.00,1686.91,0.85,__NONE__,true,0.00,0.00,0.00,0.0,0.00,RPG015,STD,daily_trade_details,Fixed Income – Corporate Bonds
101076|1|V000013,101076,1,V000013,2472,FCXX|,202604,2026-04-08 00:00:00,2026-04-08 00:00:00,2,515.23,0.00,606.15,0.85,__NONE__,true,0.00,0.00,0.00,0.0,0.00,RPG013,STD,daily_trade_details,Fixed Income – Corporate Bonds
101077|1|V000013,101077,1,V000013,2493,FGXX|,202604,2026-04-27 00:00:00,2026-04-27 00:00:00,2,2191.92,0.00,2578.72,0.85,__NONE__,true,0.00,0.00,0.00,0.0,0.00,,STD,daily_trade_details,Fixed Income – Government Bonds
101078|1|V000013,101078,1,V000013,2500,FGXX|,202604,2026-04-20 00:00:00,2026-04-20 00:00:00,1,0.00,2595.41,3053.42,0.85,INELG,false,0.00,0.00,0.00,0.0,0.00,RPG017,STD,daily_trade_details,Fixed Income – Government Bonds
101079|1|V000013,101079,1,V000013,2458,FCCD|,202604,2026-04-15 00:00:00,2026-04-15 00:00:00,1,2066.98,0.00,2431.74,0.85,__NONE__,true,0.00,0.00,0.00,0.0,0.00,RPG011,STD,daily_trade_details,Cash Management – Brokered CDs
101080|1|V000013,101080,1,V000013,2465,FCCD|,202604,2026-04-17 00:00:00,2026-04-17 00:00:00,3,1867.02,0.00,2196.49,0.85,__NONE__,true,0.00,0.00,0.00,0.0,0.00,,STD,daily_trade_details,Cash Management – Brokered CDs
101081|1|V000013,101081,1,V000013,2500,FIX|,202604,2026-04-15 00:00:00,2026-04-15 00:00:00,2,2437.04,0.00,2867.11,0.85,__NONE__,true,0.00,0.00,0.00,0.0,0.00,RPG017,STD,daily_trade_details,Life & Annuities — FIX
101082|1|V000013,101082,1,V000013,2437,FIX|,202604,2026-04-22 00:00:00,2026-04-22 00:00:00,4,486.45,0.00,572.29,0.85,__NONE__,true,0.00,0.00,0.00,0.0,0.00,,STD,daily_trade_details,Life & Annuities — FIX
101083|1|V000013,101083,1,V000013,2465,LIFE|,202604,2026-04-29 00:00:00,2026-04-29 00:00:00,5,0.00,1666.67,1960.79,0.85,INELG,false,0.00,0.00,0.00,0.0,0.00,,STD,daily_trade_details,Life & Annuities — LIFE
101084|1|V000013,101084,1,V000013,2486,LIFE|,202604,2026-04-27 00:00:00,2026-04-27 00:00:00,2,1047.31,0.00,1232.12,0.85,__NONE__,true,0.00,0.00,0.00,0.0,0.00,RPG015,STD,daily_trade_details,Life & Annuities — LIFE
101085|1|V000013,101085,1,V000013,2458,ALTI|,202604,2026-04-14 00:00:00,2026-04-14 00:00:00,3,2285.54,0.00,2688.87,0.85,__NONE__,true,0.00,0.00,0.00,0.0,0.00,RPG011,STD,daily_trade_details,Alternative Investments
101086|1|V000013,101086,1,V000013,2437,ALTI|,202604,2026-04-28 00:00:00,2026-04-28 00:00:00,4,2010.74,0.00,2365.58,0.85,__NONE__,true,0.00,0.00,0.00,0.0,0.00,,STD,daily_trade_details,Alternative Investments
101087|1|V000013,101087,1,V000013,2444,DCCR|,202604,2026-04-17 00:00:00,2026-04-17 00:00:00,1,1217.37,0.00,1432.21,0.85,__NONE__,true,0.00,0.00,0.00,0.0,0.00,,STD,daily_trade_details,Defined Contribution Advisory
101088|1|V000013,101088,1,V000013,2437,DCCR|,202604,2026-04-17 00:00:00,2026-04-17 00:00:00,3,2260.40,0.00,2659.29,0.85,__NONE__,true,0.00,0.00,0.00,0.0,0.00,,STD,daily_trade_details,Defined Contribution Advisory
101089|1|V000013,101089,1,V000013,2451,LEND|SBL,202604,2026-04-20 00:00:00,2026-04-20 00:00:00,3,577.38,0.00,679.28,0.85,__NONE__,true,0.00,0.00,0.00,0.0,0.00,RPG010,STD,daily_trade_details,Lending – Security Based Lending
101090|1|V000013,101090,1,V000013,2500,LEND|SBL,202604,2026-04-16 00:00:00,2026-04-16 00:00:00,5,601.96,0.00,708.19,0.85,__NONE__,true,0.00,0.00,0.00,0.0,0.00,RPG017,STD,daily_trade_details,Lending – Security Based Lending
101091|1|V000013,101091,1,V000013,2458,LEND|MGN,202604,2026-04-22 00:00:00,2026-04-22 00:00:00,3,1426.13,0.00,1677.80,0.85,__NONE__,true,0.00,0.00,0.00,0.0,0.00,RPG011,STD,daily_trade_details,Lending – Margin
101092|1|V000013,101092,1,V000013,2500,LEND|MGN,202604,2026-04-20 00:00:00,2026-04-20 00:00:00,3,1680.78,0.00,1977.39,0.85,__NONE__,true,0.00,0.00,0.00,0.0,0.00,RPG017,STD,daily_trade_details,Lending – Margin
101093|1|V000013,101093,1,V000013,2500,EDK|,202604,2026-04-03 00:00:00,2026-04-03 00:00:00,1,728.62,0.00,857.20,0.85,__NONE__,true,0.00,0.00,0.00,0.0,0.00,RPG017,STD,daily_trade_details,Referrals & Revenue Share – Everyday 401K
101094|1|V000013,101094,1,V000013,2493,EDK|,202604,2026-04-10 00:00:00,2026-04-10 00:00:00,2,1086.01,0.00,1277.66,0.85,__NONE__,true,0.00,0.00,0.00,0.0,0.00,,STD,daily_trade_details,Referrals & Revenue Share – Everyday 401K
101095|1|V000014,101095,1,V000014,2507,OIS1|,202604,2026-04-17 00:00:00,2026-04-17 00:00:00,5,694.99,0.00,817.64,0.85,__NONE__,true,0.00,0.00,0.00,0.0,0.00,RPG011,STD,daily_trade_details,Managed Accounts — OIS1
101096|1|V000014,101096,1,V000014,2556,OIS1|,202604,2026-04-28 00:00:00,2026-04-28 00:00:00,3,996.44,0.00,1172.28,0.85,__NONE__,true,0.00,0.00,0.00,0.0,0.00,,STD,daily_trade_details,Managed Accounts — OIS1
101097|1|V000014,101097,1,V000014,2549,JPMC|,202604,2026-04-07 00:00:00,2026-04-07 00:00:00,1,2150.67,0.00,2530.20,0.85,__NONE__,true,0.00,0.00,0.00,0.0,0.00,RPG017,STD,daily_trade_details,Managed Accounts — JPMC
101098|1|V000014,101098,1,V000014,2528,JPMC|,202604,2026-04-01 00:00:00,2026-04-01 00:00:00,2,0.00,557.40,655.76,0.85,INELG,false,0.00,0.00,0.00,0.0,0.00,,STD,daily_trade_details,Managed Accounts — JPMC
101099|1|V000014,101099,1,V000014,2556,MAP|,202604,2026-04-20 00:00:00,2026-04-20 00:00:00,5,1791.83,0.00,2108.04,0.85,__NONE__,true,0.00,0.00,0.00,0.0,0.00,,STD,daily_trade_details,Managed Accounts — MAP
101100|1|V000014,101100,1,V000014,2528,MAP|,202604,2026-04-07 00:00:00,2026-04-07 00:00:00,4,498.02,0.00,585.90,0.85,__NONE__,true,0.00,0.00,0.00,0.0,0.00,,STD,daily_trade_details,Managed Accounts — MAP
101101|1|V000014,101101,1,V000014,2549,UMA|,202604,2026-04-07 00:00:00,2026-04-07 00:00:00,4,350.18,0.00,411.97,0.85,__NONE__,true,0.00,0.00,0.00,0.0,0.00,RPG017,STD,daily_trade_details,Managed – Unified Managed Accounts
101102|1|V000014,101102,1,V000014,2556,UMA|,202604,2026-04-27 00:00:00,2026-04-27 00:00:00,2,1384.43,0.00,1628.74,0.85,__NONE__,true,0.00,0.00,0.00,0.0,0.00,,STD,daily_trade_details,Managed – Unified Managed Accounts
101103|1|V000014,101103,1,V000014,2528,ATMF|,202604,2026-04-17 00:00:00,2026-04-17 00:00:00,1,978.11,0.00,1150.72,0.85,__NONE__,true,0.00,0.00,0.00,0.0,0.00,,STD,daily_trade_details,Trails – Mutual Funds
101104|1|V000014,101104,1,V000014,2542,ATMF|,202604,2026-04-20 00:00:00,2026-04-20 00:00:00,4,318.11,0.00,374.25,0.85,__NONE__,true,0.00,0.00,0.00,0.0,0.00,RPG016,STD,daily_trade_details,Trails – Mutual Funds
101105|1|V000014,101105,1,V000014,2556,ADVA|,202604,2026-04-24 00:00:00,2026-04-24 00:00:00,3,1995.28,0.00,2347.39,0.85,__NONE__,true,0.00,0.00,0.00,0.0,0.00,,STD,daily_trade_details,Trails – Life & Annuities — ADVA
101106|1|V000014,101106,1,V000014,2507,ADVA|,202604,2026-04-27 00:00:00,2026-04-27 00:00:00,5,1421.24,0.00,1672.05,0.85,__NONE__,true,0.00,0.00,0.00,0.0,0.00,RPG011,STD,daily_trade_details,Trails – Life & Annuities — ADVA
101107|1|V000014,101107,1,V000014,2556,MMKT|,202604,2026-04-01 00:00:00,2026-04-01 00:00:00,4,833.38,0.00,980.45,0.85,__NONE__,true,0.00,0.00,0.00,0.0,0.00,,STD,daily_trade_details,Cash Management – Money Market Funds
101108|1|V000014,101108,1,V000014,2570,MMKT|,202604,2026-04-29 00:00:00,2026-04-29 00:00:00,4,1026.46,0.00,1207.59,0.85,__NONE__,true,0.00,0.00,0.00,0.0,0.00,RPG020,STD,daily_trade_details,Cash Management – Money Market Funds
101109|1|V000014,101109,1,V000014,2556,PRDP|,202604,2026-04-29 00:00:00,2026-04-29 00:00:00,3,568.96,0.00,669.37,0.85,__NONE__,true,0.00,0.00,0.00,0.0,0.00,,STD,daily_trade_details,Cash Management – Premium Deposits
101110|1|V000014,101110,1,V000014,2556,PRDP|,202604,2026-04-09 00:00:00,2026-04-09 00:00:00,4,0.00,1904.28,2240.33,0.85,ADJ,false,0.00,0.00,0.00,0.0,0.00,,STD,daily_trade_details,Cash Management – Premium Deposits
101111|1|V000014,101111,1,V000014,2542,PCS|,202604,2026-04-27 00:00:00,2026-04-27 00:00:00,3,1307.65,0.00,1538.42,0.85,__NONE__,true,0.00,0.00,0.00,0.0,0.00,RPG016,STD,daily_trade_details,Referrals & Revenue Share – Situational Partnership
101112|1|V000014,101112,1,V000014,2570,PCS|,202604,2026-04-21 00:00:00,2026-04-21 00:00:00,2,2262.94,0.00,2662.29,0.85,__NONE__,true,0.00,0.00,0.00,0.0,0.00,RPG020,STD,daily_trade_details,Referrals & Revenue Share – Situational Partnership
101113|1|V000014,101113,1,V000014,2535,529T|,202604,2026-04-20 00:00:00,2026-04-20 00:00:00,3,1962.89,0.00,2309.28,0.85,__NONE__,true,0.00,0.00,0.00,0.0,0.00,,STD,daily_trade_details,529 Plans
101114|1|V000014,101114,1,V000014,2556,529T|,202604,2026-04-28 00:00:00,2026-04-28 00:00:00,2,2139.44,0.00,2516.98,0.85,__NONE__,true,0.00,0.00,0.00,0.0,0.00,,STD,daily_trade_details,529 Plans
101115|1|V000014,101115,1,V000014,2535,DAF|,202604,2026-04-22 00:00:00,2026-04-22 00:00:00,2,1888.60,0.00,2221.89,0.85,__NONE__,true,0.00,0.00,0.00,0.0,0.00,,STD,daily_trade_details,Donor Advised Funds
101116|1|V000014,101116,1,V000014,2521,DAF|,202604,2026-04-06 00:00:00,2026-04-06 00:00:00,4,758.81,0.00,892.72,0.85,__NONE__,true,0.00,0.00,0.00,0.0,0.00,,STD,daily_trade_details,Donor Advised Funds
101117|1|V000014,101117,1,V000014,2556,STRT|,202604,2026-04-02 00:00:00,2026-04-02 00:00:00,1,998.40,0.00,1174.59,0.85,__NONE__,true,0.00,0.00,0.00,0.0,0.00,,STD,daily_trade_details,Structured Products
101118|1|V000014,101118,1,V000014,2542,STRT|,202604,2026-04-08 00:00:00,2026-04-08 00:00:00,2,2326.08,0.00,2736.57,0.85,__NONE__,true,0.00,0.00,0.00,0.0,0.00,RPG016,STD,daily_trade_details,Structured Products
101119|1|V000014,101119,1,V000014,2563,ELIS|EQ,202604,2026-04-20 00:00:00,2026-04-20 00:00:00,1,373.53,0.00,439.45,0.85,__NONE__,true,0.00,0.00,0.00,0.0,0.00,,STD,daily_trade_details,Equities
101120|1|V000014,101120,1,V000014,2570,ELIS|EQ,202604,2026-04-22 00:00:00,2026-04-22 00:00:00,3,821.39,0.00,966.34,0.85,__NONE__,true,0.00,0.00,0.00,0.0,0.00,RPG020,STD,daily_trade_details,Equities
101121|1|V000014,101121,1,V000014,2542,FMXX|,202604,2026-04-24 00:00:00,2026-04-24 00:00:00,3,2105.24,0.00,2476.75,0.85,__NONE__,true,0.00,0.00,0.00,0.0,0.00,RPG016,STD,daily_trade_details,Fixed Income – Municipal Bonds
101122|1|V000014,101122,1,V000014,2521,FMXX|,202604,2026-04-28 00:00:00,2026-04-28 00:00:00,1,2262.84,0.00,2662.16,0.85,__NONE__,true,0.00,0.00,0.00,0.0,0.00,,STD,daily_trade_details,Fixed Income – Municipal Bonds
101123|1|V000014,101123,1,V000014,2507,FGXX|,202604,2026-04-21 00:00:00,2026-04-21 00:00:00,1,2431.25,0.00,2860.30,0.85,__NONE__,true,0.00,0.00,0.00,0.0,0.00,RPG011,STD,daily_trade_details,Fixed Income – Government Bonds
101124|1|V000014,101124,1,V000014,2514,FGXX|,202604,2026-04-06 00:00:00,2026-04-06 00:00:00,5,2097.80,0.00,2468.00,0.85,__NONE__,true,0.00,0.00,0.00,0.0,0.00,RPG012,STD,daily_trade_details,Fixed Income – Government Bonds
101125|1|V000014,101125,1,V000014,2507,FCCD|,202604,2026-04-06 00:00:00,2026-04-06 00:00:00,2,1466.80,0.00,1725.65,0.85,__NONE__,true,0.00,0.00,0.00,0.0,0.00,RPG011,STD,daily_trade_details,Cash Management – Brokered CDs
101126|1|V000014,101126,1,V000014,2542,FCCD|,202604,2026-04-21 00:00:00,2026-04-21 00:00:00,5,661.17,0.00,777.85,0.85,__NONE__,true,0.00,0.00,0.00,0.0,0.00,RPG016,STD,daily_trade_details,Cash Management – Brokered CDs
101127|1|V000014,101127,1,V000014,2556,VARI|,202604,2026-04-29 00:00:00,2026-04-29 00:00:00,3,1984.87,0.00,2335.14,0.85,__NONE__,true,0.00,0.00,0.00,0.0,0.00,,STD,daily_trade_details,Life & Annuities — VARI
101128|1|V000014,101128,1,V000014,2542,VARI|,202604,2026-04-09 00:00:00,2026-04-09 00:00:00,4,2184.07,0.00,2569.49,0.85,__NONE__,true,0.00,0.00,0.00,0.0,0.00,RPG016,STD,daily_trade_details,Life & Annuities — VARI
101129|1|V000014,101129,1,V000014,2549,ALTI|,202604,2026-04-15 00:00:00,2026-04-15 00:00:00,3,0.00,2069.20,2434.36,0.85,ADJ,false,0.00,0.00,0.00,0.0,0.00,RPG017,STD,daily_trade_details,Alternative Investments
101130|1|V000014,101130,1,V000014,2563,ALTI|,202604,2026-04-20 00:00:00,2026-04-20 00:00:00,3,693.90,0.00,816.36,0.85,__NONE__,true,0.00,0.00,0.00,0.0,0.00,,STD,daily_trade_details,Alternative Investments
101131|1|V000014,101131,1,V000014,2528,DCCR|,202604,2026-04-20 00:00:00,2026-04-20 00:00:00,2,648.71,0.00,763.18,0.85,__NONE__,true,0.00,0.00,0.00,0.0,0.00,,STD,daily_trade_details,Defined Contribution Advisory
101132|1|V000014,101132,1,V000014,2521,DCCR|,202604,2026-04-20 00:00:00,2026-04-20 00:00:00,4,2144.07,0.00,2522.43,0.85,__NONE__,true,0.00,0.00,0.00,0.0,0.00,,STD,daily_trade_details,Defined Contribution Advisory
101133|1|V000014,101133,1,V000014,2563,LEND|SBL,202604,2026-04-01 00:00:00,2026-04-01 00:00:00,4,2127.60,0.00,2503.06,0.85,__NONE__,true,0.00,0.00,0.00,0.0,0.00,,STD,daily_trade_details,Lending – Security Based Lending
101134|1|V000014,101134,1,V000014,2521,LEND|SBL,202604,2026-04-23 00:00:00,2026-04-23 00:00:00,1,2071.35,0.00,2436.88,0.85,__NONE__,true,0.00,0.00,0.00,0.0,0.00,,STD,daily_trade_details,Lending – Security Based Lending
101135|1|V000014,101135,1,V000014,2514,EDK|,202604,2026-04-08 00:00:00,2026-04-08 00:00:00,4,1078.10,0.00,1268.35,0.85,__NONE__,true,0.00,0.00,0.00,0.0,0.00,RPG012,STD,daily_trade_details,Referrals & Revenue Share – Everyday 401K
101136|1|V000014,101136,1,V000014,2507,EDK|,202604,2026-04-27 00:00:00,2026-04-27 00:00:00,1,0.00,1204.51,1417.07,0.85,INELG,false,0.00,0.00,0.00,0.0,0.00,RPG011,STD,daily_trade_details,Referrals & Revenue Share – Everyday 401K
101137|1|V000014,101137,1,V000014,2563,OIS1|,202605,2026-05-27 00:00:00,2026-05-27 00:00:00,3,2625.92,0.00,3089.32,0.85,__NONE__,true,0.00,0.00,0.00,0.0,0.00,,STD,daily_trade_details,Managed Accounts — OIS1
101138|1|V000014,101138,1,V000014,2542,OIS1|,202605,2026-05-26 00:00:00,2026-05-26 00:00:00,5,0.00,2474.92,2911.68,0.85,ADJ,false,0.00,0.00,0.00,0.0,0.00,RPG016,STD,daily_trade_details,Managed Accounts — OIS1
101139|1|V000014,101139,1,V000014,2521,JPMC|,202605,2026-05-11 00:00:00,2026-05-11 00:00:00,5,1977.55,0.00,2326.53,0.85,__NONE__,true,0.00,0.00,0.00,0.0,0.00,,STD,daily_trade_details,Managed Accounts — JPMC
101140|1|V000014,101140,1,V000014,2570,JPMC|,202605,2026-05-18 00:00:00,2026-05-18 00:00:00,4,2187.15,0.00,2573.11,0.85,__NONE__,true,0.00,0.00,0.00,0.0,0.00,RPG020,STD,daily_trade_details,Managed Accounts — JPMC
101141|1|V000014,101141,1,V000014,2528,MAP|,202605,2026-05-27 00:00:00,2026-05-27 00:00:00,3,2407.66,0.00,2832.54,0.85,__NONE__,true,0.00,0.00,0.00,0.0,0.00,,STD,daily_trade_details,Managed Accounts — MAP
101142|1|V000014,101142,1,V000014,2549,MAP|,202605,2026-05-07 00:00:00,2026-05-07 00:00:00,5,2036.60,0.00,2396.00,0.85,__NONE__,true,0.00,0.00,0.00,0.0,0.00,RPG017,STD,daily_trade_details,Managed Accounts — MAP
101143|1|V000014,101143,1,V000014,2563,UMA|,202605,2026-05-27 00:00:00,2026-05-27 00:00:00,3,986.39,0.00,1160.46,0.85,__NONE__,true,0.00,0.00,0.00,0.0,0.00,,STD,daily_trade_details,Managed – Unified Managed Accounts
101144|1|V000014,101144,1,V000014,2563,UMA|,202605,2026-05-01 00:00:00,2026-05-01 00:00:00,1,1121.56,0.00,1319.48,0.85,__NONE__,true,0.00,0.00,0.00,0.0,0.00,,STD,daily_trade_details,Managed – Unified Managed Accounts
101145|1|V000014,101145,1,V000014,2563,ATMF|,202605,2026-05-14 00:00:00,2026-05-14 00:00:00,4,1720.95,0.00,2024.65,0.85,__NONE__,true,0.00,0.00,0.00,0.0,0.00,,STD,daily_trade_details,Trails – Mutual Funds
101146|1|V000014,101146,1,V000014,2563,ATMF|,202605,2026-05-13 00:00:00,2026-05-13 00:00:00,5,0.00,573.41,674.60,0.85,ADJ,false,0.00,0.00,0.00,0.0,0.00,,STD,daily_trade_details,Trails – Mutual Funds
101147|1|V000014,101147,1,V000014,2542,ADVA|,202605,2026-05-06 00:00:00,2026-05-06 00:00:00,4,605.24,0.00,712.04,0.85,__NONE__,true,0.00,0.00,0.00,0.0,0.00,RPG016,STD,daily_trade_details,Trails – Life & Annuities — ADVA
101148|1|V000014,101148,1,V000014,2535,ADVA|,202605,2026-05-12 00:00:00,2026-05-12 00:00:00,5,0.00,1673.18,1968.45,0.85,ADJ,false,0.00,0.00,0.00,0.0,0.00,,STD,daily_trade_details,Trails – Life & Annuities — ADVA
101149|1|V000014,101149,1,V000014,2570,MMKT|,202605,2026-05-27 00:00:00,2026-05-27 00:00:00,5,2011.72,0.00,2366.73,0.85,__NONE__,true,0.00,0.00,0.00,0.0,0.00,RPG020,STD,daily_trade_details,Cash Management – Money Market Funds
101150|1|V000014,101150,1,V000014,2528,MMKT|,202605,2026-05-28 00:00:00,2026-05-28 00:00:00,2,1144.48,0.00,1346.44,0.85,__NONE__,true,0.00,0.00,0.00,0.0,0.00,,STD,daily_trade_details,Cash Management – Money Market Funds
101151|1|V000014,101151,1,V000014,2549,PRDP|,202605,2026-05-15 00:00:00,2026-05-15 00:00:00,5,1547.57,0.00,1820.67,0.85,__NONE__,true,0.00,0.00,0.00,0.0,0.00,RPG017,STD,daily_trade_details,Cash Management – Premium Deposits
101152|1|V000014,101152,1,V000014,2570,PRDP|,202605,2026-05-21 00:00:00,2026-05-21 00:00:00,1,768.88,0.00,904.56,0.85,__NONE__,true,0.00,0.00,0.00,0.0,0.00,RPG020,STD,daily_trade_details,Cash Management – Premium Deposits
101153|1|V000014,101153,1,V000014,2521,PCS|,202605,2026-05-05 00:00:00,2026-05-05 00:00:00,1,2004.56,0.00,2358.31,0.85,__NONE__,true,0.00,0.00,0.00,0.0,0.00,,STD,daily_trade_details,Referrals & Revenue Share – Situational Partnership
101154|1|V000014,101154,1,V000014,2507,PCS|,202605,2026-05-11 00:00:00,2026-05-11 00:00:00,4,1321.94,0.00,1555.23,0.85,__NONE__,true,0.00,0.00,0.00,0.0,0.00,RPG011,STD,daily_trade_details,Referrals & Revenue Share – Situational Partnership
101155|1|V000014,101155,1,V000014,2514,529T|,202605,2026-05-28 00:00:00,2026-05-28 00:00:00,5,1189.60,0.00,1399.54,0.85,__NONE__,true,0.00,0.00,0.00,0.0,0.00,RPG012,STD,daily_trade_details,529 Plans
101156|1|V000014,101156,1,V000014,2563,529T|,202605,2026-05-28 00:00:00,2026-05-28 00:00:00,4,2164.49,0.00,2546.46,0.85,__NONE__,true,0.00,0.00,0.00,0.0,0.00,,STD,daily_trade_details,529 Plans
101157|1|V000014,101157,1,V000014,2549,DAF|,202605,2026-05-22 00:00:00,2026-05-22 00:00:00,4,2682.70,0.00,3156.11,0.85,__NONE__,true,0.00,0.00,0.00,0.0,0.00,RPG017,STD,daily_trade_details,Donor Advised Funds
101158|1|V000014,101158,1,V000014,2521,DAF|,202605,2026-05-21 00:00:00,2026-05-21 00:00:00,2,654.12,0.00,769.55,0.85,__NONE__,true,0.00,0.00,0.00,0.0,0.00,,STD,daily_trade_details,Donor Advised Funds
101159|1|V000014,101159,1,V000014,2563,STRT|,202605,2026-05-11 00:00:00,2026-05-11 00:00:00,4,2365.52,0.00,2782.96,0.85,__NONE__,true,0.00,0.00,0.00,0.0,0.00,,STD,daily_trade_details,Structured Products
101160|1|V000014,101160,1,V000014,2556,STRT|,202605,2026-05-27 00:00:00,2026-05-27 00:00:00,3,388.12,0.00,456.61,0.85,__NONE__,true,0.00,0.00,0.00,0.0,0.00,,STD,daily_trade_details,Structured Products
101161|1|V000014,101161,1,V000014,2514,ELIS|EQ,202605,2026-05-06 00:00:00,2026-05-06 00:00:00,3,1742.61,0.00,2050.13,0.85,__NONE__,true,0.00,0.00,0.00,0.0,0.00,RPG012,STD,daily_trade_details,Equities
101162|1|V000014,101162,1,V000014,2570,ELIS|EQ,202605,2026-05-06 00:00:00,2026-05-06 00:00:00,3,999.87,0.00,1176.32,0.85,__NONE__,true,0.00,0.00,0.00,0.0,0.00,RPG020,STD,daily_trade_details,Equities
101163|1|V000014,101163,1,V000014,2535,FMXX|,202605,2026-05-22 00:00:00,2026-05-22 00:00:00,1,2669.62,0.00,3140.73,0.85,__NONE__,true,0.00,0.00,0.00,0.0,0.00,,STD,daily_trade_details,Fixed Income – Municipal Bonds
101164|1|V000014,101164,1,V000014,2521,FMXX|,202605,2026-05-04 00:00:00,2026-05-04 00:00:00,3,648.86,0.00,763.37,0.85,__NONE__,true,0.00,0.00,0.00,0.0,0.00,,STD,daily_trade_details,Fixed Income – Municipal Bonds
101165|1|V000014,101165,1,V000014,2535,FGXX|,202605,2026-05-22 00:00:00,2026-05-22 00:00:00,1,823.69,0.00,969.05,0.85,__NONE__,true,0.00,0.00,0.00,0.0,0.00,,STD,daily_trade_details,Fixed Income – Government Bonds
101166|1|V000014,101166,1,V000014,2514,FGXX|,202605,2026-05-04 00:00:00,2026-05-04 00:00:00,4,1613.91,0.00,1898.72,0.85,__NONE__,true,0.00,0.00,0.00,0.0,0.00,RPG012,STD,daily_trade_details,Fixed Income – Government Bonds
101167|1|V000014,101167,1,V000014,2556,FCCD|,202605,2026-05-15 00:00:00,2026-05-15 00:00:00,4,1674.67,0.00,1970.20,0.85,__NONE__,true,0.00,0.00,0.00,0.0,0.00,,STD,daily_trade_details,Cash Management – Brokered CDs
101168|1|V000014,101168,1,V000014,2556,FCCD|,202605,2026-05-07 00:00:00,2026-05-07 00:00:00,2,2296.93,0.00,2702.27,0.85,__NONE__,true,0.00,0.00,0.00,0.0,0.00,,STD,daily_trade_details,Cash Management – Brokered CDs
101169|1|V000014,101169,1,V000014,2563,VARI|,202605,2026-05-21 00:00:00,2026-05-21 00:00:00,2,1825.59,0.00,2147.76,0.85,__NONE__,true,0.00,0.00,0.00,0.0,0.00,,STD,daily_trade_details,Life & Annuities — VARI
101170|1|V000014,101170,1,V000014,2542,VARI|,202605,2026-05-29 00:00:00,2026-05-29 00:00:00,4,523.11,0.00,615.43,0.85,__NONE__,true,0.00,0.00,0.00,0.0,0.00,RPG016,STD,daily_trade_details,Life & Annuities — VARI
101171|1|V000014,101171,1,V000014,2549,ALTI|,202605,2026-05-27 00:00:00,2026-05-27 00:00:00,1,864.73,0.00,1017.33,0.85,__NONE__,true,0.00,0.00,0.00,0.0,0.00,RPG017,STD,daily_trade_details,Alternative Investments
101172|1|V000014,101172,1,V000014,2556,ALTI|,202605,2026-05-08 00:00:00,2026-05-08 00:00:00,1,2062.34,0.00,2426.28,0.85,__NONE__,true,0.00,0.00,0.00,0.0,0.00,,STD,daily_trade_details,Alternative Investments
101173|1|V000014,101173,1,V000014,2570,DCCR|,202605,2026-05-14 00:00:00,2026-05-14 00:00:00,5,1810.47,0.00,2129.97,0.85,__NONE__,true,0.00,0.00,0.00,0.0,0.00,RPG020,STD,daily_trade_details,Defined Contribution Advisory
101174|1|V000014,101174,1,V000014,2514,DCCR|,202605,2026-05-29 00:00:00,2026-05-29 00:00:00,5,1843.34,0.00,2168.63,0.85,__NONE__,true,0.00,0.00,0.00,0.0,0.00,RPG012,STD,daily_trade_details,Defined Contribution Advisory
101175|1|V000014,101175,1,V000014,2570,LEND|SBL,202605,2026-05-26 00:00:00,2026-05-26 00:00:00,2,2114.00,0.00,2487.06,0.85,__NONE__,true,0.00,0.00,0.00,0.0,0.00,RPG020,STD,daily_trade_details,Lending – Security Based Lending
101176|1|V000014,101176,1,V000014,2556,LEND|SBL,202605,2026-05-01 00:00:00,2026-05-01 00:00:00,3,0.00,1507.03,1772.98,0.85,INELG,false,0.00,0.00,0.00,0.0,0.00,,STD,daily_trade_details,Lending – Security Based Lending
101177|1|V000014,101177,1,V000014,2528,EDK|,202605,2026-05-28 00:00:00,2026-05-28 00:00:00,4,894.40,0.00,1052.24,0.85,__NONE__,true,0.00,0.00,0.00,0.0,0.00,,STD,daily_trade_details,Referrals & Revenue Share – Everyday 401K
101178|1|V000014,101178,1,V000014,2514,EDK|,202605,2026-05-19 00:00:00,2026-05-19 00:00:00,5,2231.38,0.00,2625.15,0.85,__NONE__,true,0.00,0.00,0.00,0.0,0.00,RPG012,STD,daily_trade_details,Referrals & Revenue Share – Everyday 401K
101179|1|V000014,101179,1,V000014,2507,OIS1|,202606,2026-06-08 00:00:00,2026-06-08 00:00:00,4,1430.39,0.00,1682.81,0.85,__NONE__,true,0.00,0.00,0.00,0.0,0.00,RPG011,STD,daily_trade_details,Managed Accounts — OIS1
101180|1|V000014,101180,1,V000014,2521,JPMC|,202606,2026-06-08 00:00:00,2026-06-08 00:00:00,4,1254.35,0.00,1475.71,0.85,__NONE__,true,0.00,0.00,0.00,0.0,0.00,,STD,daily_trade_details,Managed Accounts — JPMC
101181|1|V000014,101181,1,V000014,2535,MAP|,202606,2026-06-11 00:00:00,2026-06-11 00:00:00,2,509.36,0.00,599.24,0.85,__NONE__,true,0.00,0.00,0.00,0.0,0.00,,STD,daily_trade_details,Managed Accounts — MAP
101182|1|V000014,101182,1,V000014,2535,UMA|,202606,2026-06-02 00:00:00,2026-06-02 00:00:00,2,631.28,0.00,742.68,0.85,__NONE__,true,0.00,0.00,0.00,0.0,0.00,,STD,daily_trade_details,Managed – Unified Managed Accounts
101183|1|V000014,101183,1,V000014,2535,ATMF|,202606,2026-06-01 00:00:00,2026-06-01 00:00:00,5,2489.98,0.00,2929.39,0.85,__NONE__,true,0.00,0.00,0.00,0.0,0.00,,STD,daily_trade_details,Trails – Mutual Funds
101184|1|V000014,101184,1,V000014,2542,ADVA|,202606,2026-06-05 00:00:00,2026-06-05 00:00:00,4,717.35,0.00,843.94,0.85,__NONE__,true,0.00,0.00,0.00,0.0,0.00,RPG016,STD,daily_trade_details,Trails – Life & Annuities — ADVA
101185|1|V000014,101185,1,V000014,2514,MMKT|,202606,2026-06-08 00:00:00,2026-06-08 00:00:00,3,1036.10,0.00,1218.94,0.85,__NONE__,true,0.00,0.00,0.00,0.0,0.00,RPG012,STD,daily_trade_details,Cash Management – Money Market Funds
101186|1|V000014,101186,1,V000014,2549,PRDP|,202606,2026-06-01 00:00:00,2026-06-01 00:00:00,2,2465.63,0.00,2900.74,0.85,__NONE__,true,0.00,0.00,0.00,0.0,0.00,RPG017,STD,daily_trade_details,Cash Management – Premium Deposits
101187|1|V000014,101187,1,V000014,2528,PCS|,202606,2026-06-10 00:00:00,2026-06-10 00:00:00,5,2029.91,0.00,2388.13,0.85,__NONE__,true,0.00,0.00,0.00,0.0,0.00,,STD,daily_trade_details,Referrals & Revenue Share – Situational Partnership
101188|1|V000014,101188,1,V000014,2563,529T|,202606,2026-06-01 00:00:00,2026-06-01 00:00:00,3,1185.61,0.00,1394.84,0.85,__NONE__,true,0.00,0.00,0.00,0.0,0.00,,STD,daily_trade_details,529 Plans
101189|1|V000014,101189,1,V000014,2556,DAF|,202606,2026-06-01 00:00:00,2026-06-01 00:00:00,4,1572.18,0.00,1849.62,0.85,__NONE__,true,0.00,0.00,0.00,0.0,0.00,,STD,daily_trade_details,Donor Advised Funds
101190|1|V000014,101190,1,V000014,2528,STRT|,202606,2026-06-04 00:00:00,2026-06-04 00:00:00,5,0.00,2401.59,2825.40,0.85,INELG,false,0.00,0.00,0.00,0.0,0.00,,STD,daily_trade_details,Structured Products
101191|1|V000014,101191,1,V000014,2521,ELIS|EQ,202606,2026-06-02 00:00:00,2026-06-02 00:00:00,5,1000.61,0.00,1177.19,0.85,__NONE__,true,0.00,0.00,0.00,0.0,0.00,,STD,daily_trade_details,Equities
101192|1|V000014,101192,1,V000014,2528,FMXX|,202606,2026-06-11 00:00:00,2026-06-11 00:00:00,2,2100.63,0.00,2471.33,0.85,__NONE__,true,0.00,0.00,0.00,0.0,0.00,,STD,daily_trade_details,Fixed Income – Municipal Bonds
101193|1|V000014,101193,1,V000014,2528,FGXX|,202606,2026-06-11 00:00:00,2026-06-11 00:00:00,4,1536.33,0.00,1807.45,0.85,__NONE__,true,0.00,0.00,0.00,0.0,0.00,,STD,daily_trade_details,Fixed Income – Government Bonds
101194|1|V000014,101194,1,V000014,2507,FCCD|,202606,2026-06-15 00:00:00,2026-06-15 00:00:00,3,302.30,0.00,355.65,0.85,__NONE__,true,0.00,0.00,0.00,0.0,0.00,RPG011,STD,daily_trade_details,Cash Management – Brokered CDs
101195|1|V000014,101195,1,V000014,2521,VARI|,202606,2026-06-10 00:00:00,2026-06-10 00:00:00,3,301.25,0.00,354.41,0.85,__NONE__,true,0.00,0.00,0.00,0.0,0.00,,STD,daily_trade_details,Life & Annuities — VARI
101196|1|V000014,101196,1,V000014,2570,ALTI|,202606,2026-06-08 00:00:00,2026-06-08 00:00:00,2,877.04,0.00,1031.82,0.85,__NONE__,true,0.00,0.00,0.00,0.0,0.00,RPG020,STD,daily_trade_details,Alternative Investments
101197|1|V000014,101197,1,V000014,2570,DCCR|,202606,2026-06-03 00:00:00,2026-06-03 00:00:00,5,2233.57,0.00,2627.73,0.85,__NONE__,true,0.00,0.00,0.00,0.0,0.00,RPG020,STD,daily_trade_details,Defined Contribution Advisory
101198|1|V000014,101198,1,V000014,2570,LEND|SBL,202606,2026-06-17 00:00:00,2026-06-17 00:00:00,1,460.85,0.00,542.18,0.85,__NONE__,true,0.00,0.00,0.00,0.0,0.00,RPG020,STD,daily_trade_details,Lending – Security Based Lending
101199|1|V000014,101199,1,V000014,2521,EDK|,202606,2026-06-09 00:00:00,2026-06-09 00:00:00,2,1967.67,0.00,2314.91,0.85,__NONE__,true,0.00,0.00,0.00,0.0,0.00,,STD,daily_trade_details,Referrals & Revenue Share – Everyday 401K
101200|1|V000015,101200,1,V000015,2640,OISC|,202604,2026-04-15 00:00:00,2026-04-15 00:00:00,3,1461.09,0.00,1718.93,0.85,__NONE__,true,0.00,0.00,0.00,0.0,0.00,,STD,daily_trade_details,Managed Accounts — OISC
101201|1|V000015,101201,1,V000015,2626,OISC|,202604,2026-04-15 00:00:00,2026-04-15 00:00:00,3,927.93,0.00,1091.68,0.85,__NONE__,true,0.00,0.00,0.00,0.0,0.00,RPG021,STD,daily_trade_details,Managed Accounts — OISC
101202|1|V000015,101202,1,V000015,2598,OIS1|,202604,2026-04-01 00:00:00,2026-04-01 00:00:00,2,1357.54,0.00,1597.10,0.85,__NONE__,true,0.00,0.00,0.00,0.0,0.00,,STD,daily_trade_details,Managed Accounts — OIS1
101203|1|V000015,101203,1,V000015,2577,OIS1|,202604,2026-04-08 00:00:00,2026-04-08 00:00:00,4,0.00,1700.21,2000.25,0.85,INELG,false,0.00,0.00,0.00,0.0,0.00,,STD,daily_trade_details,Managed Accounts — OIS1
101204|1|V000015,101204,1,V000015,2633,JPMC|,202604,2026-04-17 00:00:00,2026-04-17 00:00:00,5,2359.12,0.00,2775.43,0.85,__NONE__,true,0.00,0.00,0.00,0.0,0.00,RPG022,STD,daily_trade_details,Managed Accounts — JPMC
101205|1|V000015,101205,1,V000015,2584,JPMC|,202604,2026-04-03 00:00:00,2026-04-03 00:00:00,5,2110.80,0.00,2483.30,0.85,__NONE__,true,0.00,0.00,0.00,0.0,0.00,,STD,daily_trade_details,Managed Accounts — JPMC
101206|1|V000015,101206,1,V000015,2577,UMA|,202604,2026-04-21 00:00:00,2026-04-21 00:00:00,1,2352.92,0.00,2768.14,0.85,__NONE__,true,0.00,0.00,0.00,0.0,0.00,,STD,daily_trade_details,Managed – Unified Managed Accounts
101207|1|V000015,101207,1,V000015,2612,UMA|,202604,2026-04-28 00:00:00,2026-04-28 00:00:00,3,2535.69,0.00,2983.16,0.85,__NONE__,true,0.00,0.00,0.00,0.0,0.00,,STD,daily_trade_details,Managed – Unified Managed Accounts
101208|1|V000015,101208,1,V000015,2619,ADVA|,202604,2026-04-01 00:00:00,2026-04-01 00:00:00,1,707.53,0.00,832.39,0.85,__NONE__,true,0.00,0.00,0.00,0.0,0.00,,STD,daily_trade_details,Trails – Life & Annuities — ADVA
101209|1|V000015,101209,1,V000015,2626,ADVA|,202604,2026-04-01 00:00:00,2026-04-01 00:00:00,2,1152.11,0.00,1355.42,0.85,__NONE__,true,0.00,0.00,0.00,0.0,0.00,RPG021,STD,daily_trade_details,Trails – Life & Annuities — ADVA
101210|1|V000015,101210,1,V000015,2577,PRDP|,202604,2026-04-16 00:00:00,2026-04-16 00:00:00,2,2044.37,0.00,2405.14,0.85,__NONE__,true,0.00,0.00,0.00,0.0,0.00,,STD,daily_trade_details,Cash Management – Premium Deposits
101211|1|V000015,101211,1,V000015,2584,PRDP|,202604,2026-04-10 00:00:00,2026-04-10 00:00:00,2,2177.45,0.00,2561.70,0.85,__NONE__,true,0.00,0.00,0.00,0.0,0.00,,STD,daily_trade_details,Cash Management – Premium Deposits
101212|1|V000015,101212,1,V000015,2626,PCS|,202604,2026-04-28 00:00:00,2026-04-28 00:00:00,2,0.00,2524.78,2970.33,0.85,ADJ,false,0.00,0.00,0.00,0.0,0.00,RPG021,STD,daily_trade_details,Referrals & Revenue Share – Situational Partnership
101213|1|V000015,101213,1,V000015,2577,PCS|,202604,2026-04-17 00:00:00,2026-04-17 00:00:00,1,751.00,0.00,883.53,0.85,__NONE__,true,0.00,0.00,0.00,0.0,0.00,,STD,daily_trade_details,Referrals & Revenue Share – Situational Partnership
101214|1|V000015,101214,1,V000015,2605,DAF|,202604,2026-04-24 00:00:00,2026-04-24 00:00:00,2,1608.94,0.00,1892.86,0.85,__NONE__,true,0.00,0.00,0.00,0.0,0.00,,STD,daily_trade_details,Donor Advised Funds
101215|1|V000015,101215,1,V000015,2640,DAF|,202604,2026-04-08 00:00:00,2026-04-08 00:00:00,1,1846.00,0.00,2171.77,0.85,__NONE__,true,0.00,0.00,0.00,0.0,0.00,,STD,daily_trade_details,Donor Advised Funds
101216|1|V000015,101216,1,V000015,2640,MUFD|,202604,2026-04-13 00:00:00,2026-04-13 00:00:00,5,594.97,0.00,699.96,0.85,__NONE__,true,0.00,0.00,0.00,0.0,0.00,,STD,daily_trade_details,Mutual Funds
101217|1|V000015,101217,1,V000015,2598,MUFD|,202604,2026-04-13 00:00:00,2026-04-13 00:00:00,2,2326.31,0.00,2736.83,0.85,__NONE__,true,0.00,0.00,0.00,0.0,0.00,,STD,daily_trade_details,Mutual Funds
101218|1|V000015,101218,1,V000015,2577,FIX|,202604,2026-04-24 00:00:00,2026-04-24 00:00:00,5,2581.49,0.00,3037.04,0.85,__NONE__,true,0.00,0.00,0.00,0.0,0.00,,STD,daily_trade_details,Life & Annuities — FIX
101219|1|V000015,101219,1,V000015,2605,FIX|,202604,2026-04-01 00:00:00,2026-04-01 00:00:00,4,1865.56,0.00,2194.78,0.85,__NONE__,true,0.00,0.00,0.00,0.0,0.00,,STD,daily_trade_details,Life & Annuities — FIX
101220|1|V000015,101220,1,V000015,2577,VARI|,202604,2026-04-20 00:00:00,2026-04-20 00:00:00,3,2263.88,0.00,2663.39,0.85,__NONE__,true,0.00,0.00,0.00,0.0,0.00,,STD,daily_trade_details,Life & Annuities — VARI
101221|1|V000015,101221,1,V000015,2584,VARI|,202604,2026-04-16 00:00:00,2026-04-16 00:00:00,5,1864.40,0.00,2193.41,0.85,__NONE__,true,0.00,0.00,0.00,0.0,0.00,,STD,daily_trade_details,Life & Annuities — VARI
101222|1|V000015,101222,1,V000015,2577,LIFE|,202604,2026-04-13 00:00:00,2026-04-13 00:00:00,4,2332.75,0.00,2744.41,0.85,__NONE__,true,0.00,0.00,0.00,0.0,0.00,,STD,daily_trade_details,Life & Annuities — LIFE
101223|1|V000015,101223,1,V000015,2633,LIFE|,202604,2026-04-15 00:00:00,2026-04-15 00:00:00,1,0.00,1332.38,1567.51,0.85,INELG,false,0.00,0.00,0.00,0.0,0.00,RPG022,STD,daily_trade_details,Life & Annuities — LIFE
101224|1|V000015,101224,1,V000015,2640,DCCR|,202604,2026-04-10 00:00:00,2026-04-10 00:00:00,4,2157.65,0.00,2538.41,0.85,__NONE__,true,0.00,0.00,0.00,0.0,0.00,,STD,daily_trade_details,Defined Contribution Advisory
101225|1|V000015,101225,1,V000015,2584,DCCR|,202604,2026-04-15 00:00:00,2026-04-15 00:00:00,3,2409.09,0.00,2834.22,0.85,__NONE__,true,0.00,0.00,0.00,0.0,0.00,,STD,daily_trade_details,Defined Contribution Advisory
101226|1|V000015,101226,1,V000015,2584,LEND|SBL,202604,2026-04-22 00:00:00,2026-04-22 00:00:00,4,1739.79,0.00,2046.81,0.85,__NONE__,true,0.00,0.00,0.00,0.0,0.00,,STD,daily_trade_details,Lending – Security Based Lending
101227|1|V000015,101227,1,V000015,2577,LEND|SBL,202604,2026-04-15 00:00:00,2026-04-15 00:00:00,3,1662.82,0.00,1956.26,0.85,__NONE__,true,0.00,0.00,0.00,0.0,0.00,,STD,daily_trade_details,Lending – Security Based Lending
101228|1|V000015,101228,1,V000015,2598,OISC|,202605,2026-05-15 00:00:00,2026-05-15 00:00:00,1,567.21,0.00,667.31,0.85,__NONE__,true,0.00,0.00,0.00,0.0,0.00,,STD,daily_trade_details,Managed Accounts — OISC
101229|1|V000015,101229,1,V000015,2612,OISC|,202605,2026-05-05 00:00:00,2026-05-05 00:00:00,5,1547.59,0.00,1820.69,0.85,__NONE__,true,0.00,0.00,0.00,0.0,0.00,,STD,daily_trade_details,Managed Accounts — OISC
101230|1|V000015,101230,1,V000015,2640,OIS1|,202605,2026-05-21 00:00:00,2026-05-21 00:00:00,5,1354.42,0.00,1593.43,0.85,__NONE__,true,0.00,0.00,0.00,0.0,0.00,,STD,daily_trade_details,Managed Accounts — OIS1
101231|1|V000015,101231,1,V000015,2584,OIS1|,202605,2026-05-04 00:00:00,2026-05-04 00:00:00,4,514.12,0.00,604.84,0.85,__NONE__,true,0.00,0.00,0.00,0.0,0.00,,STD,daily_trade_details,Managed Accounts — OIS1
101232|1|V000015,101232,1,V000015,2612,JPMC|,202605,2026-05-07 00:00:00,2026-05-07 00:00:00,1,2429.34,0.00,2858.05,0.85,__NONE__,true,0.00,0.00,0.00,0.0,0.00,,STD,daily_trade_details,Managed Accounts — JPMC
101233|1|V000015,101233,1,V000015,2626,JPMC|,202605,2026-05-20 00:00:00,2026-05-20 00:00:00,1,440.92,0.00,518.74,0.85,__NONE__,true,0.00,0.00,0.00,0.0,0.00,RPG021,STD,daily_trade_details,Managed Accounts — JPMC
101234|1|V000015,101234,1,V000015,2584,UMA|,202605,2026-05-14 00:00:00,2026-05-14 00:00:00,4,1923.44,0.00,2262.87,0.85,__NONE__,true,0.00,0.00,0.00,0.0,0.00,,STD,daily_trade_details,Managed – Unified Managed Accounts
101235|1|V000015,101235,1,V000015,2619,UMA|,202605,2026-05-12 00:00:00,2026-05-12 00:00:00,5,538.62,0.00,633.68,0.85,__NONE__,true,0.00,0.00,0.00,0.0,0.00,,STD,daily_trade_details,Managed – Unified Managed Accounts
101236|1|V000015,101236,1,V000015,2640,ADVA|,202605,2026-05-20 00:00:00,2026-05-20 00:00:00,5,335.75,0.00,395.00,0.85,__NONE__,true,0.00,0.00,0.00,0.0,0.00,,STD,daily_trade_details,Trails – Life & Annuities — ADVA
101237|1|V000015,101237,1,V000015,2640,ADVA|,202605,2026-05-01 00:00:00,2026-05-01 00:00:00,4,551.59,0.00,648.93,0.85,__NONE__,true,0.00,0.00,0.00,0.0,0.00,,STD,daily_trade_details,Trails – Life & Annuities — ADVA
101238|1|V000015,101238,1,V000015,2633,PRDP|,202605,2026-05-06 00:00:00,2026-05-06 00:00:00,1,1091.77,0.00,1284.43,0.85,__NONE__,true,0.00,0.00,0.00,0.0,0.00,RPG022,STD,daily_trade_details,Cash Management – Premium Deposits
101239|1|V000015,101239,1,V000015,2640,PRDP|,202605,2026-05-11 00:00:00,2026-05-11 00:00:00,5,2008.51,0.00,2362.95,0.85,__NONE__,true,0.00,0.00,0.00,0.0,0.00,,STD,daily_trade_details,Cash Management – Premium Deposits
101240|1|V000015,101240,1,V000015,2591,PCS|,202605,2026-05-20 00:00:00,2026-05-20 00:00:00,4,1827.74,0.00,2150.29,0.85,__NONE__,true,0.00,0.00,0.00,0.0,0.00,,STD,daily_trade_details,Referrals & Revenue Share – Situational Partnership
101241|1|V000015,101241,1,V000015,2640,PCS|,202605,2026-05-04 00:00:00,2026-05-04 00:00:00,1,1368.93,0.00,1610.50,0.85,__NONE__,true,0.00,0.00,0.00,0.0,0.00,,STD,daily_trade_details,Referrals & Revenue Share – Situational Partnership
101242|1|V000015,101242,1,V000015,2591,DAF|,202605,2026-05-30 00:00:00,2026-05-30 00:00:00,3,1052.42,0.00,1238.14,0.85,__NONE__,true,0.00,0.00,0.00,0.0,0.00,,STD,daily_trade_details,Donor Advised Funds
101243|1|V000015,101243,1,V000015,2605,DAF|,202605,2026-05-07 00:00:00,2026-05-07 00:00:00,2,1699.92,0.00,1999.90,0.85,__NONE__,true,0.00,0.00,0.00,0.0,0.00,,STD,daily_trade_details,Donor Advised Funds
101244|1|V000015,101244,1,V000015,2626,MUFD|,202605,2026-05-18 00:00:00,2026-05-18 00:00:00,1,1045.30,0.00,1229.76,0.85,__NONE__,true,0.00,0.00,0.00,0.0,0.00,RPG021,STD,daily_trade_details,Mutual Funds
101245|1|V000015,101245,1,V000015,2633,MUFD|,202605,2026-05-04 00:00:00,2026-05-04 00:00:00,2,1706.52,0.00,2007.67,0.85,__NONE__,true,0.00,0.00,0.00,0.0,0.00,RPG022,STD,daily_trade_details,Mutual Funds
101246|1|V000015,101246,1,V000015,2633,FIX|,202605,2026-05-04 00:00:00,2026-05-04 00:00:00,4,2260.57,0.00,2659.49,0.85,__NONE__,true,0.00,0.00,0.00,0.0,0.00,RPG022,STD,daily_trade_details,Life & Annuities — FIX
101247|1|V000015,101247,1,V000015,2612,FIX|,202605,2026-05-11 00:00:00,2026-05-11 00:00:00,1,775.67,0.00,912.55,0.85,__NONE__,true,0.00,0.00,0.00,0.0,0.00,,STD,daily_trade_details,Life & Annuities — FIX
101248|1|V000015,101248,1,V000015,2612,VARI|,202605,2026-05-21 00:00:00,2026-05-21 00:00:00,5,761.26,0.00,895.60,0.85,__NONE__,true,0.00,0.00,0.00,0.0,0.00,,STD,daily_trade_details,Life & Annuities — VARI
101249|1|V000015,101249,1,V000015,2612,VARI|,202605,2026-05-15 00:00:00,2026-05-15 00:00:00,5,2338.71,0.00,2751.42,0.85,__NONE__,true,0.00,0.00,0.00,0.0,0.00,,STD,daily_trade_details,Life & Annuities — VARI
101250|1|V000015,101250,1,V000015,2605,LIFE|,202605,2026-05-21 00:00:00,2026-05-21 00:00:00,1,1307.20,0.00,1537.89,0.85,__NONE__,true,0.00,0.00,0.00,0.0,0.00,,STD,daily_trade_details,Life & Annuities — LIFE
101251|1|V000015,101251,1,V000015,2626,LIFE|,202605,2026-05-12 00:00:00,2026-05-12 00:00:00,4,0.00,832.80,979.76,0.85,INELG,false,0.00,0.00,0.00,0.0,0.00,RPG021,STD,daily_trade_details,Life & Annuities — LIFE
101252|1|V000015,101252,1,V000015,2640,DCCR|,202605,2026-05-15 00:00:00,2026-05-15 00:00:00,4,817.88,0.00,962.21,0.85,__NONE__,true,0.00,0.00,0.00,0.0,0.00,,STD,daily_trade_details,Defined Contribution Advisory
101253|1|V000015,101253,1,V000015,2598,DCCR|,202605,2026-05-01 00:00:00,2026-05-01 00:00:00,3,1263.44,0.00,1486.40,0.85,__NONE__,true,0.00,0.00,0.00,0.0,0.00,,STD,daily_trade_details,Defined Contribution Advisory
101254|1|V000015,101254,1,V000015,2577,LEND|SBL,202605,2026-05-07 00:00:00,2026-05-07 00:00:00,3,0.00,486.02,571.78,0.85,INELG,false,0.00,0.00,0.00,0.0,0.00,,STD,daily_trade_details,Lending – Security Based Lending
101255|1|V000015,101255,1,V000015,2626,LEND|SBL,202605,2026-05-18 00:00:00,2026-05-18 00:00:00,1,773.28,0.00,909.74,0.85,__NONE__,true,0.00,0.00,0.00,0.0,0.00,RPG021,STD,daily_trade_details,Lending – Security Based Lending
101256|1|V000015,101256,1,V000015,2577,OISC|,202606,2026-06-04 00:00:00,2026-06-04 00:00:00,3,757.98,0.00,891.74,0.85,__NONE__,true,0.00,0.00,0.00,0.0,0.00,,STD,daily_trade_details,Managed Accounts — OISC
101257|1|V000015,101257,1,V000015,2591,OIS1|,202606,2026-06-03 00:00:00,2026-06-03 00:00:00,2,1081.58,0.00,1272.45,0.85,__NONE__,true,0.00,0.00,0.00,0.0,0.00,,STD,daily_trade_details,Managed Accounts — OIS1
101258|1|V000015,101258,1,V000015,2577,JPMC|,202606,2026-06-02 00:00:00,2026-06-02 00:00:00,1,704.98,0.00,829.39,0.85,__NONE__,true,0.00,0.00,0.00,0.0,0.00,,STD,daily_trade_details,Managed Accounts — JPMC
101259|1|V000015,101259,1,V000015,2591,UMA|,202606,2026-06-02 00:00:00,2026-06-02 00:00:00,3,1171.52,0.00,1378.26,0.85,__NONE__,true,0.00,0.00,0.00,0.0,0.00,,STD,daily_trade_details,Managed – Unified Managed Accounts
101260|1|V000015,101260,1,V000015,2598,ADVA|,202606,2026-06-08 00:00:00,2026-06-08 00:00:00,2,1001.67,0.00,1178.43,0.85,__NONE__,true,0.00,0.00,0.00,0.0,0.00,,STD,daily_trade_details,Trails – Life & Annuities — ADVA
101261|1|V000015,101261,1,V000015,2633,PRDP|,202606,2026-06-09 00:00:00,2026-06-09 00:00:00,1,2547.33,0.00,2996.86,0.85,__NONE__,true,0.00,0.00,0.00,0.0,0.00,RPG022,STD,daily_trade_details,Cash Management – Premium Deposits
101262|1|V000015,101262,1,V000015,2584,PCS|,202606,2026-06-04 00:00:00,2026-06-04 00:00:00,2,632.19,0.00,743.76,0.85,__NONE__,true,0.00,0.00,0.00,0.0,0.00,,STD,daily_trade_details,Referrals & Revenue Share – Situational Partnership
101263|1|V000015,101263,1,V000015,2633,DAF|,202606,2026-06-15 00:00:00,2026-06-15 00:00:00,4,1169.85,0.00,1376.29,0.85,__NONE__,true,0.00,0.00,0.00,0.0,0.00,RPG022,STD,daily_trade_details,Donor Advised Funds
101264|1|V000015,101264,1,V000015,2598,MUFD|,202606,2026-06-15 00:00:00,2026-06-15 00:00:00,2,2418.33,0.00,2845.10,0.85,__NONE__,true,0.00,0.00,0.00,0.0,0.00,,STD,daily_trade_details,Mutual Funds
101265|1|V000015,101265,1,V000015,2633,FIX|,202606,2026-06-04 00:00:00,2026-06-04 00:00:00,1,976.62,0.00,1148.97,0.85,__NONE__,true,0.00,0.00,0.00,0.0,0.00,RPG022,STD,daily_trade_details,Life & Annuities — FIX
101266|1|V000015,101266,1,V000015,2605,VARI|,202606,2026-06-15 00:00:00,2026-06-15 00:00:00,4,2307.56,0.00,2714.77,0.85,__NONE__,true,0.00,0.00,0.00,0.0,0.00,,STD,daily_trade_details,Life & Annuities — VARI
101267|1|V000015,101267,1,V000015,2598,LIFE|,202606,2026-06-16 00:00:00,2026-06-16 00:00:00,5,1972.79,0.00,2320.93,0.85,__NONE__,true,0.00,0.00,0.00,0.0,0.00,,STD,daily_trade_details,Life & Annuities — LIFE
101268|1|V000015,101268,1,V000015,2584,DCCR|,202606,2026-06-16 00:00:00,2026-06-16 00:00:00,5,685.10,0.00,806.00,0.85,__NONE__,true,0.00,0.00,0.00,0.0,0.00,,STD,daily_trade_details,Defined Contribution Advisory
101269|1|V000015,101269,1,V000015,2612,LEND|SBL,202606,2026-06-08 00:00:00,2026-06-08 00:00:00,3,1446.75,0.00,1702.06,0.85,__NONE__,true,0.00,0.00,0.00,0.0,0.00,,STD,daily_trade_details,Lending – Security Based Lending
101270|1|V000016,101270,1,V000016,2703,OISC|,202604,2026-04-22 00:00:00,2026-04-22 00:00:00,4,1897.37,0.00,2232.20,0.85,__NONE__,true,0.00,0.00,0.00,0.0,0.00,RPG025,STD,daily_trade_details,Managed Accounts — OISC
101271|1|V000016,101271,1,V000016,2675,OISC|,202604,2026-04-27 00:00:00,2026-04-27 00:00:00,1,1636.73,0.00,1925.56,0.85,__NONE__,true,0.00,0.00,0.00,0.0,0.00,,STD,daily_trade_details,Managed Accounts — OISC
101272|1|V000016,101272,1,V000016,2668,OIS1|,202604,2026-04-10 00:00:00,2026-04-10 00:00:00,4,804.91,0.00,946.95,0.85,__NONE__,true,0.00,0.00,0.00,0.0,0.00,,STD,daily_trade_details,Managed Accounts — OIS1
101273|1|V000016,101273,1,V000016,2668,OIS1|,202604,2026-04-27 00:00:00,2026-04-27 00:00:00,2,1003.80,0.00,1180.94,0.85,__NONE__,true,0.00,0.00,0.00,0.0,0.00,,STD,daily_trade_details,Managed Accounts — OIS1
101274|1|V000016,101274,1,V000016,2682,JPMC|,202604,2026-04-03 00:00:00,2026-04-03 00:00:00,3,885.42,0.00,1041.67,0.85,__NONE__,true,0.00,0.00,0.00,0.0,0.00,RPG022,STD,daily_trade_details,Managed Accounts — JPMC
101275|1|V000016,101275,1,V000016,2696,JPMC|,202604,2026-04-02 00:00:00,2026-04-02 00:00:00,4,1493.29,0.00,1756.81,0.85,__NONE__,true,0.00,0.00,0.00,0.0,0.00,RPG024,STD,daily_trade_details,Managed Accounts — JPMC
101276|1|V000016,101276,1,V000016,2703,UMA|,202604,2026-04-21 00:00:00,2026-04-21 00:00:00,4,1728.59,0.00,2033.63,0.85,__NONE__,true,0.00,0.00,0.00,0.0,0.00,RPG025,STD,daily_trade_details,Managed – Unified Managed Accounts
101277|1|V000016,101277,1,V000016,2689,UMA|,202604,2026-04-13 00:00:00,2026-04-13 00:00:00,4,1145.28,0.00,1347.39,0.85,__NONE__,true,0.00,0.00,0.00,0.0,0.00,,STD,daily_trade_details,Managed – Unified Managed Accounts
101278|1|V000016,101278,1,V000016,2647,ATMF|,202604,2026-04-29 00:00:00,2026-04-29 00:00:00,1,713.00,0.00,838.82,0.85,__NONE__,true,0.00,0.00,0.00,0.0,0.00,RPG017,STD,daily_trade_details,Trails – Mutual Funds
101279|1|V000016,101279,1,V000016,2682,ATMF|,202604,2026-04-23 00:00:00,2026-04-23 00:00:00,5,2373.39,0.00,2792.23,0.85,__NONE__,true,0.00,0.00,0.00,0.0,0.00,RPG022,STD,daily_trade_details,Trails – Mutual Funds
101280|1|V000016,101280,1,V000016,2703,PCS|,202604,2026-04-10 00:00:00,2026-04-10 00:00:00,1,1780.41,0.00,2094.59,0.85,__NONE__,true,0.00,0.00,0.00,0.0,0.00,RPG025,STD,daily_trade_details,Referrals & Revenue Share – Situational Partnership
101281|1|V000016,101281,1,V000016,2654,PCS|,202604,2026-04-15 00:00:00,2026-04-15 00:00:00,2,0.00,464.10,546.00,0.85,INELG,false,0.00,0.00,0.00,0.0,0.00,,STD,daily_trade_details,Referrals & Revenue Share – Situational Partnership
101282|1|V000016,101282,1,V000016,2682,STRT|,202604,2026-04-13 00:00:00,2026-04-13 00:00:00,2,875.05,0.00,1029.48,0.85,__NONE__,true,0.00,0.00,0.00,0.0,0.00,RPG022,STD,daily_trade_details,Structured Products
101283|1|V000016,101283,1,V000016,2710,STRT|,202604,2026-04-24 00:00:00,2026-04-24 00:00:00,3,2595.39,0.00,3053.40,0.85,__NONE__,true,0.00,0.00,0.00,0.0,0.00,,STD,daily_trade_details,Structured Products
101284|1|V000016,101284,1,V000016,2647,MUFD|,202604,2026-04-16 00:00:00,2026-04-16 00:00:00,4,2071.18,0.00,2436.68,0.85,__NONE__,true,0.00,0.00,0.00,0.0,0.00,RPG017,STD,daily_trade_details,Mutual Funds
101285|1|V000016,101285,1,V000016,2689,MUFD|,202604,2026-04-01 00:00:00,2026-04-01 00:00:00,4,2190.28,0.00,2576.80,0.85,__NONE__,true,0.00,0.00,0.00,0.0,0.00,,STD,daily_trade_details,Mutual Funds
101286|1|V000016,101286,1,V000016,2703,FCXX|,202604,2026-04-17 00:00:00,2026-04-17 00:00:00,2,2575.33,0.00,3029.80,0.85,__NONE__,true,0.00,0.00,0.00,0.0,0.00,RPG025,STD,daily_trade_details,Fixed Income – Corporate Bonds
101287|1|V000016,101287,1,V000016,2668,FCXX|,202604,2026-04-10 00:00:00,2026-04-10 00:00:00,5,1963.67,0.00,2310.20,0.85,__NONE__,true,0.00,0.00,0.00,0.0,0.00,,STD,daily_trade_details,Fixed Income – Corporate Bonds
101288|1|V000016,101288,1,V000016,2710,FGXX|,202604,2026-04-21 00:00:00,2026-04-21 00:00:00,3,2107.74,0.00,2479.70,0.85,__NONE__,true,0.00,0.00,0.00,0.0,0.00,,STD,daily_trade_details,Fixed Income – Government Bonds
101289|1|V000016,101289,1,V000016,2654,FGXX|,202604,2026-04-20 00:00:00,2026-04-20 00:00:00,2,1020.07,0.00,1200.08,0.85,__NONE__,true,0.00,0.00,0.00,0.0,0.00,,STD,daily_trade_details,Fixed Income – Government Bonds
101290|1|V000016,101290,1,V000016,2696,FCOT|,202604,2026-04-16 00:00:00,2026-04-16 00:00:00,2,1334.94,0.00,1570.51,0.85,__NONE__,true,0.00,0.00,0.00,0.0,0.00,RPG024,STD,daily_trade_details,Fixed Income – Other
101291|1|V000016,101291,1,V000016,2710,FCOT|,202604,2026-04-01 00:00:00,2026-04-01 00:00:00,4,2309.63,0.00,2717.21,0.85,__NONE__,true,0.00,0.00,0.00,0.0,0.00,,STD,daily_trade_details,Fixed Income – Other
101292|1|V000016,101292,1,V000016,2682,VARI|,202604,2026-04-17 00:00:00,2026-04-17 00:00:00,5,1081.59,0.00,1272.46,0.85,__NONE__,true,0.00,0.00,0.00,0.0,0.00,RPG022,STD,daily_trade_details,Life & Annuities — VARI
101293|1|V000016,101293,1,V000016,2675,VARI|,202604,2026-04-07 00:00:00,2026-04-07 00:00:00,2,0.00,1049.98,1235.27,0.85,INELG,false,0.00,0.00,0.00,0.0,0.00,,STD,daily_trade_details,Life & Annuities — VARI
101294|1|V000016,101294,1,V000016,2682,LIFE|,202604,2026-04-28 00:00:00,2026-04-28 00:00:00,5,1606.84,0.00,1890.40,0.85,__NONE__,true,0.00,0.00,0.00,0.0,0.00,RPG022,STD,daily_trade_details,Life & Annuities — LIFE
101295|1|V000016,101295,1,V000016,2689,LIFE|,202604,2026-04-17 00:00:00,2026-04-17 00:00:00,1,2554.40,0.00,3005.17,0.85,__NONE__,true,0.00,0.00,0.00,0.0,0.00,,STD,daily_trade_details,Life & Annuities — LIFE
101296|1|V000016,101296,1,V000016,2703,ALTI|,202604,2026-04-15 00:00:00,2026-04-15 00:00:00,5,1188.80,0.00,1398.59,0.85,__NONE__,true,0.00,0.00,0.00,0.0,0.00,RPG025,STD,daily_trade_details,Alternative Investments
101297|1|V000016,101297,1,V000016,2696,ALTI|,202604,2026-04-08 00:00:00,2026-04-08 00:00:00,1,1769.71,0.00,2082.01,0.85,__NONE__,true,0.00,0.00,0.00,0.0,0.00,RPG024,STD,daily_trade_details,Alternative Investments
101298|1|V000016,101298,1,V000016,2703,LEND|SBL,202604,2026-04-28 00:00:00,2026-04-28 00:00:00,4,708.56,0.00,833.60,0.85,__NONE__,true,0.00,0.00,0.00,0.0,0.00,RPG025,STD,daily_trade_details,Lending – Security Based Lending
101299|1|V000016,101299,1,V000016,2647,LEND|SBL,202604,2026-04-17 00:00:00,2026-04-17 00:00:00,3,729.39,0.00,858.11,0.85,__NONE__,true,0.00,0.00,0.00,0.0,0.00,RPG017,STD,daily_trade_details,Lending – Security Based Lending
101300|1|V000016,101300,1,V000016,2668,OISC|,202605,2026-05-05 00:00:00,2026-05-05 00:00:00,4,865.25,0.00,1017.94,0.85,__NONE__,true,0.00,0.00,0.00,0.0,0.00,,STD,daily_trade_details,Managed Accounts — OISC
101301|1|V000016,101301,1,V000016,2647,OISC|,202605,2026-05-20 00:00:00,2026-05-20 00:00:00,4,0.00,1188.08,1397.74,0.85,ADJ,false,0.00,0.00,0.00,0.0,0.00,RPG017,STD,daily_trade_details,Managed Accounts — OISC
101302|1|V000016,101302,1,V000016,2661,OIS1|,202605,2026-05-20 00:00:00,2026-05-20 00:00:00,4,2666.23,0.00,3136.74,0.85,__NONE__,true,0.00,0.00,0.00,0.0,0.00,RPG019,STD,daily_trade_details,Managed Accounts — OIS1
101303|1|V000016,101303,1,V000016,2654,OIS1|,202605,2026-05-11 00:00:00,2026-05-11 00:00:00,2,1236.50,0.00,1454.70,0.85,__NONE__,true,0.00,0.00,0.00,0.0,0.00,,STD,daily_trade_details,Managed Accounts — OIS1
101304|1|V000016,101304,1,V000016,2668,JPMC|,202605,2026-05-22 00:00:00,2026-05-22 00:00:00,2,1047.88,0.00,1232.80,0.85,__NONE__,true,0.00,0.00,0.00,0.0,0.00,,STD,daily_trade_details,Managed Accounts — JPMC
101305|1|V000016,101305,1,V000016,2710,JPMC|,202605,2026-05-11 00:00:00,2026-05-11 00:00:00,5,1679.51,0.00,1975.89,0.85,__NONE__,true,0.00,0.00,0.00,0.0,0.00,,STD,daily_trade_details,Managed Accounts — JPMC
101306|1|V000016,101306,1,V000016,2696,UMA|,202605,2026-05-21 00:00:00,2026-05-21 00:00:00,1,0.00,966.19,1136.69,0.85,INELG,false,0.00,0.00,0.00,0.0,0.00,RPG024,STD,daily_trade_details,Managed – Unified Managed Accounts
101307|1|V000016,101307,1,V000016,2689,UMA|,202605,2026-05-15 00:00:00,2026-05-15 00:00:00,5,1750.34,0.00,2059.23,0.85,__NONE__,true,0.00,0.00,0.00,0.0,0.00,,STD,daily_trade_details,Managed – Unified Managed Accounts
101308|1|V000016,101308,1,V000016,2696,ATMF|,202605,2026-05-05 00:00:00,2026-05-05 00:00:00,3,1406.02,0.00,1654.14,0.85,__NONE__,true,0.00,0.00,0.00,0.0,0.00,RPG024,STD,daily_trade_details,Trails – Mutual Funds
101309|1|V000016,101309,1,V000016,2696,ATMF|,202605,2026-05-14 00:00:00,2026-05-14 00:00:00,4,1136.01,0.00,1336.49,0.85,__NONE__,true,0.00,0.00,0.00,0.0,0.00,RPG024,STD,daily_trade_details,Trails – Mutual Funds
101310|1|V000016,101310,1,V000016,2710,PCS|,202605,2026-05-20 00:00:00,2026-05-20 00:00:00,2,2270.67,0.00,2671.38,0.85,__NONE__,true,0.00,0.00,0.00,0.0,0.00,,STD,daily_trade_details,Referrals & Revenue Share – Situational Partnership
101311|1|V000016,101311,1,V000016,2661,PCS|,202605,2026-05-21 00:00:00,2026-05-21 00:00:00,4,2452.87,0.00,2885.72,0.85,__NONE__,true,0.00,0.00,0.00,0.0,0.00,RPG019,STD,daily_trade_details,Referrals & Revenue Share – Situational Partnership
101312|1|V000016,101312,1,V000016,2661,STRT|,202605,2026-05-04 00:00:00,2026-05-04 00:00:00,2,1973.33,0.00,2321.57,0.85,__NONE__,true,0.00,0.00,0.00,0.0,0.00,RPG019,STD,daily_trade_details,Structured Products
101313|1|V000016,101313,1,V000016,2661,STRT|,202605,2026-05-14 00:00:00,2026-05-14 00:00:00,1,962.22,0.00,1132.03,0.85,__NONE__,true,0.00,0.00,0.00,0.0,0.00,RPG019,STD,daily_trade_details,Structured Products
101314|1|V000016,101314,1,V000016,2668,MUFD|,202605,2026-05-27 00:00:00,2026-05-27 00:00:00,1,2473.75,0.00,2910.29,0.85,__NONE__,true,0.00,0.00,0.00,0.0,0.00,,STD,daily_trade_details,Mutual Funds
101315|1|V000016,101315,1,V000016,2682,MUFD|,202605,2026-05-15 00:00:00,2026-05-15 00:00:00,4,492.69,0.00,579.63,0.85,__NONE__,true,0.00,0.00,0.00,0.0,0.00,RPG022,STD,daily_trade_details,Mutual Funds
101316|1|V000016,101316,1,V000016,2696,FCXX|,202605,2026-05-04 00:00:00,2026-05-04 00:00:00,4,702.90,0.00,826.94,0.85,__NONE__,true,0.00,0.00,0.00,0.0,0.00,RPG024,STD,daily_trade_details,Fixed Income – Corporate Bonds
101317|1|V000016,101317,1,V000016,2647,FCXX|,202605,2026-05-21 00:00:00,2026-05-21 00:00:00,4,484.74,0.00,570.28,0.85,__NONE__,true,0.00,0.00,0.00,0.0,0.00,RPG017,STD,daily_trade_details,Fixed Income – Corporate Bonds
101318|1|V000016,101318,1,V000016,2682,FGXX|,202605,2026-05-19 00:00:00,2026-05-19 00:00:00,1,2086.25,0.00,2454.41,0.85,__NONE__,true,0.00,0.00,0.00,0.0,0.00,RPG022,STD,daily_trade_details,Fixed Income – Government Bonds
101319|1|V000016,101319,1,V000016,2647,FGXX|,202605,2026-05-07 00:00:00,2026-05-07 00:00:00,3,907.07,0.00,1067.14,0.85,__NONE__,true,0.00,0.00,0.00,0.0,0.00,RPG017,STD,daily_trade_details,Fixed Income – Government Bonds
101320|1|V000016,101320,1,V000016,2696,FCOT|,202605,2026-05-27 00:00:00,2026-05-27 00:00:00,2,1464.47,0.00,1722.91,0.85,__NONE__,true,0.00,0.00,0.00,0.0,0.00,RPG024,STD,daily_trade_details,Fixed Income – Other
101321|1|V000016,101321,1,V000016,2696,FCOT|,202605,2026-05-08 00:00:00,2026-05-08 00:00:00,2,644.38,0.00,758.09,0.85,__NONE__,true,0.00,0.00,0.00,0.0,0.00,RPG024,STD,daily_trade_details,Fixed Income – Other
101322|1|V000016,101322,1,V000016,2647,VARI|,202605,2026-05-06 00:00:00,2026-05-06 00:00:00,5,1755.44,0.00,2065.22,0.85,__NONE__,true,0.00,0.00,0.00,0.0,0.00,RPG017,STD,daily_trade_details,Life & Annuities — VARI
101323|1|V000016,101323,1,V000016,2689,VARI|,202605,2026-05-01 00:00:00,2026-05-01 00:00:00,3,711.50,0.00,837.06,0.85,__NONE__,true,0.00,0.00,0.00,0.0,0.00,,STD,daily_trade_details,Life & Annuities — VARI
101324|1|V000016,101324,1,V000016,2661,LIFE|,202605,2026-05-04 00:00:00,2026-05-04 00:00:00,5,1359.49,0.00,1599.40,0.85,__NONE__,true,0.00,0.00,0.00,0.0,0.00,RPG019,STD,daily_trade_details,Life & Annuities — LIFE
101325|1|V000016,101325,1,V000016,2668,LIFE|,202605,2026-05-19 00:00:00,2026-05-19 00:00:00,3,0.00,1362.82,1603.32,0.85,INELG,false,0.00,0.00,0.00,0.0,0.00,,STD,daily_trade_details,Life & Annuities — LIFE
101326|1|V000016,101326,1,V000016,2696,ALTI|,202605,2026-05-11 00:00:00,2026-05-11 00:00:00,2,0.00,435.27,512.09,0.85,ADJ,false,0.00,0.00,0.00,0.0,0.00,RPG024,STD,daily_trade_details,Alternative Investments
101327|1|V000016,101327,1,V000016,2682,ALTI|,202605,2026-05-01 00:00:00,2026-05-01 00:00:00,4,2473.79,0.00,2910.35,0.85,__NONE__,true,0.00,0.00,0.00,0.0,0.00,RPG022,STD,daily_trade_details,Alternative Investments
101328|1|V000016,101328,1,V000016,2647,LEND|SBL,202605,2026-05-11 00:00:00,2026-05-11 00:00:00,1,2665.51,0.00,3135.89,0.85,__NONE__,true,0.00,0.00,0.00,0.0,0.00,RPG017,STD,daily_trade_details,Lending – Security Based Lending
101329|1|V000016,101329,1,V000016,2668,LEND|SBL,202605,2026-05-08 00:00:00,2026-05-08 00:00:00,2,2592.79,0.00,3050.34,0.85,__NONE__,true,0.00,0.00,0.00,0.0,0.00,,STD,daily_trade_details,Lending – Security Based Lending
101330|1|V000016,101330,1,V000016,2647,OISC|,202606,2026-06-08 00:00:00,2026-06-08 00:00:00,3,1256.06,0.00,1477.72,0.85,__NONE__,true,0.00,0.00,0.00,0.0,0.00,RPG017,STD,daily_trade_details,Managed Accounts — OISC
101331|1|V000016,101331,1,V000016,2703,OIS1|,202606,2026-06-11 00:00:00,2026-06-11 00:00:00,4,1741.61,0.00,2048.95,0.85,__NONE__,true,0.00,0.00,0.00,0.0,0.00,RPG025,STD,daily_trade_details,Managed Accounts — OIS1
101332|1|V000016,101332,1,V000016,2689,JPMC|,202606,2026-06-08 00:00:00,2026-06-08 00:00:00,3,577.85,0.00,679.82,0.85,__NONE__,true,0.00,0.00,0.00,0.0,0.00,,STD,daily_trade_details,Managed Accounts — JPMC
101333|1|V000016,101333,1,V000016,2661,UMA|,202606,2026-06-01 00:00:00,2026-06-01 00:00:00,4,334.49,0.00,393.51,0.85,__NONE__,true,0.00,0.00,0.00,0.0,0.00,RPG019,STD,daily_trade_details,Managed – Unified Managed Accounts
101334|1|V000016,101334,1,V000016,2668,ATMF|,202606,2026-06-05 00:00:00,2026-06-05 00:00:00,5,1355.18,0.00,1594.33,0.85,__NONE__,true,0.00,0.00,0.00,0.0,0.00,,STD,daily_trade_details,Trails – Mutual Funds
101335|1|V000016,101335,1,V000016,2682,PCS|,202606,2026-06-09 00:00:00,2026-06-09 00:00:00,3,401.06,0.00,471.83,0.85,__NONE__,true,0.00,0.00,0.00,0.0,0.00,RPG022,STD,daily_trade_details,Referrals & Revenue Share – Situational Partnership
101336|1|V000016,101336,1,V000016,2710,STRT|,202606,2026-06-17 00:00:00,2026-06-17 00:00:00,5,1449.02,0.00,1704.74,0.85,__NONE__,true,0.00,0.00,0.00,0.0,0.00,,STD,daily_trade_details,Structured Products
101337|1|V000016,101337,1,V000016,2710,MUFD|,202606,2026-06-15 00:00:00,2026-06-15 00:00:00,3,694.36,0.00,816.89,0.85,__NONE__,true,0.00,0.00,0.00,0.0,0.00,,STD,daily_trade_details,Mutual Funds
101338|1|V000016,101338,1,V000016,2689,FCXX|,202606,2026-06-17 00:00:00,2026-06-17 00:00:00,2,1859.17,0.00,2187.26,0.85,__NONE__,true,0.00,0.00,0.00,0.0,0.00,,STD,daily_trade_details,Fixed Income – Corporate Bonds
101339|1|V000016,101339,1,V000016,2682,FGXX|,202606,2026-06-17 00:00:00,2026-06-17 00:00:00,3,703.26,0.00,827.37,0.85,__NONE__,true,0.00,0.00,0.00,0.0,0.00,RPG022,STD,daily_trade_details,Fixed Income – Government Bonds
101340|1|V000016,101340,1,V000016,2696,FCOT|,202606,2026-06-09 00:00:00,2026-06-09 00:00:00,5,0.00,455.28,535.62,0.85,ADJ,false,0.00,0.00,0.00,0.0,0.00,RPG024,STD,daily_trade_details,Fixed Income – Other
101341|1|V000016,101341,1,V000016,2668,VARI|,202606,2026-06-01 00:00:00,2026-06-01 00:00:00,2,1457.87,0.00,1715.14,0.85,__NONE__,true,0.00,0.00,0.00,0.0,0.00,,STD,daily_trade_details,Life & Annuities — VARI
101342|1|V000016,101342,1,V000016,2647,LIFE|,202606,2026-06-05 00:00:00,2026-06-05 00:00:00,2,1717.60,0.00,2020.71,0.85,__NONE__,true,0.00,0.00,0.00,0.0,0.00,RPG017,STD,daily_trade_details,Life & Annuities — LIFE
101343|1|V000016,101343,1,V000016,2689,ALTI|,202606,2026-06-01 00:00:00,2026-06-01 00:00:00,2,2041.67,0.00,2401.96,0.85,__NONE__,true,0.00,0.00,0.00,0.0,0.00,,STD,daily_trade_details,Alternative Investments
101344|1|V000016,101344,1,V000016,2682,LEND|SBL,202606,2026-06-09 00:00:00,2026-06-09 00:00:00,2,1447.07,0.00,1702.44,0.85,__NONE__,true,0.00,0.00,0.00,0.0,0.00,RPG022,STD,daily_trade_details,Lending – Security Based Lending
101345|1|V000017,101345,1,V000017,2717,OIS1|,202604,2026-04-21 00:00:00,2026-04-21 00:00:00,3,381.40,0.00,448.70,0.85,__NONE__,true,0.00,0.00,0.00,0.0,0.00,RPG020,STD,daily_trade_details,Managed Accounts — OIS1
101346|1|V000017,101346,1,V000017,2731,OIS1|,202604,2026-04-02 00:00:00,2026-04-02 00:00:00,5,422.86,0.00,497.48,0.85,__NONE__,true,0.00,0.00,0.00,0.0,0.00,,STD,daily_trade_details,Managed Accounts — OIS1
101347|1|V000017,101347,1,V000017,2759,JPMC|,202604,2026-04-01 00:00:00,2026-04-01 00:00:00,2,805.73,0.00,947.92,0.85,__NONE__,true,0.00,0.00,0.00,0.0,0.00,RPG026,STD,daily_trade_details,Managed Accounts — JPMC
101348|1|V000017,101348,1,V000017,2752,JPMC|,202604,2026-04-02 00:00:00,2026-04-02 00:00:00,2,489.72,0.00,576.15,0.85,__NONE__,true,0.00,0.00,0.00,0.0,0.00,RPG025,STD,daily_trade_details,Managed Accounts — JPMC
101349|1|V000017,101349,1,V000017,2738,UMA|,202604,2026-04-15 00:00:00,2026-04-15 00:00:00,2,764.35,0.00,899.23,0.85,__NONE__,true,0.00,0.00,0.00,0.0,0.00,RPG023,STD,daily_trade_details,Managed – Unified Managed Accounts
101350|1|V000017,101350,1,V000017,2766,UMA|,202604,2026-04-22 00:00:00,2026-04-22 00:00:00,1,786.82,0.00,925.68,0.85,__NONE__,true,0.00,0.00,0.00,0.0,0.00,,STD,daily_trade_details,Managed – Unified Managed Accounts
101351|1|V000017,101351,1,V000017,2738,ATMF|,202604,2026-04-09 00:00:00,2026-04-09 00:00:00,2,188.93,0.00,222.27,0.85,__NONE__,true,0.00,0.00,0.00,0.0,0.00,RPG023,STD,daily_trade_details,Trails – Mutual Funds
101352|1|V000017,101352,1,V000017,2724,ATMF|,202604,2026-04-09 00:00:00,2026-04-09 00:00:00,2,314.75,0.00,370.30,0.85,__NONE__,true,0.00,0.00,0.00,0.0,0.00,,STD,daily_trade_details,Trails – Mutual Funds
101353|1|V000017,101353,1,V000017,2773,ITMF|,202604,2026-04-14 00:00:00,2026-04-14 00:00:00,2,215.90,0.00,254.00,0.85,__NONE__,true,0.00,0.00,0.00,0.0,0.00,,STD,daily_trade_details,Trails – Life & Annuities — ITMF
101354|1|V000017,101354,1,V000017,2738,ITMF|,202604,2026-04-10 00:00:00,2026-04-10 00:00:00,3,388.50,0.00,457.06,0.85,__NONE__,true,0.00,0.00,0.00,0.0,0.00,RPG023,STD,daily_trade_details,Trails – Life & Annuities — ITMF
101355|1|V000017,101355,1,V000017,2745,DAF|,202604,2026-04-09 00:00:00,2026-04-09 00:00:00,3,731.60,0.00,860.70,0.85,__NONE__,true,0.00,0.00,0.00,0.0,0.00,RPG024,STD,daily_trade_details,Donor Advised Funds
101356|1|V000017,101356,1,V000017,2766,DAF|,202604,2026-04-17 00:00:00,2026-04-17 00:00:00,4,217.82,0.00,256.25,0.85,__NONE__,true,0.00,0.00,0.00,0.0,0.00,,STD,daily_trade_details,Donor Advised Funds
101357|1|V000017,101357,1,V000017,2731,STRT|,202604,2026-04-28 00:00:00,2026-04-28 00:00:00,4,622.19,0.00,731.99,0.85,__NONE__,true,0.00,0.00,0.00,0.0,0.00,,STD,daily_trade_details,Structured Products
101358|1|V000017,101358,1,V000017,2731,STRT|,202604,2026-04-01 00:00:00,2026-04-01 00:00:00,4,983.29,0.00,1156.81,0.85,__NONE__,true,0.00,0.00,0.00,0.0,0.00,,STD,daily_trade_details,Structured Products
101359|1|V000017,101359,1,V000017,2759,ELIS|EQ,202604,2026-04-14 00:00:00,2026-04-14 00:00:00,5,1018.93,0.00,1198.75,0.85,__NONE__,true,0.00,0.00,0.00,0.0,0.00,RPG026,STD,daily_trade_details,Equities
101360|1|V000017,101360,1,V000017,2773,ELIS|EQ,202604,2026-04-13 00:00:00,2026-04-13 00:00:00,4,293.15,0.00,344.88,0.85,__NONE__,true,0.00,0.00,0.00,0.0,0.00,,STD,daily_trade_details,Equities
101361|1|V000017,101361,1,V000017,2766,ELIS|OP,202604,2026-04-24 00:00:00,2026-04-24 00:00:00,5,451.55,0.00,531.24,0.85,__NONE__,true,0.00,0.00,0.00,0.0,0.00,,STD,daily_trade_details,Options
101362|1|V000017,101362,1,V000017,2766,ELIS|OP,202604,2026-04-22 00:00:00,2026-04-22 00:00:00,2,209.46,0.00,246.42,0.85,__NONE__,true,0.00,0.00,0.00,0.0,0.00,,STD,daily_trade_details,Options
101363|1|V000017,101363,1,V000017,2731,MUFD|,202604,2026-04-22 00:00:00,2026-04-22 00:00:00,4,0.00,1083.20,1274.35,0.85,ADJ,false,0.00,0.00,0.00,0.0,0.00,,STD,daily_trade_details,Mutual Funds
101364|1|V000017,101364,1,V000017,2759,MUFD|,202604,2026-04-16 00:00:00,2026-04-16 00:00:00,4,1108.19,0.00,1303.76,0.85,__NONE__,true,0.00,0.00,0.00,0.0,0.00,RPG026,STD,daily_trade_details,Mutual Funds
101365|1|V000017,101365,1,V000017,2766,FCXX|,202604,2026-04-03 00:00:00,2026-04-03 00:00:00,4,453.58,0.00,533.63,0.85,__NONE__,true,0.00,0.00,0.00,0.0,0.00,,STD,daily_trade_details,Fixed Income – Corporate Bonds
101366|1|V000017,101366,1,V000017,2717,FCXX|,202604,2026-04-27 00:00:00,2026-04-27 00:00:00,2,1162.21,0.00,1367.30,0.85,__NONE__,true,0.00,0.00,0.00,0.0,0.00,RPG020,STD,daily_trade_details,Fixed Income – Corporate Bonds
101367|1|V000017,101367,1,V000017,2738,FCCD|,202604,2026-04-16 00:00:00,2026-04-16 00:00:00,5,924.65,0.00,1087.83,0.85,__NONE__,true,0.00,0.00,0.00,0.0,0.00,RPG023,STD,daily_trade_details,Cash Management – Brokered CDs
101368|1|V000017,101368,1,V000017,2766,FCCD|,202604,2026-04-02 00:00:00,2026-04-02 00:00:00,4,792.20,0.00,932.00,0.85,__NONE__,true,0.00,0.00,0.00,0.0,0.00,,STD,daily_trade_details,Cash Management – Brokered CDs
101369|1|V000017,101369,1,V000017,2759,LIFE|,202604,2026-04-02 00:00:00,2026-04-02 00:00:00,3,896.41,0.00,1054.60,0.85,__NONE__,true,0.00,0.00,0.00,0.0,0.00,RPG026,STD,daily_trade_details,Life & Annuities — LIFE
101370|1|V000017,101370,1,V000017,2717,LIFE|,202604,2026-04-13 00:00:00,2026-04-13 00:00:00,5,856.88,0.00,1008.10,0.85,__NONE__,true,0.00,0.00,0.00,0.0,0.00,RPG020,STD,daily_trade_details,Life & Annuities — LIFE
101371|1|V000017,101371,1,V000017,2766,ALTI|,202604,2026-04-10 00:00:00,2026-04-10 00:00:00,5,1112.31,0.00,1308.61,0.85,__NONE__,true,0.00,0.00,0.00,0.0,0.00,,STD,daily_trade_details,Alternative Investments
101372|1|V000017,101372,1,V000017,2780,ALTI|,202604,2026-04-01 00:00:00,2026-04-01 00:00:00,1,1120.09,0.00,1317.75,0.85,__NONE__,true,0.00,0.00,0.00,0.0,0.00,,STD,daily_trade_details,Alternative Investments
101373|1|V000017,101373,1,V000017,2724,DCCR|,202604,2026-04-17 00:00:00,2026-04-17 00:00:00,5,801.95,0.00,943.47,0.85,__NONE__,true,0.00,0.00,0.00,0.0,0.00,,STD,daily_trade_details,Defined Contribution Advisory
101374|1|V000017,101374,1,V000017,2724,DCCR|,202604,2026-04-20 00:00:00,2026-04-20 00:00:00,2,671.69,0.00,790.22,0.85,__NONE__,true,0.00,0.00,0.00,0.0,0.00,,STD,daily_trade_details,Defined Contribution Advisory
101375|1|V000017,101375,1,V000017,2759,EDK|,202604,2026-04-24 00:00:00,2026-04-24 00:00:00,4,396.72,0.00,466.73,0.85,__NONE__,true,0.00,0.00,0.00,0.0,0.00,RPG026,STD,daily_trade_details,Referrals & Revenue Share – Everyday 401K
101376|1|V000017,101376,1,V000017,2780,EDK|,202604,2026-04-03 00:00:00,2026-04-03 00:00:00,1,453.76,0.00,533.83,0.85,__NONE__,true,0.00,0.00,0.00,0.0,0.00,,STD,daily_trade_details,Referrals & Revenue Share – Everyday 401K
101377|1|V000017,101377,1,V000017,2780,OIS1|,202605,2026-05-07 00:00:00,2026-05-07 00:00:00,3,971.74,0.00,1143.22,0.85,__NONE__,true,0.00,0.00,0.00,0.0,0.00,,STD,daily_trade_details,Managed Accounts — OIS1
101378|1|V000017,101378,1,V000017,2738,OIS1|,202605,2026-05-14 00:00:00,2026-05-14 00:00:00,1,1135.98,0.00,1336.45,0.85,__NONE__,true,0.00,0.00,0.00,0.0,0.00,RPG023,STD,daily_trade_details,Managed Accounts — OIS1
101379|1|V000017,101379,1,V000017,2731,JPMC|,202605,2026-05-20 00:00:00,2026-05-20 00:00:00,5,0.00,1014.26,1193.25,0.85,INELG,false,0.00,0.00,0.00,0.0,0.00,,STD,daily_trade_details,Managed Accounts — JPMC
101380|1|V000017,101380,1,V000017,2759,JPMC|,202605,2026-05-08 00:00:00,2026-05-08 00:00:00,2,840.86,0.00,989.25,0.85,__NONE__,true,0.00,0.00,0.00,0.0,0.00,RPG026,STD,daily_trade_details,Managed Accounts — JPMC
101381|1|V000017,101381,1,V000017,2752,UMA|,202605,2026-05-22 00:00:00,2026-05-22 00:00:00,2,339.40,0.00,399.30,0.85,__NONE__,true,0.00,0.00,0.00,0.0,0.00,RPG025,STD,daily_trade_details,Managed – Unified Managed Accounts
101382|1|V000017,101382,1,V000017,2773,UMA|,202605,2026-05-11 00:00:00,2026-05-11 00:00:00,2,1155.76,0.00,1359.72,0.85,__NONE__,true,0.00,0.00,0.00,0.0,0.00,,STD,daily_trade_details,Managed – Unified Managed Accounts
101383|1|V000017,101383,1,V000017,2738,ATMF|,202605,2026-05-11 00:00:00,2026-05-11 00:00:00,3,202.91,0.00,238.72,0.85,__NONE__,true,0.00,0.00,0.00,0.0,0.00,RPG023,STD,daily_trade_details,Trails – Mutual Funds
101384|1|V000017,101384,1,V000017,2759,ATMF|,202605,2026-05-06 00:00:00,2026-05-06 00:00:00,2,611.85,0.00,719.82,0.85,__NONE__,true,0.00,0.00,0.00,0.0,0.00,RPG026,STD,daily_trade_details,Trails – Mutual Funds
101385|1|V000017,101385,1,V000017,2724,ITMF|,202605,2026-05-13 00:00:00,2026-05-13 00:00:00,1,453.73,0.00,533.80,0.85,__NONE__,true,0.00,0.00,0.00,0.0,0.00,,STD,daily_trade_details,Trails – Life & Annuities — ITMF
101386|1|V000017,101386,1,V000017,2752,ITMF|,202605,2026-05-22 00:00:00,2026-05-22 00:00:00,1,171.50,0.00,201.77,0.85,__NONE__,true,0.00,0.00,0.00,0.0,0.00,RPG025,STD,daily_trade_details,Trails – Life & Annuities — ITMF
101387|1|V000017,101387,1,V000017,2717,DAF|,202605,2026-05-01 00:00:00,2026-05-01 00:00:00,5,205.13,0.00,241.33,0.85,__NONE__,true,0.00,0.00,0.00,0.0,0.00,RPG020,STD,daily_trade_details,Donor Advised Funds
101388|1|V000017,101388,1,V000017,2717,DAF|,202605,2026-05-01 00:00:00,2026-05-01 00:00:00,4,243.46,0.00,286.43,0.85,__NONE__,true,0.00,0.00,0.00,0.0,0.00,RPG020,STD,daily_trade_details,Donor Advised Funds
101389|1|V000017,101389,1,V000017,2780,STRT|,202605,2026-05-13 00:00:00,2026-05-13 00:00:00,4,696.84,0.00,819.81,0.85,__NONE__,true,0.00,0.00,0.00,0.0,0.00,,STD,daily_trade_details,Structured Products
101390|1|V000017,101390,1,V000017,2766,STRT|,202605,2026-05-15 00:00:00,2026-05-15 00:00:00,3,950.55,0.00,1118.29,0.85,__NONE__,true,0.00,0.00,0.00,0.0,0.00,,STD,daily_trade_details,Structured Products
101391|1|V000017,101391,1,V000017,2752,ELIS|EQ,202605,2026-05-18 00:00:00,2026-05-18 00:00:00,4,1210.36,0.00,1423.95,0.85,__NONE__,true,0.00,0.00,0.00,0.0,0.00,RPG025,STD,daily_trade_details,Equities
101392|1|V000017,101392,1,V000017,2759,ELIS|EQ,202605,2026-05-15 00:00:00,2026-05-15 00:00:00,1,794.04,0.00,934.16,0.85,__NONE__,true,0.00,0.00,0.00,0.0,0.00,RPG026,STD,daily_trade_details,Equities
101393|1|V000017,101393,1,V000017,2717,ELIS|OP,202605,2026-05-07 00:00:00,2026-05-07 00:00:00,1,629.19,0.00,740.22,0.85,__NONE__,true,0.00,0.00,0.00,0.0,0.00,RPG020,STD,daily_trade_details,Options
101394|1|V000017,101394,1,V000017,2780,ELIS|OP,202605,2026-05-12 00:00:00,2026-05-12 00:00:00,3,271.37,0.00,319.26,0.85,__NONE__,true,0.00,0.00,0.00,0.0,0.00,,STD,daily_trade_details,Options
101395|1|V000017,101395,1,V000017,2766,MUFD|,202605,2026-05-22 00:00:00,2026-05-22 00:00:00,5,802.12,0.00,943.67,0.85,__NONE__,true,0.00,0.00,0.00,0.0,0.00,,STD,daily_trade_details,Mutual Funds
101396|1|V000017,101396,1,V000017,2759,MUFD|,202605,2026-05-01 00:00:00,2026-05-01 00:00:00,3,0.00,846.98,996.44,0.85,ADJ,false,0.00,0.00,0.00,0.0,0.00,RPG026,STD,daily_trade_details,Mutual Funds
101397|1|V000017,101397,1,V000017,2717,FCXX|,202605,2026-05-21 00:00:00,2026-05-21 00:00:00,2,1178.38,0.00,1386.33,0.85,__NONE__,true,0.00,0.00,0.00,0.0,0.00,RPG020,STD,daily_trade_details,Fixed Income – Corporate Bonds
101398|1|V000017,101398,1,V000017,2780,FCXX|,202605,2026-05-05 00:00:00,2026-05-05 00:00:00,3,658.77,0.00,775.03,0.85,__NONE__,true,0.00,0.00,0.00,0.0,0.00,,STD,daily_trade_details,Fixed Income – Corporate Bonds
101399|1|V000017,101399,1,V000017,2759,FCCD|,202605,2026-05-22 00:00:00,2026-05-22 00:00:00,1,1145.70,0.00,1347.88,0.85,__NONE__,true,0.00,0.00,0.00,0.0,0.00,RPG026,STD,daily_trade_details,Cash Management – Brokered CDs
101400|1|V000017,101400,1,V000017,2759,FCCD|,202605,2026-05-07 00:00:00,2026-05-07 00:00:00,5,454.52,0.00,534.73,0.85,__NONE__,true,0.00,0.00,0.00,0.0,0.00,RPG026,STD,daily_trade_details,Cash Management – Brokered CDs
101401|1|V000017,101401,1,V000017,2780,LIFE|,202605,2026-05-04 00:00:00,2026-05-04 00:00:00,2,980.49,0.00,1153.52,0.85,__NONE__,true,0.00,0.00,0.00,0.0,0.00,,STD,daily_trade_details,Life & Annuities — LIFE
101402|1|V000017,101402,1,V000017,2766,LIFE|,202605,2026-05-27 00:00:00,2026-05-27 00:00:00,4,993.30,0.00,1168.59,0.85,__NONE__,true,0.00,0.00,0.00,0.0,0.00,,STD,daily_trade_details,Life & Annuities — LIFE
101403|1|V000017,101403,1,V000017,2731,ALTI|,202605,2026-05-22 00:00:00,2026-05-22 00:00:00,5,1099.98,0.00,1294.09,0.85,__NONE__,true,0.00,0.00,0.00,0.0,0.00,,STD,daily_trade_details,Alternative Investments
101404|1|V000017,101404,1,V000017,2738,ALTI|,202605,2026-05-05 00:00:00,2026-05-05 00:00:00,1,400.41,0.00,471.08,0.85,__NONE__,true,0.00,0.00,0.00,0.0,0.00,RPG023,STD,daily_trade_details,Alternative Investments
101405|1|V000017,101405,1,V000017,2759,DCCR|,202605,2026-05-19 00:00:00,2026-05-19 00:00:00,3,0.00,1203.84,1416.28,0.85,ADJ,false,0.00,0.00,0.00,0.0,0.00,RPG026,STD,daily_trade_details,Defined Contribution Advisory
101406|1|V000017,101406,1,V000017,2738,DCCR|,202605,2026-05-06 00:00:00,2026-05-06 00:00:00,2,910.12,0.00,1070.73,0.85,__NONE__,true,0.00,0.00,0.00,0.0,0.00,RPG023,STD,daily_trade_details,Defined Contribution Advisory
101407|1|V000017,101407,1,V000017,2773,EDK|,202605,2026-05-15 00:00:00,2026-05-15 00:00:00,2,818.40,0.00,962.82,0.85,__NONE__,true,0.00,0.00,0.00,0.0,0.00,,STD,daily_trade_details,Referrals & Revenue Share – Everyday 401K
101408|1|V000017,101408,1,V000017,2780,EDK|,202605,2026-05-30 00:00:00,2026-05-30 00:00:00,3,960.64,0.00,1130.17,0.85,__NONE__,true,0.00,0.00,0.00,0.0,0.00,,STD,daily_trade_details,Referrals & Revenue Share – Everyday 401K
101409|1|V000017,101409,1,V000017,2759,OIS1|,202606,2026-06-17 00:00:00,2026-06-17 00:00:00,4,1077.02,0.00,1267.09,0.85,__NONE__,true,0.00,0.00,0.00,0.0,0.00,RPG026,STD,daily_trade_details,Managed Accounts — OIS1
101410|1|V000017,101410,1,V000017,2773,JPMC|,202606,2026-06-04 00:00:00,2026-06-04 00:00:00,2,1135.07,0.00,1335.37,0.85,__NONE__,true,0.00,0.00,0.00,0.0,0.00,,STD,daily_trade_details,Managed Accounts — JPMC
101411|1|V000017,101411,1,V000017,2745,UMA|,202606,2026-06-02 00:00:00,2026-06-02 00:00:00,3,254.74,0.00,299.69,0.85,__NONE__,true,0.00,0.00,0.00,0.0,0.00,RPG024,STD,daily_trade_details,Managed – Unified Managed Accounts
101412|1|V000017,101412,1,V000017,2780,ATMF|,202606,2026-06-02 00:00:00,2026-06-02 00:00:00,5,1105.01,0.00,1300.02,0.85,__NONE__,true,0.00,0.00,0.00,0.0,0.00,,STD,daily_trade_details,Trails – Mutual Funds
101413|1|V000017,101413,1,V000017,2752,ITMF|,202606,2026-06-09 00:00:00,2026-06-09 00:00:00,5,266.88,0.00,313.97,0.85,__NONE__,true,0.00,0.00,0.00,0.0,0.00,RPG025,STD,daily_trade_details,Trails – Life & Annuities — ITMF
101414|1|V000017,101414,1,V000017,2717,DAF|,202606,2026-06-04 00:00:00,2026-06-04 00:00:00,4,456.68,0.00,537.27,0.85,__NONE__,true,0.00,0.00,0.00,0.0,0.00,RPG020,STD,daily_trade_details,Donor Advised Funds
101415|1|V000017,101415,1,V000017,2759,STRT|,202606,2026-06-16 00:00:00,2026-06-16 00:00:00,2,465.83,0.00,548.04,0.85,__NONE__,true,0.00,0.00,0.00,0.0,0.00,RPG026,STD,daily_trade_details,Structured Products
101416|1|V000017,101416,1,V000017,2773,ELIS|EQ,202606,2026-06-02 00:00:00,2026-06-02 00:00:00,4,821.97,0.00,967.03,0.85,__NONE__,true,0.00,0.00,0.00,0.0,0.00,,STD,daily_trade_details,Equities
101417|1|V000017,101417,1,V000017,2717,ELIS|OP,202606,2026-06-03 00:00:00,2026-06-03 00:00:00,3,692.13,0.00,814.27,0.85,__NONE__,true,0.00,0.00,0.00,0.0,0.00,RPG020,STD,daily_trade_details,Options
101418|1|V000017,101418,1,V000017,2738,MUFD|,202606,2026-06-15 00:00:00,2026-06-15 00:00:00,3,652.33,0.00,767.44,0.85,__NONE__,true,0.00,0.00,0.00,0.0,0.00,RPG023,STD,daily_trade_details,Mutual Funds
101419|1|V000017,101419,1,V000017,2731,FCXX|,202606,2026-06-17 00:00:00,2026-06-17 00:00:00,1,908.21,0.00,1068.48,0.85,__NONE__,true,0.00,0.00,0.00,0.0,0.00,,STD,daily_trade_details,Fixed Income – Corporate Bonds
101420|1|V000017,101420,1,V000017,2780,FCCD|,202606,2026-06-17 00:00:00,2026-06-17 00:00:00,1,466.34,0.00,548.64,0.85,__NONE__,true,0.00,0.00,0.00,0.0,0.00,,STD,daily_trade_details,Cash Management – Brokered CDs
101421|1|V000017,101421,1,V000017,2745,LIFE|,202606,2026-06-10 00:00:00,2026-06-10 00:00:00,2,1166.74,0.00,1372.63,0.85,__NONE__,true,0.00,0.00,0.00,0.0,0.00,RPG024,STD,daily_trade_details,Life & Annuities — LIFE
101422|1|V000017,101422,1,V000017,2766,ALTI|,202606,2026-06-01 00:00:00,2026-06-01 00:00:00,3,436.70,0.00,513.76,0.85,__NONE__,true,0.00,0.00,0.00,0.0,0.00,,STD,daily_trade_details,Alternative Investments
101423|1|V000017,101423,1,V000017,2731,DCCR|,202606,2026-06-17 00:00:00,2026-06-17 00:00:00,2,991.86,0.00,1166.89,0.85,__NONE__,true,0.00,0.00,0.00,0.0,0.00,,STD,daily_trade_details,Defined Contribution Advisory
101424|1|V000017,101424,1,V000017,2717,EDK|,202606,2026-06-10 00:00:00,2026-06-10 00:00:00,4,1090.47,0.00,1282.90,0.85,__NONE__,true,0.00,0.00,0.00,0.0,0.00,RPG020,STD,daily_trade_details,Referrals & Revenue Share – Everyday 401K
101425|1|V000018,101425,1,V000018,2815,OISC|,202604,2026-04-08 00:00:00,2026-04-08 00:00:00,1,1153.84,0.00,1357.46,0.85,__NONE__,true,0.00,0.00,0.00,0.0,0.00,,STD,daily_trade_details,Managed Accounts — OISC
101426|1|V000018,101426,1,V000018,2843,OISC|,202604,2026-04-22 00:00:00,2026-04-22 00:00:00,3,541.02,0.00,636.49,0.85,__NONE__,true,0.00,0.00,0.00,0.0,0.00,,STD,daily_trade_details,Managed Accounts — OISC
101427|1|V000018,101427,1,V000018,2829,OIS1|,202604,2026-04-14 00:00:00,2026-04-14 00:00:00,3,539.75,0.00,635.00,0.85,__NONE__,true,0.00,0.00,0.00,0.0,0.00,,STD,daily_trade_details,Managed Accounts — OIS1
101428|1|V000018,101428,1,V000018,2808,OIS1|,202604,2026-04-06 00:00:00,2026-04-06 00:00:00,2,860.65,0.00,1012.53,0.85,__NONE__,true,0.00,0.00,0.00,0.0,0.00,RPG026,STD,daily_trade_details,Managed Accounts — OIS1
101429|1|V000018,101429,1,V000018,2822,MAP|,202604,2026-04-02 00:00:00,2026-04-02 00:00:00,3,913.60,0.00,1074.82,0.85,__NONE__,true,0.00,0.00,0.00,0.0,0.00,RPG000,STD,daily_trade_details,Managed Accounts — MAP
101430|1|V000018,101430,1,V000018,2836,MAP|,202604,2026-04-21 00:00:00,2026-04-21 00:00:00,4,812.55,0.00,955.94,0.85,__NONE__,true,0.00,0.00,0.00,0.0,0.00,RPG002,STD,daily_trade_details,Managed Accounts — MAP
101431|1|V000018,101431,1,V000018,2815,ATMF|,202604,2026-04-09 00:00:00,2026-04-09 00:00:00,1,1063.62,0.00,1251.32,0.85,__NONE__,true,0.00,0.00,0.00,0.0,0.00,,STD,daily_trade_details,Trails – Mutual Funds
101432|1|V000018,101432,1,V000018,2822,ATMF|,202604,2026-04-07 00:00:00,2026-04-07 00:00:00,4,886.37,0.00,1042.78,0.85,__NONE__,true,0.00,0.00,0.00,0.0,0.00,RPG000,STD,daily_trade_details,Trails – Mutual Funds
101433|1|V000018,101433,1,V000018,2829,MMKT|,202604,2026-04-02 00:00:00,2026-04-02 00:00:00,1,838.23,0.00,986.15,0.85,__NONE__,true,0.00,0.00,0.00,0.0,0.00,,STD,daily_trade_details,Cash Management – Money Market Funds
101434|1|V000018,101434,1,V000018,2822,MMKT|,202604,2026-04-02 00:00:00,2026-04-02 00:00:00,1,1143.25,0.00,1345.01,0.85,__NONE__,true,0.00,0.00,0.00,0.0,0.00,RPG000,STD,daily_trade_details,Cash Management – Money Market Funds
101435|1|V000018,101435,1,V000018,2843,PCS|,202604,2026-04-07 00:00:00,2026-04-07 00:00:00,4,807.85,0.00,950.41,0.85,__NONE__,true,0.00,0.00,0.00,0.0,0.00,,STD,daily_trade_details,Referrals & Revenue Share – Situational Partnership
101436|1|V000018,101436,1,V000018,2808,PCS|,202604,2026-04-22 00:00:00,2026-04-22 00:00:00,3,170.18,0.00,200.21,0.85,__NONE__,true,0.00,0.00,0.00,0.0,0.00,RPG026,STD,daily_trade_details,Referrals & Revenue Share – Situational Partnership
101437|1|V000018,101437,1,V000018,2850,529T|,202604,2026-04-17 00:00:00,2026-04-17 00:00:00,1,1122.96,0.00,1321.14,0.85,__NONE__,true,0.00,0.00,0.00,0.0,0.00,RPG004,STD,daily_trade_details,529 Plans
101438|1|V000018,101438,1,V000018,2836,529T|,202604,2026-04-13 00:00:00,2026-04-13 00:00:00,4,1030.17,0.00,1211.96,0.85,__NONE__,true,0.00,0.00,0.00,0.0,0.00,RPG002,STD,daily_trade_details,529 Plans
101439|1|V000018,101439,1,V000018,2822,DAF|,202604,2026-04-06 00:00:00,2026-04-06 00:00:00,4,147.01,0.00,172.95,0.85,__NONE__,true,0.00,0.00,0.00,0.0,0.00,RPG000,STD,daily_trade_details,Donor Advised Funds
101440|1|V000018,101440,1,V000018,2843,DAF|,202604,2026-04-27 00:00:00,2026-04-27 00:00:00,4,367.81,0.00,432.72,0.85,__NONE__,true,0.00,0.00,0.00,0.0,0.00,,STD,daily_trade_details,Donor Advised Funds
101441|1|V000018,101441,1,V000018,2815,MUFD|,202604,2026-04-27 00:00:00,2026-04-27 00:00:00,2,853.01,0.00,1003.54,0.85,__NONE__,true,0.00,0.00,0.00,0.0,0.00,,STD,daily_trade_details,Mutual Funds
101442|1|V000018,101442,1,V000018,2829,MUFD|,202604,2026-04-20 00:00:00,2026-04-20 00:00:00,3,636.14,0.00,748.40,0.85,__NONE__,true,0.00,0.00,0.00,0.0,0.00,,STD,daily_trade_details,Mutual Funds
101443|1|V000018,101443,1,V000018,2850,FCXX|,202604,2026-04-24 00:00:00,2026-04-24 00:00:00,2,264.62,0.00,311.32,0.85,__NONE__,true,0.00,0.00,0.00,0.0,0.00,RPG004,STD,daily_trade_details,Fixed Income – Corporate Bonds
101444|1|V000018,101444,1,V000018,2829,FCXX|,202604,2026-04-03 00:00:00,2026-04-03 00:00:00,5,0.00,976.32,1148.61,0.85,ADJ,false,0.00,0.00,0.00,0.0,0.00,,STD,daily_trade_details,Fixed Income – Corporate Bonds
101445|1|V000018,101445,1,V000018,2850,FMXX|,202604,2026-04-29 00:00:00,2026-04-29 00:00:00,1,692.85,0.00,815.11,0.85,__NONE__,true,0.00,0.00,0.00,0.0,0.00,RPG004,STD,daily_trade_details,Fixed Income – Municipal Bonds
101446|1|V000018,101446,1,V000018,2808,FMXX|,202604,2026-04-08 00:00:00,2026-04-08 00:00:00,5,1134.48,0.00,1334.68,0.85,__NONE__,true,0.00,0.00,0.00,0.0,0.00,RPG026,STD,daily_trade_details,Fixed Income – Municipal Bonds
101447|1|V000018,101447,1,V000018,2801,FGXX|,202604,2026-04-15 00:00:00,2026-04-15 00:00:00,1,140.51,0.00,165.31,0.85,__NONE__,true,0.00,0.00,0.00,0.0,0.00,,STD,daily_trade_details,Fixed Income – Government Bonds
101448|1|V000018,101448,1,V000018,2787,FGXX|,202604,2026-04-08 00:00:00,2026-04-08 00:00:00,1,268.32,0.00,315.68,0.85,__NONE__,true,0.00,0.00,0.00,0.0,0.00,,STD,daily_trade_details,Fixed Income – Government Bonds
101449|1|V000018,101449,1,V000018,2843,FCOT|,202604,2026-04-03 00:00:00,2026-04-03 00:00:00,1,400.75,0.00,471.47,0.85,__NONE__,true,0.00,0.00,0.00,0.0,0.00,,STD,daily_trade_details,Fixed Income – Other
101450|1|V000018,101450,1,V000018,2843,FCOT|,202604,2026-04-08 00:00:00,2026-04-08 00:00:00,4,444.03,0.00,522.39,0.85,__NONE__,true,0.00,0.00,0.00,0.0,0.00,,STD,daily_trade_details,Fixed Income – Other
101451|1|V000018,101451,1,V000018,2787,FCCD|,202604,2026-04-24 00:00:00,2026-04-24 00:00:00,4,0.00,392.03,461.21,0.85,ADJ,false,0.00,0.00,0.00,0.0,0.00,,STD,daily_trade_details,Cash Management – Brokered CDs
101452|1|V000018,101452,1,V000018,2801,FCCD|,202604,2026-04-23 00:00:00,2026-04-23 00:00:00,3,732.27,0.00,861.49,0.85,__NONE__,true,0.00,0.00,0.00,0.0,0.00,,STD,daily_trade_details,Cash Management – Brokered CDs
101453|1|V000018,101453,1,V000018,2850,FIX|,202604,2026-04-06 00:00:00,2026-04-06 00:00:00,1,692.05,0.00,814.17,0.85,__NONE__,true,0.00,0.00,0.00,0.0,0.00,RPG004,STD,daily_trade_details,Life & Annuities — FIX
101454|1|V000018,101454,1,V000018,2808,FIX|,202604,2026-04-09 00:00:00,2026-04-09 00:00:00,2,173.02,0.00,203.55,0.85,__NONE__,true,0.00,0.00,0.00,0.0,0.00,RPG026,STD,daily_trade_details,Life & Annuities — FIX
101455|1|V000018,101455,1,V000018,2850,VARI|,202604,2026-04-13 00:00:00,2026-04-13 00:00:00,2,706.39,0.00,831.05,0.85,__NONE__,true,0.00,0.00,0.00,0.0,0.00,RPG004,STD,daily_trade_details,Life & Annuities — VARI
101456|1|V000018,101456,1,V000018,2850,VARI|,202604,2026-04-13 00:00:00,2026-04-13 00:00:00,4,571.79,0.00,672.69,0.85,__NONE__,true,0.00,0.00,0.00,0.0,0.00,RPG004,STD,daily_trade_details,Life & Annuities — VARI
101457|1|V000018,101457,1,V000018,2801,LIFE|,202604,2026-04-13 00:00:00,2026-04-13 00:00:00,4,549.06,0.00,645.95,0.85,__NONE__,true,0.00,0.00,0.00,0.0,0.00,,STD,daily_trade_details,Life & Annuities — LIFE
101458|1|V000018,101458,1,V000018,2801,LIFE|,202604,2026-04-13 00:00:00,2026-04-13 00:00:00,2,689.66,0.00,811.37,0.85,__NONE__,true,0.00,0.00,0.00,0.0,0.00,,STD,daily_trade_details,Life & Annuities — LIFE
101459|1|V000018,101459,1,V000018,2822,ALTI|,202604,2026-04-23 00:00:00,2026-04-23 00:00:00,5,718.37,0.00,845.14,0.85,__NONE__,true,0.00,0.00,0.00,0.0,0.00,RPG000,STD,daily_trade_details,Alternative Investments
101460|1|V000018,101460,1,V000018,2801,ALTI|,202604,2026-04-20 00:00:00,2026-04-20 00:00:00,4,569.38,0.00,669.85,0.85,__NONE__,true,0.00,0.00,0.00,0.0,0.00,,STD,daily_trade_details,Alternative Investments
101461|1|V000018,101461,1,V000018,2787,LEND|SBL,202604,2026-04-13 00:00:00,2026-04-13 00:00:00,1,1132.76,0.00,1332.66,0.85,__NONE__,true,0.00,0.00,0.00,0.0,0.00,,STD,daily_trade_details,Lending – Security Based Lending
101462|1|V000018,101462,1,V000018,2843,LEND|SBL,202604,2026-04-03 00:00:00,2026-04-03 00:00:00,3,248.84,0.00,292.75,0.85,__NONE__,true,0.00,0.00,0.00,0.0,0.00,,STD,daily_trade_details,Lending – Security Based Lending
101463|1|V000018,101463,1,V000018,2794,LEND|MGN,202604,2026-04-13 00:00:00,2026-04-13 00:00:00,2,510.52,0.00,600.61,0.85,__NONE__,true,0.00,0.00,0.00,0.0,0.00,,STD,daily_trade_details,Lending – Margin
101464|1|V000018,101464,1,V000018,2808,LEND|MGN,202604,2026-04-10 00:00:00,2026-04-10 00:00:00,4,418.22,0.00,492.03,0.85,__NONE__,true,0.00,0.00,0.00,0.0,0.00,RPG026,STD,daily_trade_details,Lending – Margin
101465|1|V000018,101465,1,V000018,2794,OISC|,202605,2026-05-26 00:00:00,2026-05-26 00:00:00,3,978.21,0.00,1150.83,0.85,__NONE__,true,0.00,0.00,0.00,0.0,0.00,,STD,daily_trade_details,Managed Accounts — OISC
101466|1|V000018,101466,1,V000018,2850,OISC|,202605,2026-05-26 00:00:00,2026-05-26 00:00:00,3,1019.57,0.00,1199.49,0.85,__NONE__,true,0.00,0.00,0.00,0.0,0.00,RPG004,STD,daily_trade_details,Managed Accounts — OISC
101467|1|V000018,101467,1,V000018,2850,OIS1|,202605,2026-05-29 00:00:00,2026-05-29 00:00:00,1,1066.76,0.00,1255.01,0.85,__NONE__,true,0.00,0.00,0.00,0.0,0.00,RPG004,STD,daily_trade_details,Managed Accounts — OIS1
101468|1|V000018,101468,1,V000018,2787,OIS1|,202605,2026-05-19 00:00:00,2026-05-19 00:00:00,2,322.63,0.00,379.57,0.85,__NONE__,true,0.00,0.00,0.00,0.0,0.00,,STD,daily_trade_details,Managed Accounts — OIS1
101469|1|V000018,101469,1,V000018,2822,MAP|,202605,2026-05-27 00:00:00,2026-05-27 00:00:00,5,1003.22,0.00,1180.26,0.85,__NONE__,true,0.00,0.00,0.00,0.0,0.00,RPG000,STD,daily_trade_details,Managed Accounts — MAP
101470|1|V000018,101470,1,V000018,2850,MAP|,202605,2026-05-28 00:00:00,2026-05-28 00:00:00,2,1084.57,0.00,1275.96,0.85,__NONE__,true,0.00,0.00,0.00,0.0,0.00,RPG004,STD,daily_trade_details,Managed Accounts — MAP
101471|1|V000018,101471,1,V000018,2815,ATMF|,202605,2026-05-07 00:00:00,2026-05-07 00:00:00,2,149.90,0.00,176.35,0.85,__NONE__,true,0.00,0.00,0.00,0.0,0.00,,STD,daily_trade_details,Trails – Mutual Funds
101472|1|V000018,101472,1,V000018,2801,ATMF|,202605,2026-05-04 00:00:00,2026-05-04 00:00:00,3,545.51,0.00,641.77,0.85,__NONE__,true,0.00,0.00,0.00,0.0,0.00,,STD,daily_trade_details,Trails – Mutual Funds
101473|1|V000018,101473,1,V000018,2808,MMKT|,202605,2026-05-21 00:00:00,2026-05-21 00:00:00,2,866.25,0.00,1019.11,0.85,__NONE__,true,0.00,0.00,0.00,0.0,0.00,RPG026,STD,daily_trade_details,Cash Management – Money Market Funds
101474|1|V000018,101474,1,V000018,2836,MMKT|,202605,2026-05-26 00:00:00,2026-05-26 00:00:00,3,1196.22,0.00,1407.31,0.85,__NONE__,true,0.00,0.00,0.00,0.0,0.00,RPG002,STD,daily_trade_details,Cash Management – Money Market Funds
101475|1|V000018,101475,1,V000018,2815,PCS|,202605,2026-05-12 00:00:00,2026-05-12 00:00:00,3,1160.19,0.00,1364.93,0.85,__NONE__,true,0.00,0.00,0.00,0.0,0.00,,STD,daily_trade_details,Referrals & Revenue Share – Situational Partnership
101476|1|V000018,101476,1,V000018,2794,PCS|,202605,2026-05-15 00:00:00,2026-05-15 00:00:00,1,1154.66,0.00,1358.43,0.85,__NONE__,true,0.00,0.00,0.00,0.0,0.00,,STD,daily_trade_details,Referrals & Revenue Share – Situational Partnership
101477|1|V000018,101477,1,V000018,2794,529T|,202605,2026-05-05 00:00:00,2026-05-05 00:00:00,2,221.88,0.00,261.04,0.85,__NONE__,true,0.00,0.00,0.00,0.0,0.00,,STD,daily_trade_details,529 Plans
101478|1|V000018,101478,1,V000018,2850,529T|,202605,2026-05-27 00:00:00,2026-05-27 00:00:00,4,201.23,0.00,236.74,0.85,__NONE__,true,0.00,0.00,0.00,0.0,0.00,RPG004,STD,daily_trade_details,529 Plans
101479|1|V000018,101479,1,V000018,2787,DAF|,202605,2026-05-26 00:00:00,2026-05-26 00:00:00,2,1170.42,0.00,1376.97,0.85,__NONE__,true,0.00,0.00,0.00,0.0,0.00,,STD,daily_trade_details,Donor Advised Funds
101480|1|V000018,101480,1,V000018,2836,DAF|,202605,2026-05-27 00:00:00,2026-05-27 00:00:00,1,672.99,0.00,791.75,0.85,__NONE__,true,0.00,0.00,0.00,0.0,0.00,RPG002,STD,daily_trade_details,Donor Advised Funds
101481|1|V000018,101481,1,V000018,2829,MUFD|,202605,2026-05-01 00:00:00,2026-05-01 00:00:00,4,154.62,0.00,181.90,0.85,__NONE__,true,0.00,0.00,0.00,0.0,0.00,,STD,daily_trade_details,Mutual Funds
101482|1|V000018,101482,1,V000018,2843,MUFD|,202605,2026-05-26 00:00:00,2026-05-26 00:00:00,5,942.79,0.00,1109.16,0.85,__NONE__,true,0.00,0.00,0.00,0.0,0.00,,STD,daily_trade_details,Mutual Funds
101483|1|V000018,101483,1,V000018,2787,FCXX|,202605,2026-05-26 00:00:00,2026-05-26 00:00:00,2,790.36,0.00,929.83,0.85,__NONE__,true,0.00,0.00,0.00,0.0,0.00,,STD,daily_trade_details,Fixed Income – Corporate Bonds
101484|1|V000018,101484,1,V000018,2801,FCXX|,202605,2026-05-26 00:00:00,2026-05-26 00:00:00,3,220.20,0.00,259.06,0.85,__NONE__,true,0.00,0.00,0.00,0.0,0.00,,STD,daily_trade_details,Fixed Income – Corporate Bonds
101485|1|V000018,101485,1,V000018,2787,FMXX|,202605,2026-05-18 00:00:00,2026-05-18 00:00:00,1,592.56,0.00,697.12,0.85,__NONE__,true,0.00,0.00,0.00,0.0,0.00,,STD,daily_trade_details,Fixed Income – Municipal Bonds
101486|1|V000018,101486,1,V000018,2822,FMXX|,202605,2026-05-27 00:00:00,2026-05-27 00:00:00,1,1118.87,0.00,1316.32,0.85,__NONE__,true,0.00,0.00,0.00,0.0,0.00,RPG000,STD,daily_trade_details,Fixed Income – Municipal Bonds
101487|1|V000018,101487,1,V000018,2815,FGXX|,202605,2026-05-11 00:00:00,2026-05-11 00:00:00,1,460.21,0.00,541.43,0.85,__NONE__,true,0.00,0.00,0.00,0.0,0.00,,STD,daily_trade_details,Fixed Income – Government Bonds
101488|1|V000018,101488,1,V000018,2850,FGXX|,202605,2026-05-30 00:00:00,2026-05-30 00:00:00,5,561.38,0.00,660.45,0.85,__NONE__,true,0.00,0.00,0.00,0.0,0.00,RPG004,STD,daily_trade_details,Fixed Income – Government Bonds
101489|1|V000018,101489,1,V000018,2787,FCOT|,202605,2026-05-22 00:00:00,2026-05-22 00:00:00,1,1141.76,0.00,1343.25,0.85,__NONE__,true,0.00,0.00,0.00,0.0,0.00,,STD,daily_trade_details,Fixed Income – Other
101490|1|V000018,101490,1,V000018,2822,FCOT|,202605,2026-05-14 00:00:00,2026-05-14 00:00:00,3,146.04,0.00,171.81,0.85,__NONE__,true,0.00,0.00,0.00,0.0,0.00,RPG000,STD,daily_trade_details,Fixed Income – Other
101491|1|V000018,101491,1,V000018,2794,FCCD|,202605,2026-05-08 00:00:00,2026-05-08 00:00:00,4,145.25,0.00,170.88,0.85,__NONE__,true,0.00,0.00,0.00,0.0,0.00,,STD,daily_trade_details,Cash Management – Brokered CDs
101492|1|V000018,101492,1,V000018,2822,FCCD|,202605,2026-05-11 00:00:00,2026-05-11 00:00:00,1,149.22,0.00,175.55,0.85,__NONE__,true,0.00,0.00,0.00,0.0,0.00,RPG000,STD,daily_trade_details,Cash Management – Brokered CDs
101493|1|V000018,101493,1,V000018,2843,FIX|,202605,2026-05-06 00:00:00,2026-05-06 00:00:00,4,690.68,0.00,812.56,0.85,__NONE__,true,0.00,0.00,0.00,0.0,0.00,,STD,daily_trade_details,Life & Annuities — FIX
101494|1|V000018,101494,1,V000018,2787,FIX|,202605,2026-05-12 00:00:00,2026-05-12 00:00:00,4,306.44,0.00,360.52,0.85,__NONE__,true,0.00,0.00,0.00,0.0,0.00,,STD,daily_trade_details,Life & Annuities — FIX
101495|1|V000018,101495,1,V000018,2829,VARI|,202605,2026-05-08 00:00:00,2026-05-08 00:00:00,5,540.69,0.00,636.11,0.85,__NONE__,true,0.00,0.00,0.00,0.0,0.00,,STD,daily_trade_details,Life & Annuities — VARI
101496|1|V000018,101496,1,V000018,2815,VARI|,202605,2026-05-21 00:00:00,2026-05-21 00:00:00,2,256.16,0.00,301.37,0.85,__NONE__,true,0.00,0.00,0.00,0.0,0.00,,STD,daily_trade_details,Life & Annuities — VARI
101497|1|V000018,101497,1,V000018,2801,LIFE|,202605,2026-05-18 00:00:00,2026-05-18 00:00:00,2,518.66,0.00,610.19,0.85,__NONE__,true,0.00,0.00,0.00,0.0,0.00,,STD,daily_trade_details,Life & Annuities — LIFE
101498|1|V000018,101498,1,V000018,2794,LIFE|,202605,2026-05-20 00:00:00,2026-05-20 00:00:00,3,0.00,342.79,403.29,0.85,ADJ,false,0.00,0.00,0.00,0.0,0.00,,STD,daily_trade_details,Life & Annuities — LIFE
101499|1|V000018,101499,1,V000018,2787,ALTI|,202605,2026-05-22 00:00:00,2026-05-22 00:00:00,3,311.46,0.00,366.42,0.85,__NONE__,true,0.00,0.00,0.00,0.0,0.00,,STD,daily_trade_details,Alternative Investments
101500|1|V000018,101500,1,V000018,2794,ALTI|,202605,2026-05-07 00:00:00,2026-05-07 00:00:00,3,590.81,0.00,695.07,0.85,__NONE__,true,0.00,0.00,0.00,0.0,0.00,,STD,daily_trade_details,Alternative Investments
101501|1|V000018,101501,1,V000018,2829,LEND|SBL,202605,2026-05-19 00:00:00,2026-05-19 00:00:00,2,677.33,0.00,796.86,0.85,__NONE__,true,0.00,0.00,0.00,0.0,0.00,,STD,daily_trade_details,Lending – Security Based Lending
101502|1|V000018,101502,1,V000018,2794,LEND|SBL,202605,2026-05-07 00:00:00,2026-05-07 00:00:00,2,1165.61,0.00,1371.31,0.85,__NONE__,true,0.00,0.00,0.00,0.0,0.00,,STD,daily_trade_details,Lending – Security Based Lending
101503|1|V000018,101503,1,V000018,2822,LEND|MGN,202605,2026-05-12 00:00:00,2026-05-12 00:00:00,1,675.34,0.00,794.52,0.85,__NONE__,true,0.00,0.00,0.00,0.0,0.00,RPG000,STD,daily_trade_details,Lending – Margin
101504|1|V000018,101504,1,V000018,2822,LEND|MGN,202605,2026-05-01 00:00:00,2026-05-01 00:00:00,4,599.99,0.00,705.87,0.85,__NONE__,true,0.00,0.00,0.00,0.0,0.00,RPG000,STD,daily_trade_details,Lending – Margin
101505|1|V000018,101505,1,V000018,2836,OISC|,202606,2026-06-09 00:00:00,2026-06-09 00:00:00,2,434.60,0.00,511.29,0.85,__NONE__,true,0.00,0.00,0.00,0.0,0.00,RPG002,STD,daily_trade_details,Managed Accounts — OISC
101506|1|V000018,101506,1,V000018,2850,OIS1|,202606,2026-06-04 00:00:00,2026-06-04 00:00:00,3,292.83,0.00,344.51,0.85,__NONE__,true,0.00,0.00,0.00,0.0,0.00,RPG004,STD,daily_trade_details,Managed Accounts — OIS1
101507|1|V000018,101507,1,V000018,2794,MAP|,202606,2026-06-04 00:00:00,2026-06-04 00:00:00,4,1029.41,0.00,1211.07,0.85,__NONE__,true,0.00,0.00,0.00,0.0,0.00,,STD,daily_trade_details,Managed Accounts — MAP
101508|1|V000018,101508,1,V000018,2808,ATMF|,202606,2026-06-02 00:00:00,2026-06-02 00:00:00,5,625.48,0.00,735.86,0.85,__NONE__,true,0.00,0.00,0.00,0.0,0.00,RPG026,STD,daily_trade_details,Trails – Mutual Funds
101509|1|V000018,101509,1,V000018,2850,MMKT|,202606,2026-06-15 00:00:00,2026-06-15 00:00:00,2,322.53,0.00,379.45,0.85,__NONE__,true,0.00,0.00,0.00,0.0,0.00,RPG004,STD,daily_trade_details,Cash Management – Money Market Funds
101510|1|V000018,101510,1,V000018,2808,PCS|,202606,2026-06-05 00:00:00,2026-06-05 00:00:00,2,259.68,0.00,305.50,0.85,__NONE__,true,0.00,0.00,0.00,0.0,0.00,RPG026,STD,daily_trade_details,Referrals & Revenue Share – Situational Partnership
101511|1|V000018,101511,1,V000018,2801,529T|,202606,2026-06-02 00:00:00,2026-06-02 00:00:00,1,576.22,0.00,677.91,0.85,__NONE__,true,0.00,0.00,0.00,0.0,0.00,,STD,daily_trade_details,529 Plans
101512|1|V000018,101512,1,V000018,2829,DAF|,202606,2026-06-16 00:00:00,2026-06-16 00:00:00,2,556.55,0.00,654.77,0.85,__NONE__,true,0.00,0.00,0.00,0.0,0.00,,STD,daily_trade_details,Donor Advised Funds
101513|1|V000018,101513,1,V000018,2808,MUFD|,202606,2026-06-11 00:00:00,2026-06-11 00:00:00,4,482.94,0.00,568.17,0.85,__NONE__,true,0.00,0.00,0.00,0.0,0.00,RPG026,STD,daily_trade_details,Mutual Funds
101514|1|V000018,101514,1,V000018,2787,FCXX|,202606,2026-06-05 00:00:00,2026-06-05 00:00:00,3,449.94,0.00,529.34,0.85,__NONE__,true,0.00,0.00,0.00,0.0,0.00,,STD,daily_trade_details,Fixed Income – Corporate Bonds
101515|1|V000018,101515,1,V000018,2829,FMXX|,202606,2026-06-03 00:00:00,2026-06-03 00:00:00,1,390.61,0.00,459.54,0.85,__NONE__,true,0.00,0.00,0.00,0.0,0.00,,STD,daily_trade_details,Fixed Income – Municipal Bonds
101516|1|V000018,101516,1,V000018,2787,FGXX|,202606,2026-06-04 00:00:00,2026-06-04 00:00:00,3,188.96,0.00,222.30,0.85,__NONE__,true,0.00,0.00,0.00,0.0,0.00,,STD,daily_trade_details,Fixed Income – Government Bonds
101517|1|V000018,101517,1,V000018,2836,FCOT|,202606,2026-06-09 00:00:00,2026-06-09 00:00:00,2,424.96,0.00,499.96,0.85,__NONE__,true,0.00,0.00,0.00,0.0,0.00,RPG002,STD,daily_trade_details,Fixed Income – Other
101518|1|V000018,101518,1,V000018,2815,FCCD|,202606,2026-06-05 00:00:00,2026-06-05 00:00:00,1,1116.52,0.00,1313.55,0.85,__NONE__,true,0.00,0.00,0.00,0.0,0.00,,STD,daily_trade_details,Cash Management – Brokered CDs
101519|1|V000018,101519,1,V000018,2794,FIX|,202606,2026-06-03 00:00:00,2026-06-03 00:00:00,3,827.36,0.00,973.37,0.85,__NONE__,true,0.00,0.00,0.00,0.0,0.00,,STD,daily_trade_details,Life & Annuities — FIX
101520|1|V000018,101520,1,V000018,2822,VARI|,202606,2026-06-15 00:00:00,2026-06-15 00:00:00,5,902.24,0.00,1061.46,0.85,__NONE__,true,0.00,0.00,0.00,0.0,0.00,RPG000,STD,daily_trade_details,Life & Annuities — VARI
101521|1|V000018,101521,1,V000018,2850,LIFE|,202606,2026-06-04 00:00:00,2026-06-04 00:00:00,5,519.60,0.00,611.29,0.85,__NONE__,true,0.00,0.00,0.00,0.0,0.00,RPG004,STD,daily_trade_details,Life & Annuities — LIFE
101522|1|V000018,101522,1,V000018,2829,ALTI|,202606,2026-06-16 00:00:00,2026-06-16 00:00:00,5,225.28,0.00,265.04,0.85,__NONE__,true,0.00,0.00,0.00,0.0,0.00,,STD,daily_trade_details,Alternative Investments
101523|1|V000018,101523,1,V000018,2794,LEND|SBL,202606,2026-06-16 00:00:00,2026-06-16 00:00:00,2,177.48,0.00,208.79,0.85,__NONE__,true,0.00,0.00,0.00,0.0,0.00,,STD,daily_trade_details,Lending – Security Based Lending
101524|1|V000018,101524,1,V000018,2808,LEND|MGN,202606,2026-06-02 00:00:00,2026-06-02 00:00:00,5,864.32,0.00,1016.85,0.85,__NONE__,true,0.00,0.00,0.00,0.0,0.00,RPG026,STD,daily_trade_details,Lending – Margin
101525|1|V000019,101525,1,V000019,2920,OISC|,202604,2026-04-09 00:00:00,2026-04-09 00:00:00,5,489.90,0.00,576.35,0.85,__NONE__,true,0.00,0.00,0.00,0.0,0.00,RPG007,STD,daily_trade_details,Managed Accounts — OISC
101526|1|V000019,101526,1,V000019,2871,OISC|,202604,2026-04-24 00:00:00,2026-04-24 00:00:00,3,180.34,0.00,212.17,0.85,__NONE__,true,0.00,0.00,0.00,0.0,0.00,,STD,daily_trade_details,Managed Accounts — OISC
101527|1|V000019,101527,1,V000019,2913,OIS1|,202604,2026-04-21 00:00:00,2026-04-21 00:00:00,1,1144.26,0.00,1346.18,0.85,__NONE__,true,0.00,0.00,0.00,0.0,0.00,RPG006,STD,daily_trade_details,Managed Accounts — OIS1
101528|1|V000019,101528,1,V000019,2899,OIS1|,202604,2026-04-23 00:00:00,2026-04-23 00:00:00,1,205.08,0.00,241.27,0.85,__NONE__,true,0.00,0.00,0.00,0.0,0.00,,STD,daily_trade_details,Managed Accounts — OIS1
101529|1|V000019,101529,1,V000019,2871,MAP|,202604,2026-04-07 00:00:00,2026-04-07 00:00:00,3,755.12,0.00,888.38,0.85,__NONE__,true,0.00,0.00,0.00,0.0,0.00,,STD,daily_trade_details,Managed Accounts — MAP
101530|1|V000019,101530,1,V000019,2857,MAP|,202604,2026-04-09 00:00:00,2026-04-09 00:00:00,4,1124.26,0.00,1322.65,0.85,__NONE__,true,0.00,0.00,0.00,0.0,0.00,RPG026,STD,daily_trade_details,Managed Accounts — MAP
101531|1|V000019,101531,1,V000019,2906,UMA|,202604,2026-04-03 00:00:00,2026-04-03 00:00:00,2,843.66,0.00,992.54,0.85,__NONE__,true,0.00,0.00,0.00,0.0,0.00,,STD,daily_trade_details,Managed – Unified Managed Accounts
101532|1|V000019,101532,1,V000019,2906,UMA|,202604,2026-04-17 00:00:00,2026-04-17 00:00:00,4,912.00,0.00,1072.95,0.85,__NONE__,true,0.00,0.00,0.00,0.0,0.00,,STD,daily_trade_details,Managed – Unified Managed Accounts
101533|1|V000019,101533,1,V000019,2920,ATMF|,202604,2026-04-08 00:00:00,2026-04-08 00:00:00,5,416.00,0.00,489.41,0.85,__NONE__,true,0.00,0.00,0.00,0.0,0.00,RPG007,STD,daily_trade_details,Trails – Mutual Funds
101534|1|V000019,101534,1,V000019,2878,ATMF|,202604,2026-04-23 00:00:00,2026-04-23 00:00:00,5,0.00,747.84,879.81,0.85,ADJ,false,0.00,0.00,0.00,0.0,0.00,,STD,daily_trade_details,Trails – Mutual Funds
101535|1|V000019,101535,1,V000019,2885,ADVA|,202604,2026-04-13 00:00:00,2026-04-13 00:00:00,5,449.03,0.00,528.27,0.85,__NONE__,true,0.00,0.00,0.00,0.0,0.00,,STD,daily_trade_details,Trails – Life & Annuities — ADVA
101536|1|V000019,101536,1,V000019,2864,ADVA|,202604,2026-04-14 00:00:00,2026-04-14 00:00:00,1,0.00,312.10,367.17,0.85,INELG,false,0.00,0.00,0.00,0.0,0.00,,STD,daily_trade_details,Trails – Life & Annuities — ADVA
101537|1|V000019,101537,1,V000019,2871,PRDP|,202604,2026-04-07 00:00:00,2026-04-07 00:00:00,3,1110.02,0.00,1305.90,0.85,__NONE__,true,0.00,0.00,0.00,0.0,0.00,,STD,daily_trade_details,Cash Management – Premium Deposits
101538|1|V000019,101538,1,V000019,2857,PRDP|,202604,2026-04-09 00:00:00,2026-04-09 00:00:00,5,799.90,0.00,941.06,0.85,__NONE__,true,0.00,0.00,0.00,0.0,0.00,RPG026,STD,daily_trade_details,Cash Management – Premium Deposits
101539|1|V000019,101539,1,V000019,2864,PCS|,202604,2026-04-28 00:00:00,2026-04-28 00:00:00,3,136.45,0.00,160.53,0.85,__NONE__,true,0.00,0.00,0.00,0.0,0.00,,STD,daily_trade_details,Referrals & Revenue Share – Situational Partnership
101540|1|V000019,101540,1,V000019,2892,PCS|,202604,2026-04-24 00:00:00,2026-04-24 00:00:00,3,221.16,0.00,260.19,0.85,__NONE__,true,0.00,0.00,0.00,0.0,0.00,,STD,daily_trade_details,Referrals & Revenue Share – Situational Partnership
101541|1|V000019,101541,1,V000019,2871,DAF|,202604,2026-04-15 00:00:00,2026-04-15 00:00:00,1,557.63,0.00,656.04,0.85,__NONE__,true,0.00,0.00,0.00,0.0,0.00,,STD,daily_trade_details,Donor Advised Funds
101542|1|V000019,101542,1,V000019,2857,DAF|,202604,2026-04-13 00:00:00,2026-04-13 00:00:00,2,987.77,0.00,1162.08,0.85,__NONE__,true,0.00,0.00,0.00,0.0,0.00,RPG026,STD,daily_trade_details,Donor Advised Funds
101543|1|V000019,101543,1,V000019,2885,STRT|,202604,2026-04-27 00:00:00,2026-04-27 00:00:00,1,1140.61,0.00,1341.90,0.85,__NONE__,true,0.00,0.00,0.00,0.0,0.00,,STD,daily_trade_details,Structured Products
101544|1|V000019,101544,1,V000019,2899,STRT|,202604,2026-04-29 00:00:00,2026-04-29 00:00:00,5,1113.75,0.00,1310.30,0.85,__NONE__,true,0.00,0.00,0.00,0.0,0.00,,STD,daily_trade_details,Structured Products
101545|1|V000019,101545,1,V000019,2913,FMXX|,202604,2026-04-15 00:00:00,2026-04-15 00:00:00,3,348.37,0.00,409.85,0.85,__NONE__,true,0.00,0.00,0.00,0.0,0.00,RPG006,STD,daily_trade_details,Fixed Income – Municipal Bonds
101546|1|V000019,101546,1,V000019,2878,FMXX|,202604,2026-04-17 00:00:00,2026-04-17 00:00:00,2,737.02,0.00,867.08,0.85,__NONE__,true,0.00,0.00,0.00,0.0,0.00,,STD,daily_trade_details,Fixed Income – Municipal Bonds
101547|1|V000019,101547,1,V000019,2906,FCOT|,202604,2026-04-16 00:00:00,2026-04-16 00:00:00,2,374.83,0.00,440.98,0.85,__NONE__,true,0.00,0.00,0.00,0.0,0.00,,STD,daily_trade_details,Fixed Income – Other
101548|1|V000019,101548,1,V000019,2906,FCOT|,202604,2026-04-08 00:00:00,2026-04-08 00:00:00,2,231.97,0.00,272.91,0.85,__NONE__,true,0.00,0.00,0.00,0.0,0.00,,STD,daily_trade_details,Fixed Income – Other
101549|1|V000019,101549,1,V000019,2878,FIX|,202604,2026-04-08 00:00:00,2026-04-08 00:00:00,3,724.60,0.00,852.47,0.85,__NONE__,true,0.00,0.00,0.00,0.0,0.00,,STD,daily_trade_details,Life & Annuities — FIX
101550|1|V000019,101550,1,V000019,2857,FIX|,202604,2026-04-17 00:00:00,2026-04-17 00:00:00,5,456.02,0.00,536.49,0.85,__NONE__,true,0.00,0.00,0.00,0.0,0.00,RPG026,STD,daily_trade_details,Life & Annuities — FIX
101551|1|V000019,101551,1,V000019,2878,LIFE|,202604,2026-04-10 00:00:00,2026-04-10 00:00:00,4,206.89,0.00,243.39,0.85,__NONE__,true,0.00,0.00,0.00,0.0,0.00,,STD,daily_trade_details,Life & Annuities — LIFE
101552|1|V000019,101552,1,V000019,2899,LIFE|,202604,2026-04-01 00:00:00,2026-04-01 00:00:00,5,238.74,0.00,280.87,0.85,__NONE__,true,0.00,0.00,0.00,0.0,0.00,,STD,daily_trade_details,Life & Annuities — LIFE
101553|1|V000019,101553,1,V000019,2864,ALTI|,202604,2026-04-29 00:00:00,2026-04-29 00:00:00,1,0.00,526.10,618.94,0.85,INELG,false,0.00,0.00,0.00,0.0,0.00,,STD,daily_trade_details,Alternative Investments
101554|1|V000019,101554,1,V000019,2871,ALTI|,202604,2026-04-07 00:00:00,2026-04-07 00:00:00,5,392.03,0.00,461.22,0.85,__NONE__,true,0.00,0.00,0.00,0.0,0.00,,STD,daily_trade_details,Alternative Investments
101555|1|V000019,101555,1,V000019,2857,LEND|SBL,202604,2026-04-24 00:00:00,2026-04-24 00:00:00,3,0.00,955.13,1123.69,0.85,INELG,false,0.00,0.00,0.00,0.0,0.00,RPG026,STD,daily_trade_details,Lending – Security Based Lending
101556|1|V000019,101556,1,V000019,2864,LEND|SBL,202604,2026-04-27 00:00:00,2026-04-27 00:00:00,4,344.40,0.00,405.18,0.85,__NONE__,true,0.00,0.00,0.00,0.0,0.00,,STD,daily_trade_details,Lending – Security Based Lending
101557|1|V000019,101557,1,V000019,2871,EDK|,202604,2026-04-10 00:00:00,2026-04-10 00:00:00,1,453.14,0.00,533.11,0.85,__NONE__,true,0.00,0.00,0.00,0.0,0.00,,STD,daily_trade_details,Referrals & Revenue Share – Everyday 401K
101558|1|V000019,101558,1,V000019,2913,EDK|,202604,2026-04-06 00:00:00,2026-04-06 00:00:00,1,851.26,0.00,1001.49,0.85,__NONE__,true,0.00,0.00,0.00,0.0,0.00,RPG006,STD,daily_trade_details,Referrals & Revenue Share – Everyday 401K
101559|1|V000019,101559,1,V000019,2857,OISC|,202605,2026-05-26 00:00:00,2026-05-26 00:00:00,4,249.86,0.00,293.96,0.85,__NONE__,true,0.00,0.00,0.00,0.0,0.00,RPG026,STD,daily_trade_details,Managed Accounts — OISC
101560|1|V000019,101560,1,V000019,2871,OISC|,202605,2026-05-12 00:00:00,2026-05-12 00:00:00,4,141.02,0.00,165.91,0.85,__NONE__,true,0.00,0.00,0.00,0.0,0.00,,STD,daily_trade_details,Managed Accounts — OISC
101561|1|V000019,101561,1,V000019,2899,OIS1|,202605,2026-05-12 00:00:00,2026-05-12 00:00:00,4,297.60,0.00,350.12,0.85,__NONE__,true,0.00,0.00,0.00,0.0,0.00,,STD,daily_trade_details,Managed Accounts — OIS1
101562|1|V000019,101562,1,V000019,2864,OIS1|,202605,2026-05-12 00:00:00,2026-05-12 00:00:00,1,666.58,0.00,784.21,0.85,__NONE__,true,0.00,0.00,0.00,0.0,0.00,,STD,daily_trade_details,Managed Accounts — OIS1
101563|1|V000019,101563,1,V000019,2885,MAP|,202605,2026-05-06 00:00:00,2026-05-06 00:00:00,3,522.48,0.00,614.68,0.85,__NONE__,true,0.00,0.00,0.00,0.0,0.00,,STD,daily_trade_details,Managed Accounts — MAP
101564|1|V000019,101564,1,V000019,2864,MAP|,202605,2026-05-08 00:00:00,2026-05-08 00:00:00,4,1099.10,0.00,1293.06,0.85,__NONE__,true,0.00,0.00,0.00,0.0,0.00,,STD,daily_trade_details,Managed Accounts — MAP
101565|1|V000019,101565,1,V000019,2913,UMA|,202605,2026-05-20 00:00:00,2026-05-20 00:00:00,2,498.42,0.00,586.37,0.85,__NONE__,true,0.00,0.00,0.00,0.0,0.00,RPG006,STD,daily_trade_details,Managed – Unified Managed Accounts
101566|1|V000019,101566,1,V000019,2885,UMA|,202605,2026-05-06 00:00:00,2026-05-06 00:00:00,3,808.98,0.00,951.74,0.85,__NONE__,true,0.00,0.00,0.00,0.0,0.00,,STD,daily_trade_details,Managed – Unified Managed Accounts
101567|1|V000019,101567,1,V000019,2906,ATMF|,202605,2026-05-05 00:00:00,2026-05-05 00:00:00,1,848.59,0.00,998.34,0.85,__NONE__,true,0.00,0.00,0.00,0.0,0.00,,STD,daily_trade_details,Trails – Mutual Funds
101568|1|V000019,101568,1,V000019,2871,ATMF|,202605,2026-05-07 00:00:00,2026-05-07 00:00:00,4,972.91,0.00,1144.60,0.85,__NONE__,true,0.00,0.00,0.00,0.0,0.00,,STD,daily_trade_details,Trails – Mutual Funds
101569|1|V000019,101569,1,V000019,2906,ADVA|,202605,2026-05-22 00:00:00,2026-05-22 00:00:00,1,912.45,0.00,1073.47,0.85,__NONE__,true,0.00,0.00,0.00,0.0,0.00,,STD,daily_trade_details,Trails – Life & Annuities — ADVA
101570|1|V000019,101570,1,V000019,2864,ADVA|,202605,2026-05-13 00:00:00,2026-05-13 00:00:00,2,758.72,0.00,892.62,0.85,__NONE__,true,0.00,0.00,0.00,0.0,0.00,,STD,daily_trade_details,Trails – Life & Annuities — ADVA
101571|1|V000019,101571,1,V000019,2864,PRDP|,202605,2026-05-19 00:00:00,2026-05-19 00:00:00,3,485.79,0.00,571.52,0.85,__NONE__,true,0.00,0.00,0.00,0.0,0.00,,STD,daily_trade_details,Cash Management – Premium Deposits
101572|1|V000019,101572,1,V000019,2892,PRDP|,202605,2026-05-20 00:00:00,2026-05-20 00:00:00,5,669.13,0.00,787.21,0.85,__NONE__,true,0.00,0.00,0.00,0.0,0.00,,STD,daily_trade_details,Cash Management – Premium Deposits
101573|1|V000019,101573,1,V000019,2892,PCS|,202605,2026-05-12 00:00:00,2026-05-12 00:00:00,4,287.79,0.00,338.58,0.85,__NONE__,true,0.00,0.00,0.00,0.0,0.00,,STD,daily_trade_details,Referrals & Revenue Share – Situational Partnership
101574|1|V000019,101574,1,V000019,2899,PCS|,202605,2026-05-22 00:00:00,2026-05-22 00:00:00,5,728.19,0.00,856.70,0.85,__NONE__,true,0.00,0.00,0.00,0.0,0.00,,STD,daily_trade_details,Referrals & Revenue Share – Situational Partnership
101575|1|V000019,101575,1,V000019,2913,DAF|,202605,2026-05-28 00:00:00,2026-05-28 00:00:00,4,1019.63,0.00,1199.57,0.85,__NONE__,true,0.00,0.00,0.00,0.0,0.00,RPG006,STD,daily_trade_details,Donor Advised Funds
101576|1|V000019,101576,1,V000019,2913,DAF|,202605,2026-05-12 00:00:00,2026-05-12 00:00:00,1,758.76,0.00,892.66,0.85,__NONE__,true,0.00,0.00,0.00,0.0,0.00,RPG006,STD,daily_trade_details,Donor Advised Funds
101577|1|V000019,101577,1,V000019,2878,STRT|,202605,2026-05-01 00:00:00,2026-05-01 00:00:00,3,527.20,0.00,620.23,0.85,__NONE__,true,0.00,0.00,0.00,0.0,0.00,,STD,daily_trade_details,Structured Products
101578|1|V000019,101578,1,V000019,2913,STRT|,202605,2026-05-06 00:00:00,2026-05-06 00:00:00,1,647.41,0.00,761.66,0.85,__NONE__,true,0.00,0.00,0.00,0.0,0.00,RPG006,STD,daily_trade_details,Structured Products
101579|1|V000019,101579,1,V000019,2892,FMXX|,202605,2026-05-07 00:00:00,2026-05-07 00:00:00,3,526.29,0.00,619.16,0.85,__NONE__,true,0.00,0.00,0.00,0.0,0.00,,STD,daily_trade_details,Fixed Income – Municipal Bonds
101580|1|V000019,101580,1,V000019,2906,FMXX|,202605,2026-05-20 00:00:00,2026-05-20 00:00:00,2,294.13,0.00,346.04,0.85,__NONE__,true,0.00,0.00,0.00,0.0,0.00,,STD,daily_trade_details,Fixed Income – Municipal Bonds
101581|1|V000019,101581,1,V000019,2878,FCOT|,202605,2026-05-06 00:00:00,2026-05-06 00:00:00,2,0.00,1026.51,1207.66,0.85,INELG,false,0.00,0.00,0.00,0.0,0.00,,STD,daily_trade_details,Fixed Income – Other
101582|1|V000019,101582,1,V000019,2899,FCOT|,202605,2026-05-20 00:00:00,2026-05-20 00:00:00,3,925.02,0.00,1088.26,0.85,__NONE__,true,0.00,0.00,0.00,0.0,0.00,,STD,daily_trade_details,Fixed Income – Other
101583|1|V000019,101583,1,V000019,2857,FIX|,202605,2026-05-05 00:00:00,2026-05-05 00:00:00,4,891.08,0.00,1048.33,0.85,__NONE__,true,0.00,0.00,0.00,0.0,0.00,RPG026,STD,daily_trade_details,Life & Annuities — FIX
101584|1|V000019,101584,1,V000019,2920,FIX|,202605,2026-05-07 00:00:00,2026-05-07 00:00:00,1,0.00,1072.20,1261.41,0.85,ADJ,false,0.00,0.00,0.00,0.0,0.00,RPG007,STD,daily_trade_details,Life & Annuities — FIX
101585|1|V000019,101585,1,V000019,2878,LIFE|,202605,2026-05-20 00:00:00,2026-05-20 00:00:00,2,222.28,0.00,261.51,0.85,__NONE__,true,0.00,0.00,0.00,0.0,0.00,,STD,daily_trade_details,Life & Annuities — LIFE
101586|1|V000019,101586,1,V000019,2871,LIFE|,202605,2026-05-26 00:00:00,2026-05-26 00:00:00,3,642.95,0.00,756.41,0.85,__NONE__,true,0.00,0.00,0.00,0.0,0.00,,STD,daily_trade_details,Life & Annuities — LIFE
101587|1|V000019,101587,1,V000019,2906,ALTI|,202605,2026-05-30 00:00:00,2026-05-30 00:00:00,1,580.56,0.00,683.01,0.85,__NONE__,true,0.00,0.00,0.00,0.0,0.00,,STD,daily_trade_details,Alternative Investments
101588|1|V000019,101588,1,V000019,2885,ALTI|,202605,2026-05-30 00:00:00,2026-05-30 00:00:00,1,258.92,0.00,304.61,0.85,__NONE__,true,0.00,0.00,0.00,0.0,0.00,,STD,daily_trade_details,Alternative Investments
101589|1|V000019,101589,1,V000019,2920,LEND|SBL,202605,2026-05-01 00:00:00,2026-05-01 00:00:00,4,944.36,0.00,1111.01,0.85,__NONE__,true,0.00,0.00,0.00,0.0,0.00,RPG007,STD,daily_trade_details,Lending – Security Based Lending
101590|1|V000019,101590,1,V000019,2899,LEND|SBL,202605,2026-05-27 00:00:00,2026-05-27 00:00:00,3,868.05,0.00,1021.24,0.85,__NONE__,true,0.00,0.00,0.00,0.0,0.00,,STD,daily_trade_details,Lending – Security Based Lending
101591|1|V000019,101591,1,V000019,2920,EDK|,202605,2026-05-20 00:00:00,2026-05-20 00:00:00,2,677.34,0.00,796.87,0.85,__NONE__,true,0.00,0.00,0.00,0.0,0.00,RPG007,STD,daily_trade_details,Referrals & Revenue Share – Everyday 401K
101592|1|V000019,101592,1,V000019,2885,EDK|,202605,2026-05-07 00:00:00,2026-05-07 00:00:00,2,1182.16,0.00,1390.77,0.85,__NONE__,true,0.00,0.00,0.00,0.0,0.00,,STD,daily_trade_details,Referrals & Revenue Share – Everyday 401K
101593|1|V000019,101593,1,V000019,2899,OISC|,202606,2026-06-03 00:00:00,2026-06-03 00:00:00,5,775.71,0.00,912.60,0.85,__NONE__,true,0.00,0.00,0.00,0.0,0.00,,STD,daily_trade_details,Managed Accounts — OISC
101594|1|V000019,101594,1,V000019,2920,OIS1|,202606,2026-06-10 00:00:00,2026-06-10 00:00:00,4,1006.17,0.00,1183.73,0.85,__NONE__,true,0.00,0.00,0.00,0.0,0.00,RPG007,STD,daily_trade_details,Managed Accounts — OIS1
101595|1|V000019,101595,1,V000019,2892,MAP|,202606,2026-06-09 00:00:00,2026-06-09 00:00:00,2,810.54,0.00,953.58,0.85,__NONE__,true,0.00,0.00,0.00,0.0,0.00,,STD,daily_trade_details,Managed Accounts — MAP
101596|1|V000019,101596,1,V000019,2857,UMA|,202606,2026-06-04 00:00:00,2026-06-04 00:00:00,3,966.46,0.00,1137.01,0.85,__NONE__,true,0.00,0.00,0.00,0.0,0.00,RPG026,STD,daily_trade_details,Managed – Unified Managed Accounts
101597|1|V000019,101597,1,V000019,2864,ATMF|,202606,2026-06-08 00:00:00,2026-06-08 00:00:00,1,243.05,0.00,285.95,0.85,__NONE__,true,0.00,0.00,0.00,0.0,0.00,,STD,daily_trade_details,Trails – Mutual Funds
101598|1|V000019,101598,1,V000019,2878,ADVA|,202606,2026-06-02 00:00:00,2026-06-02 00:00:00,2,427.08,0.00,502.45,0.85,__NONE__,true,0.00,0.00,0.00,0.0,0.00,,STD,daily_trade_details,Trails – Life & Annuities — ADVA
101599|1|V000019,101599,1,V000019,2920,PRDP|,202606,2026-06-04 00:00:00,2026-06-04 00:00:00,5,146.36,0.00,172.19,0.85,__NONE__,true,0.00,0.00,0.00,0.0,0.00,RPG007,STD,daily_trade_details,Cash Management – Premium Deposits
101600|1|V000019,101600,1,V000019,2878,PCS|,202606,2026-06-02 00:00:00,2026-06-02 00:00:00,5,0.00,795.73,936.16,0.85,ADJ,false,0.00,0.00,0.00,0.0,0.00,,STD,daily_trade_details,Referrals & Revenue Share – Situational Partnership
101601|1|V000019,101601,1,V000019,2920,DAF|,202606,2026-06-10 00:00:00,2026-06-10 00:00:00,1,181.45,0.00,213.46,0.85,__NONE__,true,0.00,0.00,0.00,0.0,0.00,RPG007,STD,daily_trade_details,Donor Advised Funds
101602|1|V000019,101602,1,V000019,2857,STRT|,202606,2026-06-01 00:00:00,2026-06-01 00:00:00,3,460.59,0.00,541.87,0.85,__NONE__,true,0.00,0.00,0.00,0.0,0.00,RPG026,STD,daily_trade_details,Structured Products
101603|1|V000019,101603,1,V000019,2885,FMXX|,202606,2026-06-08 00:00:00,2026-06-08 00:00:00,4,1127.29,0.00,1326.23,0.85,__NONE__,true,0.00,0.00,0.00,0.0,0.00,,STD,daily_trade_details,Fixed Income – Municipal Bonds
101604|1|V000019,101604,1,V000019,2892,FCOT|,202606,2026-06-02 00:00:00,2026-06-02 00:00:00,3,1142.94,0.00,1344.63,0.85,__NONE__,true,0.00,0.00,0.00,0.0,0.00,,STD,daily_trade_details,Fixed Income – Other
101605|1|V000019,101605,1,V000019,2899,FIX|,202606,2026-06-11 00:00:00,2026-06-11 00:00:00,2,1062.89,0.00,1250.46,0.85,__NONE__,true,0.00,0.00,0.00,0.0,0.00,,STD,daily_trade_details,Life & Annuities — FIX
101606|1|V000019,101606,1,V000019,2857,LIFE|,202606,2026-06-15 00:00:00,2026-06-15 00:00:00,1,742.73,0.00,873.80,0.85,__NONE__,true,0.00,0.00,0.00,0.0,0.00,RPG026,STD,daily_trade_details,Life & Annuities — LIFE
101607|1|V000019,101607,1,V000019,2885,ALTI|,202606,2026-06-02 00:00:00,2026-06-02 00:00:00,1,301.87,0.00,355.14,0.85,__NONE__,true,0.00,0.00,0.00,0.0,0.00,,STD,daily_trade_details,Alternative Investments
101608|1|V000019,101608,1,V000019,2878,LEND|SBL,202606,2026-06-16 00:00:00,2026-06-16 00:00:00,2,1050.36,0.00,1235.71,0.85,__NONE__,true,0.00,0.00,0.00,0.0,0.00,,STD,daily_trade_details,Lending – Security Based Lending
101609|1|V000019,101609,1,V000019,2871,EDK|,202606,2026-06-17 00:00:00,2026-06-17 00:00:00,5,1163.19,0.00,1368.45,0.85,__NONE__,true,0.00,0.00,0.00,0.0,0.00,,STD,daily_trade_details,Referrals & Revenue Share – Everyday 401K
101610|1|V000020,101610,1,V000020,2983,OISC|,202604,2026-04-07 00:00:00,2026-04-07 00:00:00,3,1097.79,0.00,1291.51,0.85,__NONE__,true,0.00,0.00,0.00,0.0,0.00,,STD,daily_trade_details,Managed Accounts — OISC
101611|1|V000020,101611,1,V000020,2955,OISC|,202604,2026-04-20 00:00:00,2026-04-20 00:00:00,1,507.93,0.00,597.56,0.85,__NONE__,true,0.00,0.00,0.00,0.0,0.00,,STD,daily_trade_details,Managed Accounts — OISC
101612|1|V000020,101612,1,V000020,2969,JPMC|,202604,2026-04-28 00:00:00,2026-04-28 00:00:00,1,382.48,0.00,449.98,0.85,__NONE__,true,0.00,0.00,0.00,0.0,0.00,,STD,daily_trade_details,Managed Accounts — JPMC
101613|1|V000020,101613,1,V000020,2941,JPMC|,202604,2026-04-06 00:00:00,2026-04-06 00:00:00,1,721.74,0.00,849.11,0.85,__NONE__,true,0.00,0.00,0.00,0.0,0.00,,STD,daily_trade_details,Managed Accounts — JPMC
101614|1|V000020,101614,1,V000020,2941,ATMF|,202604,2026-04-03 00:00:00,2026-04-03 00:00:00,4,928.14,0.00,1091.93,0.85,__NONE__,true,0.00,0.00,0.00,0.0,0.00,,STD,daily_trade_details,Trails – Mutual Funds
101615|1|V000020,101615,1,V000020,2934,ATMF|,202604,2026-04-14 00:00:00,2026-04-14 00:00:00,2,605.73,0.00,712.62,0.85,__NONE__,true,0.00,0.00,0.00,0.0,0.00,,STD,daily_trade_details,Trails – Mutual Funds
101616|1|V000020,101616,1,V000020,2934,PRDP|,202604,2026-04-03 00:00:00,2026-04-03 00:00:00,1,424.92,0.00,499.91,0.85,__NONE__,true,0.00,0.00,0.00,0.0,0.00,,STD,daily_trade_details,Cash Management – Premium Deposits
101617|1|V000020,101617,1,V000020,2941,PRDP|,202604,2026-04-22 00:00:00,2026-04-22 00:00:00,3,870.53,0.00,1024.15,0.85,__NONE__,true,0.00,0.00,0.00,0.0,0.00,,STD,daily_trade_details,Cash Management – Premium Deposits
101618|1|V000020,101618,1,V000020,2976,PCS|,202604,2026-04-06 00:00:00,2026-04-06 00:00:00,5,808.05,0.00,950.65,0.85,__NONE__,true,0.00,0.00,0.00,0.0,0.00,RPG008,STD,daily_trade_details,Referrals & Revenue Share – Situational Partnership
101619|1|V000020,101619,1,V000020,2976,PCS|,202604,2026-04-17 00:00:00,2026-04-17 00:00:00,4,175.98,0.00,207.03,0.85,__NONE__,true,0.00,0.00,0.00,0.0,0.00,RPG008,STD,daily_trade_details,Referrals & Revenue Share – Situational Partnership
101620|1|V000020,101620,1,V000020,2990,DAF|,202604,2026-04-16 00:00:00,2026-04-16 00:00:00,5,1084.24,0.00,1275.58,0.85,__NONE__,true,0.00,0.00,0.00,0.0,0.00,,STD,daily_trade_details,Donor Advised Funds
101621|1|V000020,101621,1,V000020,2990,DAF|,202604,2026-04-20 00:00:00,2026-04-20 00:00:00,5,1120.37,0.00,1318.08,0.85,__NONE__,true,0.00,0.00,0.00,0.0,0.00,,STD,daily_trade_details,Donor Advised Funds
101622|1|V000020,101622,1,V000020,2976,STRT|,202604,2026-04-02 00:00:00,2026-04-02 00:00:00,5,407.03,0.00,478.85,0.85,__NONE__,true,0.00,0.00,0.00,0.0,0.00,RPG008,STD,daily_trade_details,Structured Products
101623|1|V000020,101623,1,V000020,2927,STRT|,202604,2026-04-24 00:00:00,2026-04-24 00:00:00,1,901.98,0.00,1061.15,0.85,__NONE__,true,0.00,0.00,0.00,0.0,0.00,RPG001,STD,daily_trade_details,Structured Products
101624|1|V000020,101624,1,V000020,2941,FMXX|,202604,2026-04-08 00:00:00,2026-04-08 00:00:00,5,1017.92,0.00,1197.55,0.85,__NONE__,true,0.00,0.00,0.00,0.0,0.00,,STD,daily_trade_details,Fixed Income – Municipal Bonds
101625|1|V000020,101625,1,V000020,2969,FMXX|,202604,2026-04-21 00:00:00,2026-04-21 00:00:00,1,1018.71,0.00,1198.49,0.85,__NONE__,true,0.00,0.00,0.00,0.0,0.00,,STD,daily_trade_details,Fixed Income – Municipal Bonds
101626|1|V000020,101626,1,V000020,2962,FCOT|,202604,2026-04-21 00:00:00,2026-04-21 00:00:00,1,617.18,0.00,726.10,0.85,__NONE__,true,0.00,0.00,0.00,0.0,0.00,RPG006,STD,daily_trade_details,Fixed Income – Other
101627|1|V000020,101627,1,V000020,2934,FCOT|,202604,2026-04-17 00:00:00,2026-04-17 00:00:00,4,321.58,0.00,378.33,0.85,__NONE__,true,0.00,0.00,0.00,0.0,0.00,,STD,daily_trade_details,Fixed Income – Other
101628|1|V000020,101628,1,V000020,2948,FCCD|,202604,2026-04-15 00:00:00,2026-04-15 00:00:00,5,550.57,0.00,647.73,0.85,__NONE__,true,0.00,0.00,0.00,0.0,0.00,,STD,daily_trade_details,Cash Management – Brokered CDs
101629|1|V000020,101629,1,V000020,2976,FCCD|,202604,2026-04-06 00:00:00,2026-04-06 00:00:00,3,355.08,0.00,417.74,0.85,__NONE__,true,0.00,0.00,0.00,0.0,0.00,RPG008,STD,daily_trade_details,Cash Management – Brokered CDs
101630|1|V000020,101630,1,V000020,2976,ALTI|,202604,2026-04-22 00:00:00,2026-04-22 00:00:00,2,174.62,0.00,205.44,0.85,__NONE__,true,0.00,0.00,0.00,0.0,0.00,RPG008,STD,daily_trade_details,Alternative Investments
101631|1|V000020,101631,1,V000020,2948,ALTI|,202604,2026-04-02 00:00:00,2026-04-02 00:00:00,3,0.00,466.39,548.70,0.85,ADJ,false,0.00,0.00,0.00,0.0,0.00,,STD,daily_trade_details,Alternative Investments
101632|1|V000020,101632,1,V000020,2969,OISC|,202605,2026-05-11 00:00:00,2026-05-11 00:00:00,1,1187.98,0.00,1397.63,0.85,__NONE__,true,0.00,0.00,0.00,0.0,0.00,,STD,daily_trade_details,Managed Accounts — OISC
101633|1|V000020,101633,1,V000020,2969,OISC|,202605,2026-05-05 00:00:00,2026-05-05 00:00:00,2,428.79,0.00,504.46,0.85,__NONE__,true,0.00,0.00,0.00,0.0,0.00,,STD,daily_trade_details,Managed Accounts — OISC
101634|1|V000020,101634,1,V000020,2934,JPMC|,202605,2026-05-21 00:00:00,2026-05-21 00:00:00,4,433.14,0.00,509.58,0.85,__NONE__,true,0.00,0.00,0.00,0.0,0.00,,STD,daily_trade_details,Managed Accounts — JPMC
101635|1|V000020,101635,1,V000020,2983,JPMC|,202605,2026-05-08 00:00:00,2026-05-08 00:00:00,1,369.08,0.00,434.21,0.85,__NONE__,true,0.00,0.00,0.00,0.0,0.00,,STD,daily_trade_details,Managed Accounts — JPMC
101636|1|V000020,101636,1,V000020,2934,ATMF|,202605,2026-05-14 00:00:00,2026-05-14 00:00:00,2,1098.42,0.00,1292.26,0.85,__NONE__,true,0.00,0.00,0.00,0.0,0.00,,STD,daily_trade_details,Trails – Mutual Funds
101637|1|V000020,101637,1,V000020,2948,ATMF|,202605,2026-05-22 00:00:00,2026-05-22 00:00:00,5,513.88,0.00,604.56,0.85,__NONE__,true,0.00,0.00,0.00,0.0,0.00,,STD,daily_trade_details,Trails – Mutual Funds
101638|1|V000020,101638,1,V000020,2941,PRDP|,202605,2026-05-28 00:00:00,2026-05-28 00:00:00,4,1174.09,0.00,1381.28,0.85,__NONE__,true,0.00,0.00,0.00,0.0,0.00,,STD,daily_trade_details,Cash Management – Premium Deposits
101639|1|V000020,101639,1,V000020,2927,PRDP|,202605,2026-05-11 00:00:00,2026-05-11 00:00:00,1,740.58,0.00,871.28,0.85,__NONE__,true,0.00,0.00,0.00,0.0,0.00,RPG001,STD,daily_trade_details,Cash Management – Premium Deposits
101640|1|V000020,101640,1,V000020,2990,PCS|,202605,2026-05-15 00:00:00,2026-05-15 00:00:00,1,800.15,0.00,941.35,0.85,__NONE__,true,0.00,0.00,0.00,0.0,0.00,,STD,daily_trade_details,Referrals & Revenue Share – Situational Partnership
101641|1|V000020,101641,1,V000020,2941,PCS|,202605,2026-05-22 00:00:00,2026-05-22 00:00:00,3,1100.08,0.00,1294.21,0.85,__NONE__,true,0.00,0.00,0.00,0.0,0.00,,STD,daily_trade_details,Referrals & Revenue Share – Situational Partnership
101642|1|V000020,101642,1,V000020,2934,DAF|,202605,2026-05-13 00:00:00,2026-05-13 00:00:00,5,988.15,0.00,1162.53,0.85,__NONE__,true,0.00,0.00,0.00,0.0,0.00,,STD,daily_trade_details,Donor Advised Funds
101643|1|V000020,101643,1,V000020,2927,DAF|,202605,2026-05-07 00:00:00,2026-05-07 00:00:00,4,1198.35,0.00,1409.82,0.85,__NONE__,true,0.00,0.00,0.00,0.0,0.00,RPG001,STD,daily_trade_details,Donor Advised Funds
101644|1|V000020,101644,1,V000020,2990,STRT|,202605,2026-05-11 00:00:00,2026-05-11 00:00:00,4,244.11,0.00,287.19,0.85,__NONE__,true,0.00,0.00,0.00,0.0,0.00,,STD,daily_trade_details,Structured Products
101645|1|V000020,101645,1,V000020,2983,STRT|,202605,2026-05-11 00:00:00,2026-05-11 00:00:00,3,969.26,0.00,1140.31,0.85,__NONE__,true,0.00,0.00,0.00,0.0,0.00,,STD,daily_trade_details,Structured Products
101646|1|V000020,101646,1,V000020,2948,FMXX|,202605,2026-05-28 00:00:00,2026-05-28 00:00:00,1,1159.93,0.00,1364.63,0.85,__NONE__,true,0.00,0.00,0.00,0.0,0.00,,STD,daily_trade_details,Fixed Income – Municipal Bonds
101647|1|V000020,101647,1,V000020,2962,FMXX|,202605,2026-05-26 00:00:00,2026-05-26 00:00:00,1,0.00,1011.47,1189.96,0.85,ADJ,false,0.00,0.00,0.00,0.0,0.00,RPG006,STD,daily_trade_details,Fixed Income – Municipal Bonds
101648|1|V000020,101648,1,V000020,2976,FCOT|,202605,2026-05-20 00:00:00,2026-05-20 00:00:00,3,834.86,0.00,982.18,0.85,__NONE__,true,0.00,0.00,0.00,0.0,0.00,RPG008,STD,daily_trade_details,Fixed Income – Other
101649|1|V000020,101649,1,V000020,2962,FCOT|,202605,2026-05-15 00:00:00,2026-05-15 00:00:00,1,1026.90,0.00,1208.12,0.85,__NONE__,true,0.00,0.00,0.00,0.0,0.00,RPG006,STD,daily_trade_details,Fixed Income – Other
101650|1|V000020,101650,1,V000020,2941,FCCD|,202605,2026-05-27 00:00:00,2026-05-27 00:00:00,5,631.23,0.00,742.62,0.85,__NONE__,true,0.00,0.00,0.00,0.0,0.00,,STD,daily_trade_details,Cash Management – Brokered CDs
101651|1|V000020,101651,1,V000020,2941,FCCD|,202605,2026-05-20 00:00:00,2026-05-20 00:00:00,3,721.15,0.00,848.41,0.85,__NONE__,true,0.00,0.00,0.00,0.0,0.00,,STD,daily_trade_details,Cash Management – Brokered CDs
101652|1|V000020,101652,1,V000020,2990,ALTI|,202605,2026-05-06 00:00:00,2026-05-06 00:00:00,1,1144.43,0.00,1346.39,0.85,__NONE__,true,0.00,0.00,0.00,0.0,0.00,,STD,daily_trade_details,Alternative Investments
101653|1|V000020,101653,1,V000020,2934,ALTI|,202605,2026-05-06 00:00:00,2026-05-06 00:00:00,4,0.00,235.75,277.35,0.85,ADJ,false,0.00,0.00,0.00,0.0,0.00,,STD,daily_trade_details,Alternative Investments
101654|1|V000020,101654,1,V000020,2990,OISC|,202606,2026-06-10 00:00:00,2026-06-10 00:00:00,5,1094.68,0.00,1287.86,0.85,__NONE__,true,0.00,0.00,0.00,0.0,0.00,,STD,daily_trade_details,Managed Accounts — OISC
101655|1|V000020,101655,1,V000020,2990,JPMC|,202606,2026-06-09 00:00:00,2026-06-09 00:00:00,2,969.08,0.00,1140.09,0.85,__NONE__,true,0.00,0.00,0.00,0.0,0.00,,STD,daily_trade_details,Managed Accounts — JPMC
101656|1|V000020,101656,1,V000020,2948,ATMF|,202606,2026-06-02 00:00:00,2026-06-02 00:00:00,2,939.07,0.00,1104.79,0.85,__NONE__,true,0.00,0.00,0.00,0.0,0.00,,STD,daily_trade_details,Trails – Mutual Funds
101657|1|V000020,101657,1,V000020,2976,PRDP|,202606,2026-06-10 00:00:00,2026-06-10 00:00:00,4,1118.82,0.00,1316.26,0.85,__NONE__,true,0.00,0.00,0.00,0.0,0.00,RPG008,STD,daily_trade_details,Cash Management – Premium Deposits
101658|1|V000020,101658,1,V000020,2969,PCS|,202606,2026-06-04 00:00:00,2026-06-04 00:00:00,5,142.87,0.00,168.08,0.85,__NONE__,true,0.00,0.00,0.00,0.0,0.00,,STD,daily_trade_details,Referrals & Revenue Share – Situational Partnership
101659|1|V000020,101659,1,V000020,2955,DAF|,202606,2026-06-05 00:00:00,2026-06-05 00:00:00,4,411.98,0.00,484.68,0.85,__NONE__,true,0.00,0.00,0.00,0.0,0.00,,STD,daily_trade_details,Donor Advised Funds
101660|1|V000020,101660,1,V000020,2948,STRT|,202606,2026-06-01 00:00:00,2026-06-01 00:00:00,1,139.30,0.00,163.89,0.85,__NONE__,true,0.00,0.00,0.00,0.0,0.00,,STD,daily_trade_details,Structured Products
101661|1|V000020,101661,1,V000020,2927,FMXX|,202606,2026-06-11 00:00:00,2026-06-11 00:00:00,5,293.74,0.00,345.58,0.85,__NONE__,true,0.00,0.00,0.00,0.0,0.00,RPG001,STD,daily_trade_details,Fixed Income – Municipal Bonds
101662|1|V000020,101662,1,V000020,2962,FCOT|,202606,2026-06-09 00:00:00,2026-06-09 00:00:00,2,481.82,0.00,566.84,0.85,__NONE__,true,0.00,0.00,0.00,0.0,0.00,RPG006,STD,daily_trade_details,Fixed Income – Other
101663|1|V000020,101663,1,V000020,2983,FCCD|,202606,2026-06-16 00:00:00,2026-06-16 00:00:00,4,1142.56,0.00,1344.19,0.85,__NONE__,true,0.00,0.00,0.00,0.0,0.00,,STD,daily_trade_details,Cash Management – Brokered CDs
101664|1|V000020,101664,1,V000020,2927,ALTI|,202606,2026-06-03 00:00:00,2026-06-03 00:00:00,4,964.38,0.00,1134.56,0.85,__NONE__,true,0.00,0.00,0.00,0.0,0.00,RPG001,STD,daily_trade_details,Alternative Investments
101665|1|V000002,101665,1,V000002,3053,OISC|,202605,2026-05-15 00:00:00,2026-05-15 00:00:00,5,1262.81,0.00,1485.66,0.85,__NONE__,true,145.00,124.00,183.11,14.5,0.00,RPG900,DISC,daily_trade_details,Managed account fee — discounted
101666|1|V000002,101666,1,V000002,3053,OISC|,202606,2026-06-04 00:00:00,2026-06-04 00:00:00,1,595.77,0.00,700.91,0.85,__NONE__,true,145.00,124.00,86.39,14.5,0.00,RPG900,DISC,daily_trade_details,Managed account fee — discounted
101667|1|V000002,101667,1,V000002,3060,OISC|,202605,2026-05-30 00:00:00,2026-05-30 00:00:00,5,1353.83,0.00,1592.74,0.85,__NONE__,true,145.00,124.00,196.31,14.5,3.00,RPG900,DISC,daily_trade_details,Managed account fee — discounted
101668|1|V000002,101668,1,V000002,3060,OISC|,202606,2026-06-16 00:00:00,2026-06-16 00:00:00,3,917.63,0.00,1079.57,0.85,__NONE__,true,145.00,124.00,133.06,14.5,3.00,RPG900,DISC,daily_trade_details,Managed account fee — discounted
101669|1|V000002,101669,1,V000002,3067,OISC|,202605,2026-05-11 00:00:00,2026-05-11 00:00:00,1,1753.83,0.00,2063.33,0.85,__NONE__,true,145.00,124.00,254.31,14.5,0.00,RPG900,DISC,daily_trade_details,Managed account fee — discounted
101670|1|V000002,101670,1,V000002,3067,OISC|,202606,2026-06-09 00:00:00,2026-06-09 00:00:00,1,562.25,0.00,661.47,0.85,__NONE__,true,145.00,124.00,81.53,14.5,0.00,RPG900,DISC,daily_trade_details,Managed account fee — discounted
101671|1|V000002,101671,1,V000002,3074,OISC|,202605,2026-05-27 00:00:00,2026-05-27 00:00:00,1,925.04,0.00,1088.28,0.85,__NONE__,true,145.00,124.00,134.13,14.5,0.00,RPG900,DISC,daily_trade_details,Managed account fee — discounted
101672|1|V000002,101672,1,V000002,3074,OISC|,202606,2026-06-01 00:00:00,2026-06-01 00:00:00,2,808.35,0.00,951.00,0.85,__NONE__,true,145.00,124.00,117.21,14.5,0.00,RPG900,DISC,daily_trade_details,Managed account fee — discounted
101673|1|V000002,101673,1,V000002,3081,OISC|,202605,2026-05-18 00:00:00,2026-05-18 00:00:00,2,1471.02,0.00,1730.61,0.85,__NONE__,true,145.00,128.00,172.11,11.7,0.00,RPG900,DISC,daily_trade_details,Managed account fee — discounted
101674|1|V000002,101674,1,V000002,3081,OISC|,202606,2026-06-04 00:00:00,2026-06-04 00:00:00,3,637.57,0.00,750.08,0.85,__NONE__,true,145.00,128.00,74.60,11.7,0.00,RPG900,DISC,daily_trade_details,Managed account fee — discounted
101675|1|V000002,101675,1,V000002,3088,OISC|,202605,2026-05-12 00:00:00,2026-05-12 00:00:00,4,1381.88,0.00,1625.74,0.85,__NONE__,true,145.00,124.00,200.37,14.5,0.00,RPG900,DISC,daily_trade_details,Managed account fee — discounted
101676|1|V000002,101676,1,V000002,3088,OISC|,202606,2026-06-16 00:00:00,2026-06-16 00:00:00,1,910.49,0.00,1071.16,0.85,__NONE__,true,145.00,124.00,132.02,14.5,0.00,RPG900,DISC,daily_trade_details,Managed account fee — discounted
101677|1|V000003,101677,1,V000003,3095,OISC|,202605,2026-05-07 00:00:00,2026-05-07 00:00:00,1,974.67,0.00,1146.67,0.85,__NONE__,true,145.00,126.00,127.68,13.1,0.00,RPG901,DISC,daily_trade_details,Managed account fee — discounted
101678|1|V000003,101678,1,V000003,3095,OISC|,202606,2026-06-15 00:00:00,2026-06-15 00:00:00,1,842.60,0.00,991.29,0.85,__NONE__,true,145.00,126.00,110.38,13.1,0.00,RPG901,DISC,daily_trade_details,Managed account fee — discounted
101679|1|V000003,101679,1,V000003,3102,OISC|,202605,2026-05-29 00:00:00,2026-05-29 00:00:00,1,1313.21,0.00,1544.96,0.85,__NONE__,true,145.00,118.00,244.26,18.6,0.00,RPG901,DISC,daily_trade_details,Managed account fee — discounted
101680|1|V000003,101680,1,V000003,3102,OISC|,202606,2026-06-05 00:00:00,2026-06-05 00:00:00,3,569.35,0.00,669.83,0.85,__NONE__,true,145.00,118.00,105.90,18.6,0.00,RPG901,DISC,daily_trade_details,Managed account fee — discounted
101681|1|V000003,101681,1,V000003,3109,OISC|,202605,2026-05-22 00:00:00,2026-05-22 00:00:00,3,983.50,0.00,1157.06,0.85,__NONE__,true,145.00,124.00,142.61,14.5,0.00,RPG901,DISC,daily_trade_details,Managed account fee — discounted
101682|1|V000003,101682,1,V000003,3109,OISC|,202606,2026-06-04 00:00:00,2026-06-04 00:00:00,4,983.68,0.00,1157.28,0.85,__NONE__,true,145.00,124.00,142.63,14.5,0.00,RPG901,DISC,daily_trade_details,Managed account fee — discounted
101683|1|V000003,101683,1,V000003,3116,OISC|,202605,2026-05-01 00:00:00,2026-05-01 00:00:00,4,1341.93,0.00,1578.75,0.85,__NONE__,true,145.00,118.00,249.60,18.6,0.00,RPG901,DISC,daily_trade_details,Managed account fee — discounted
101684|1|V000003,101684,1,V000003,3116,OISC|,202606,2026-06-16 00:00:00,2026-06-16 00:00:00,1,552.12,0.00,649.56,0.85,__NONE__,true,145.00,118.00,102.70,18.6,0.00,RPG901,DISC,daily_trade_details,Managed account fee — discounted
101685|1|V000003,101685,1,V000003,3123,OISC|,202605,2026-05-19 00:00:00,2026-05-19 00:00:00,3,1518.60,0.00,1786.59,0.85,__NONE__,true,145.00,124.00,220.20,14.5,0.00,RPG901,DISC,daily_trade_details,Managed account fee — discounted
101686|1|V000003,101686,1,V000003,3123,OISC|,202606,2026-06-10 00:00:00,2026-06-10 00:00:00,2,840.11,0.00,988.37,0.85,__NONE__,true,145.00,124.00,121.82,14.5,0.00,RPG901,DISC,daily_trade_details,Managed account fee — discounted
101687|1|V000009,101687,1,V000009,2157,OISC|,202605,2026-05-08 00:00:00,2026-05-08 00:00:00,5,1168.88,0.00,1375.15,0.85,__NONE__,true,145.00,124.00,169.49,14.5,3.00,RPG024,DISC,daily_trade_details,Managed account fee — discounted
101688|1|V000009,101688,1,V000009,2157,OISC|,202606,2026-06-01 00:00:00,2026-06-01 00:00:00,1,838.91,0.00,986.95,0.85,__NONE__,true,145.00,124.00,121.64,14.5,3.00,RPG024,DISC,daily_trade_details,Managed account fee — discounted
101689|1|V000011,101689,1,V000011,2304,OISC|,202605,2026-05-22 00:00:00,2026-05-22 00:00:00,5,1794.37,0.00,2111.02,0.85,__NONE__,true,145.00,126.00,235.06,13.1,0.00,,DISC,daily_trade_details,Managed account fee — discounted
101690|1|V000011,101690,1,V000011,2304,OISC|,202606,2026-06-01 00:00:00,2026-06-01 00:00:00,2,822.85,0.00,968.06,0.85,__NONE__,true,145.00,126.00,107.79,13.1,0.00,,DISC,daily_trade_details,Managed account fee — discounted
101691|1|V000001,101691,1,V000001,1597,STRT|,202605,2026-05-13 00:00:00,2026-05-13 00:00:00,1,28608.74,0.00,33657.34,0.85,__NONE__,true,0.00,0.00,0.00,0.0,0.00,RPG000,STD,daily_trade_details,Syndicate allocation
101692|1|V000001,101692,1,V000001,1597,STRT|,202605,2026-05-01 00:00:00,2026-05-01 00:00:00,5,26964.23,0.00,31722.62,0.85,__NONE__,true,0.00,0.00,0.00,0.0,0.00,RPG000,STD,daily_trade_details,Syndicate allocation
101693|1|V000006,101693,1,V000006,1961,MISC|,202604,2026-04-23 00:00:00,2026-04-23 00:00:00,2,411.52,0.00,484.14,0.85,__NONE__,true,0.00,0.00,0.00,0.0,0.00,,STD,daily_trade_details,Unmapped level-two product
101694|1|V000006,101694,1,V000006,1961,MISC|,202605,2026-05-18 00:00:00,2026-05-18 00:00:00,1,508.15,0.00,597.83,0.85,__NONE__,true,0.00,0.00,0.00,0.0,0.00,,STD,daily_trade_details,Unmapped level-two product
